call_id,caller_id,receiver_id,caller_phone,receiver_phone,phase,timestamp,duration_seconds,recording_id,tower_id,source
CALL-0001,P089,P001,9995619255,9786579303,1,Phase-1,684,REC-0001,TWR-0017,call_records_synthetic
CALL-0002,P083,P001,9349957310,9786579303,1,Phase-1,144,REC-0002,TWR-0002,call_records_synthetic
CALL-0003,P003,P001,9126855092,9786579303,1,Phase-1,55,REC-0003,TWR-0017,call_records_synthetic
CALL-0004,P003,P001,9126855092,9786579303,1,Phase-1,789,REC-0004,TWR-0017,call_records_synthetic
CALL-0005,P088,P001,9782560971,9786579303,1,Phase-1,311,REC-0005,TWR-0025,call_records_synthetic
CALL-0006,P085,P001,9508157429,9786579303,1,Phase-1,280,REC-0006,TWR-0021,call_records_synthetic
CALL-0007,P001,P004,9786579303,9896233790,1,Phase-1,258,REC-0007,TWR-0027,call_records_synthetic
CALL-0008,P001,P089,9786579303,9995619255,1,Phase-1,172,REC-0008,TWR-0024,call_records_synthetic
CALL-0009,P001,P089,9786579303,9995619255,1,Phase-1,784,REC-0009,TWR-0014,call_records_synthetic
CALL-0010,P001,P089,9786579303,9995619255,1,Phase-1,134,REC-0010,TWR-0017,call_records_synthetic
CALL-0011,P001,P089,9786579303,9995619255,1,Phase-1,722,REC-0011,TWR-0025,call_records_synthetic
CALL-0012,P007,P089,9339670711,9995619255,1,Phase-1,788,REC-0012,TWR-0002,call_records_synthetic
CALL-0013,P007,P089,9339670711,9995619255,1,Phase-1,588,REC-0013,TWR-0025,call_records_synthetic
CALL-0014,P001,P003,9786579303,9126855092,1,Phase-1,119,REC-0014,TWR-0032,call_records_synthetic
CALL-0015,P001,P003,9786579303,9126855092,1,Phase-1,634,REC-0015,TWR-0016,call_records_synthetic
CALL-0016,P001,P003,9786579303,9126855092,1,Phase-1,462,REC-0016,TWR-0021,call_records_synthetic
CALL-0017,P001,P003,9786579303,9126855092,1,Phase-1,62,REC-0017,TWR-0015,call_records_synthetic
CALL-0018,P088,P003,9782560971,9126855092,1,Phase-1,60,REC-0018,TWR-0022,call_records_synthetic
CALL-0019,P001,P005,9786579303,9395310485,1,Phase-1,125,REC-0019,TWR-0027,call_records_synthetic
CALL-0020,P001,P005,9786579303,9395310485,1,Phase-1,253,REC-0020,TWR-0016,call_records_synthetic
CALL-0021,P001,P088,9786579303,9782560971,1,Phase-1,268,REC-0021,TWR-0016,call_records_synthetic
CALL-0022,P001,P088,9786579303,9782560971,1,Phase-1,547,REC-0022,TWR-0002,call_records_synthetic
CALL-0023,P003,P088,9126855092,9782560971,1,Phase-1,646,REC-0023,TWR-0022,call_records_synthetic
CALL-0024,P085,P088,9508157429,9782560971,1,Phase-1,57,REC-0024,TWR-0026,call_records_synthetic
CALL-0025,P085,P088,9508157429,9782560971,1,Phase-1,604,REC-0025,TWR-0003,call_records_synthetic
CALL-0026,P006,P088,9362950628,9782560971,1,Phase-1,233,REC-0026,TWR-0021,call_records_synthetic
CALL-0027,P001,P085,9786579303,9508157429,1,Phase-1,763,REC-0027,TWR-0006,call_records_synthetic
CALL-0028,P001,P085,9786579303,9508157429,1,Phase-1,695,REC-0028,TWR-0004,call_records_synthetic
CALL-0029,P001,P085,9786579303,9508157429,1,Phase-1,748,REC-0029,TWR-0030,call_records_synthetic
CALL-0030,P001,P085,9786579303,9508157429,1,Phase-1,588,REC-0030,TWR-0031,call_records_synthetic
CALL-0031,P001,P085,9786579303,9508157429,1,Phase-1,459,REC-0031,TWR-0003,call_records_synthetic
CALL-0032,P088,P085,9782560971,9508157429,1,Phase-1,255,REC-0032,TWR-0030,call_records_synthetic
CALL-0033,P088,P085,9782560971,9508157429,1,Phase-1,489,REC-0033,TWR-0010,call_records_synthetic
CALL-0034,P088,P085,9782560971,9508157429,1,Phase-1,633,REC-0034,TWR-0023,call_records_synthetic
CALL-0035,P001,P090,9786579303,9491735568,1,Phase-1,314,REC-0035,TWR-0025,call_records_synthetic
CALL-0036,P001,P002,9786579303,9219540831,1,Phase-1,858,REC-0036,TWR-0010,call_records_synthetic
CALL-0037,P001,P002,9786579303,9219540831,1,Phase-1,36,REC-0037,TWR-0020,call_records_synthetic
CALL-0038,P089,P007,9995619255,9339670711,1,Phase-1,807,REC-0038,TWR-0002,call_records_synthetic
CALL-0039,P089,P007,9995619255,9339670711,1,Phase-1,855,REC-0039,TWR-0005,call_records_synthetic
CALL-0040,P089,P007,9995619255,9339670711,1,Phase-1,193,REC-0040,TWR-0018,call_records_synthetic
CALL-0041,P001,P054,9786579303,9469319644,1,Phase-1,744,REC-0041,TWR-0020,call_records_synthetic
CALL-0042,P001,P054,9786579303,9469319644,1,Phase-1,462,REC-0042,TWR-0012,call_records_synthetic
CALL-0043,P083,P006,9349957310,9362950628,1,Phase-1,378,REC-0043,TWR-0011,call_records_synthetic
CALL-0044,P083,P006,9349957310,9362950628,1,Phase-1,314,REC-0044,TWR-0019,call_records_synthetic
CALL-0045,P083,P006,9349957310,9362950628,1,Phase-1,189,REC-0045,TWR-0020,call_records_synthetic
CALL-0046,P083,P006,9349957310,9362950628,1,Phase-1,250,REC-0046,TWR-0028,call_records_synthetic
CALL-0047,P083,P006,9349957310,9362950628,1,Phase-1,811,REC-0047,TWR-0009,call_records_synthetic
CALL-0048,P088,P006,9782560971,9362950628,1,Phase-1,374,REC-0048,TWR-0013,call_records_synthetic
CALL-0049,P085,P006,9508157429,9362950628,1,Phase-1,134,REC-0049,TWR-0018,call_records_synthetic
CALL-0050,P085,P006,9508157429,9362950628,1,Phase-1,124,REC-0050,TWR-0028,call_records_synthetic
CALL-0051,P085,P006,9508157429,9362950628,1,Phase-1,419,REC-0051,TWR-0017,call_records_synthetic
CALL-0052,P085,P006,9508157429,9362950628,1,Phase-1,129,REC-0052,TWR-0021,call_records_synthetic
CALL-0053,P085,P006,9508157429,9362950628,1,Phase-1,397,REC-0053,TWR-0008,call_records_synthetic
CALL-0054,P001,P064,9786579303,9234031070,1,Phase-1,897,REC-0054,TWR-0024,call_records_synthetic
CALL-0055,P001,P008,9786579303,9249827706,1,Phase-1,382,REC-0055,TWR-0011,call_records_synthetic
CALL-0056,P088,P001,9782560971,9786579303,2,Phase-2,648,REC-0056,TWR-0006,call_records_synthetic
CALL-0057,P086,P001,9398471886,9786579303,2,Phase-2,300,REC-0057,TWR-0018,call_records_synthetic
CALL-0058,P002,P001,9219540831,9786579303,2,Phase-2,856,REC-0058,TWR-0021,call_records_synthetic
CALL-0059,P002,P001,9219540831,9786579303,2,Phase-2,74,REC-0059,TWR-0007,call_records_synthetic
CALL-0060,P002,P001,9219540831,9786579303,2,Phase-2,777,REC-0060,TWR-0032,call_records_synthetic
CALL-0061,P002,P001,9219540831,9786579303,2,Phase-2,500,REC-0061,TWR-0030,call_records_synthetic
CALL-0062,P002,P001,9219540831,9786579303,2,Phase-2,579,REC-0062,TWR-0027,call_records_synthetic
CALL-0063,P008,P001,9249827706,9786579303,2,Phase-2,157,REC-0063,TWR-0031,call_records_synthetic
CALL-0064,P008,P001,9249827706,9786579303,2,Phase-2,417,REC-0064,TWR-0025,call_records_synthetic
CALL-0065,P008,P001,9249827706,9786579303,2,Phase-2,110,REC-0065,TWR-0022,call_records_synthetic
CALL-0066,P008,P001,9249827706,9786579303,2,Phase-2,595,REC-0066,TWR-0017,call_records_synthetic
CALL-0067,P008,P001,9249827706,9786579303,2,Phase-2,330,REC-0067,TWR-0026,call_records_synthetic
CALL-0068,P055,P001,9748245888,9786579303,2,Phase-2,879,REC-0068,TWR-0020,call_records_synthetic
CALL-0069,P047,P001,9919795579,9786579303,2,Phase-2,673,REC-0069,TWR-0031,call_records_synthetic
CALL-0070,P098,P001,9833953718,9786579303,2,Phase-2,663,REC-0070,TWR-0026,call_records_synthetic
CALL-0071,P012,P001,9895285932,9786579303,2,Phase-2,400,REC-0071,TWR-0009,call_records_synthetic
CALL-0072,P012,P001,9895285932,9786579303,2,Phase-2,621,REC-0072,TWR-0020,call_records_synthetic
CALL-0073,P001,P089,9786579303,9995619255,2,Phase-2,226,REC-0073,TWR-0019,call_records_synthetic
CALL-0074,P001,P089,9786579303,9995619255,2,Phase-2,751,REC-0074,TWR-0021,call_records_synthetic
CALL-0075,P001,P089,9786579303,9995619255,2,Phase-2,101,REC-0075,TWR-0029,call_records_synthetic
CALL-0076,P001,P089,9786579303,9995619255,2,Phase-2,76,REC-0076,TWR-0029,call_records_synthetic
CALL-0077,P001,P089,9786579303,9995619255,2,Phase-2,707,REC-0077,TWR-0019,call_records_synthetic
CALL-0078,P007,P089,9339670711,9995619255,2,Phase-2,263,REC-0078,TWR-0022,call_records_synthetic
CALL-0079,P001,P083,9786579303,9349957310,2,Phase-2,821,REC-0079,TWR-0026,call_records_synthetic
CALL-0080,P001,P083,9786579303,9349957310,2,Phase-2,326,REC-0080,TWR-0026,call_records_synthetic
CALL-0081,P001,P083,9786579303,9349957310,2,Phase-2,111,REC-0081,TWR-0020,call_records_synthetic
CALL-0082,P001,P083,9786579303,9349957310,2,Phase-2,268,REC-0082,TWR-0015,call_records_synthetic
CALL-0083,P001,P083,9786579303,9349957310,2,Phase-2,133,REC-0083,TWR-0003,call_records_synthetic
CALL-0084,P006,P083,9362950628,9349957310,2,Phase-2,419,REC-0084,TWR-0030,call_records_synthetic
CALL-0085,P001,P003,9786579303,9126855092,2,Phase-2,314,REC-0085,TWR-0027,call_records_synthetic
CALL-0086,P001,P003,9786579303,9126855092,2,Phase-2,494,REC-0086,TWR-0006,call_records_synthetic
CALL-0087,P001,P003,9786579303,9126855092,2,Phase-2,680,REC-0087,TWR-0019,call_records_synthetic
CALL-0088,P001,P003,9786579303,9126855092,2,Phase-2,884,REC-0088,TWR-0004,call_records_synthetic
CALL-0089,P001,P003,9786579303,9126855092,2,Phase-2,403,REC-0089,TWR-0011,call_records_synthetic
CALL-0090,P001,P005,9786579303,9395310485,2,Phase-2,196,REC-0090,TWR-0028,call_records_synthetic
CALL-0091,P001,P005,9786579303,9395310485,2,Phase-2,409,REC-0091,TWR-0030,call_records_synthetic
CALL-0092,P001,P005,9786579303,9395310485,2,Phase-2,393,REC-0092,TWR-0008,call_records_synthetic
CALL-0093,P001,P005,9786579303,9395310485,2,Phase-2,244,REC-0093,TWR-0019,call_records_synthetic
CALL-0094,P001,P005,9786579303,9395310485,2,Phase-2,716,REC-0094,TWR-0025,call_records_synthetic
CALL-0095,P001,P088,9786579303,9782560971,2,Phase-2,303,REC-0095,TWR-0021,call_records_synthetic
CALL-0096,P085,P088,9508157429,9782560971,2,Phase-2,748,REC-0096,TWR-0031,call_records_synthetic
CALL-0097,P001,P090,9786579303,9491735568,2,Phase-2,729,REC-0097,TWR-0020,call_records_synthetic
CALL-0098,P001,P090,9786579303,9491735568,2,Phase-2,693,REC-0098,TWR-0022,call_records_synthetic
CALL-0099,P001,P090,9786579303,9491735568,2,Phase-2,103,REC-0099,TWR-0024,call_records_synthetic
CALL-0100,P001,P002,9786579303,9219540831,2,Phase-2,653,REC-0100,TWR-0021,call_records_synthetic
CALL-0101,P001,P002,9786579303,9219540831,2,Phase-2,680,REC-0101,TWR-0001,call_records_synthetic
CALL-0102,P001,P002,9786579303,9219540831,2,Phase-2,205,REC-0102,TWR-0001,call_records_synthetic
CALL-0103,P001,P002,9786579303,9219540831,2,Phase-2,576,REC-0103,TWR-0032,call_records_synthetic
CALL-0104,P001,P002,9786579303,9219540831,2,Phase-2,776,REC-0104,TWR-0003,call_records_synthetic
CALL-0105,P089,P007,9995619255,9339670711,2,Phase-2,280,REC-0105,TWR-0012,call_records_synthetic
CALL-0106,P001,P064,9786579303,9234031070,2,Phase-2,197,REC-0106,TWR-0011,call_records_synthetic
CALL-0107,P001,P064,9786579303,9234031070,2,Phase-2,503,REC-0107,TWR-0027,call_records_synthetic
CALL-0108,P001,P064,9786579303,9234031070,2,Phase-2,418,REC-0108,TWR-0022,call_records_synthetic
CALL-0109,P008,P064,9249827706,9234031070,2,Phase-2,306,REC-0109,TWR-0014,call_records_synthetic
CALL-0110,P008,P064,9249827706,9234031070,2,Phase-2,685,REC-0110,TWR-0012,call_records_synthetic
CALL-0111,P001,P008,9786579303,9249827706,2,Phase-2,734,REC-0111,TWR-0027,call_records_synthetic
CALL-0112,P001,P008,9786579303,9249827706,2,Phase-2,600,REC-0112,TWR-0007,call_records_synthetic
CALL-0113,P001,P008,9786579303,9249827706,2,Phase-2,254,REC-0113,TWR-0012,call_records_synthetic
CALL-0114,P001,P008,9786579303,9249827706,2,Phase-2,731,REC-0114,TWR-0011,call_records_synthetic
CALL-0115,P001,P008,9786579303,9249827706,2,Phase-2,362,REC-0115,TWR-0023,call_records_synthetic
CALL-0116,P003,P008,9126855092,9249827706,2,Phase-2,893,REC-0116,TWR-0024,call_records_synthetic
CALL-0117,P001,P055,9786579303,9748245888,2,Phase-2,816,REC-0117,TWR-0022,call_records_synthetic
CALL-0118,P001,P055,9786579303,9748245888,2,Phase-2,824,REC-0118,TWR-0020,call_records_synthetic
CALL-0119,P001,P055,9786579303,9748245888,2,Phase-2,87,REC-0119,TWR-0002,call_records_synthetic
CALL-0120,P001,P055,9786579303,9748245888,2,Phase-2,264,REC-0120,TWR-0020,call_records_synthetic
CALL-0121,P001,P010,9786579303,9210053353,2,Phase-2,871,REC-0121,TWR-0014,call_records_synthetic
CALL-0122,P001,P010,9786579303,9210053353,2,Phase-2,62,REC-0122,TWR-0009,call_records_synthetic
CALL-0123,P001,P010,9786579303,9210053353,2,Phase-2,854,REC-0123,TWR-0024,call_records_synthetic
CALL-0124,P003,P010,9126855092,9210053353,2,Phase-2,353,REC-0124,TWR-0028,call_records_synthetic
CALL-0125,P001,P056,9786579303,9384027113,2,Phase-2,440,REC-0125,TWR-0008,call_records_synthetic
CALL-0126,P001,P097,9786579303,9853573823,2,Phase-2,304,REC-0126,TWR-0020,call_records_synthetic
CALL-0127,P001,P097,9786579303,9853573823,2,Phase-2,97,REC-0127,TWR-0003,call_records_synthetic
CALL-0128,P001,P047,9786579303,9919795579,2,Phase-2,246,REC-0128,TWR-0007,call_records_synthetic
CALL-0129,P001,P098,9786579303,9833953718,2,Phase-2,610,REC-0129,TWR-0001,call_records_synthetic
CALL-0130,P001,P076,9786579303,9174684276,2,Phase-2,765,REC-0130,TWR-0031,call_records_synthetic
CALL-0131,P001,P076,9786579303,9174684276,2,Phase-2,352,REC-0131,TWR-0019,call_records_synthetic
CALL-0132,P001,P076,9786579303,9174684276,2,Phase-2,247,REC-0132,TWR-0017,call_records_synthetic
CALL-0133,P001,P076,9786579303,9174684276,2,Phase-2,701,REC-0133,TWR-0007,call_records_synthetic
CALL-0134,P085,P076,9508157429,9174684276,2,Phase-2,541,REC-0134,TWR-0014,call_records_synthetic
CALL-0135,P001,P009,9786579303,9890779946,2,Phase-2,435,REC-0135,TWR-0028,call_records_synthetic
CALL-0136,P001,P009,9786579303,9890779946,2,Phase-2,688,REC-0136,TWR-0011,call_records_synthetic
CALL-0137,P001,P009,9786579303,9890779946,2,Phase-2,499,REC-0137,TWR-0011,call_records_synthetic
CALL-0138,P001,P009,9786579303,9890779946,2,Phase-2,176,REC-0138,TWR-0027,call_records_synthetic
CALL-0139,P001,P009,9786579303,9890779946,2,Phase-2,301,REC-0139,TWR-0032,call_records_synthetic
CALL-0140,P089,P011,9995619255,9826600539,2,Phase-2,172,REC-0140,TWR-0018,call_records_synthetic
CALL-0141,P088,P011,9782560971,9826600539,2,Phase-2,282,REC-0141,TWR-0023,call_records_synthetic
CALL-0142,P083,P001,9349957310,9786579303,3,Phase-3,792,REC-0142,TWR-0028,call_records_synthetic
CALL-0143,P083,P001,9349957310,9786579303,3,Phase-3,604,REC-0143,TWR-0007,call_records_synthetic
CALL-0144,P083,P001,9349957310,9786579303,3,Phase-3,581,REC-0144,TWR-0019,call_records_synthetic
CALL-0145,P083,P001,9349957310,9786579303,3,Phase-3,299,REC-0145,TWR-0001,call_records_synthetic
CALL-0146,P003,P001,9126855092,9786579303,3,Phase-3,794,REC-0146,TWR-0003,call_records_synthetic
CALL-0147,P086,P001,9398471886,9786579303,3,Phase-3,628,REC-0147,TWR-0022,call_records_synthetic
CALL-0148,P086,P001,9398471886,9786579303,3,Phase-3,468,REC-0148,TWR-0002,call_records_synthetic
CALL-0149,P086,P001,9398471886,9786579303,3,Phase-3,627,REC-0149,TWR-0010,call_records_synthetic
CALL-0150,P006,P001,9362950628,9786579303,3,Phase-3,438,REC-0150,TWR-0003,call_records_synthetic
CALL-0151,P006,P001,9362950628,9786579303,3,Phase-3,400,REC-0151,TWR-0005,call_records_synthetic
CALL-0152,P006,P001,9362950628,9786579303,3,Phase-3,254,REC-0152,TWR-0030,call_records_synthetic
CALL-0153,P076,P001,9174684276,9786579303,3,Phase-3,171,REC-0153,TWR-0024,call_records_synthetic
CALL-0154,P009,P001,9890779946,9786579303,3,Phase-3,551,REC-0154,TWR-0009,call_records_synthetic
CALL-0155,P011,P001,9826600539,9786579303,3,Phase-3,535,REC-0155,TWR-0004,call_records_synthetic
CALL-0156,P011,P001,9826600539,9786579303,3,Phase-3,123,REC-0156,TWR-0025,call_records_synthetic
CALL-0157,P011,P001,9826600539,9786579303,3,Phase-3,803,REC-0157,TWR-0017,call_records_synthetic
CALL-0158,P011,P001,9826600539,9786579303,3,Phase-3,78,REC-0158,TWR-0011,call_records_synthetic
CALL-0159,P011,P001,9826600539,9786579303,3,Phase-3,142,REC-0159,TWR-0015,call_records_synthetic
CALL-0160,P084,P001,9208449460,9786579303,3,Phase-3,186,REC-0160,TWR-0019,call_records_synthetic
CALL-0161,P084,P001,9208449460,9786579303,3,Phase-3,672,REC-0161,TWR-0009,call_records_synthetic
CALL-0162,P084,P001,9208449460,9786579303,3,Phase-3,193,REC-0162,TWR-0019,call_records_synthetic
CALL-0163,P084,P001,9208449460,9786579303,3,Phase-3,841,REC-0163,TWR-0022,call_records_synthetic
CALL-0164,P049,P001,9209747451,9786579303,3,Phase-3,726,REC-0164,TWR-0023,call_records_synthetic
CALL-0165,P049,P001,9209747451,9786579303,3,Phase-3,462,REC-0165,TWR-0026,call_records_synthetic
CALL-0166,P050,P001,9199585092,9786579303,3,Phase-3,640,REC-0166,TWR-0015,call_records_synthetic
CALL-0167,P001,P089,9786579303,9995619255,3,Phase-3,95,REC-0167,TWR-0006,call_records_synthetic
CALL-0168,P001,P089,9786579303,9995619255,3,Phase-3,424,REC-0168,TWR-0032,call_records_synthetic
CALL-0169,P001,P089,9786579303,9995619255,3,Phase-3,420,REC-0169,TWR-0005,call_records_synthetic
CALL-0170,P001,P089,9786579303,9995619255,3,Phase-3,640,REC-0170,TWR-0005,call_records_synthetic
CALL-0171,P001,P089,9786579303,9995619255,3,Phase-3,509,REC-0171,TWR-0018,call_records_synthetic
CALL-0172,P001,P083,9786579303,9349957310,3,Phase-3,571,REC-0172,TWR-0014,call_records_synthetic
CALL-0173,P001,P083,9786579303,9349957310,3,Phase-3,287,REC-0173,TWR-0032,call_records_synthetic
CALL-0174,P001,P083,9786579303,9349957310,3,Phase-3,596,REC-0174,TWR-0029,call_records_synthetic
CALL-0175,P001,P083,9786579303,9349957310,3,Phase-3,41,REC-0175,TWR-0001,call_records_synthetic
CALL-0176,P001,P083,9786579303,9349957310,3,Phase-3,726,REC-0176,TWR-0029,call_records_synthetic
CALL-0177,P086,P083,9398471886,9349957310,3,Phase-3,768,REC-0177,TWR-0017,call_records_synthetic
CALL-0178,P086,P083,9398471886,9349957310,3,Phase-3,147,REC-0178,TWR-0021,call_records_synthetic
CALL-0179,P049,P083,9209747451,9349957310,3,Phase-3,728,REC-0179,TWR-0001,call_records_synthetic
CALL-0180,P049,P083,9209747451,9349957310,3,Phase-3,579,REC-0180,TWR-0017,call_records_synthetic
CALL-0181,P049,P083,9209747451,9349957310,3,Phase-3,798,REC-0181,TWR-0032,call_records_synthetic
CALL-0182,P001,P003,9786579303,9126855092,3,Phase-3,303,REC-0182,TWR-0005,call_records_synthetic
CALL-0183,P001,P003,9786579303,9126855092,3,Phase-3,817,REC-0183,TWR-0005,call_records_synthetic
CALL-0184,P001,P003,9786579303,9126855092,3,Phase-3,686,REC-0184,TWR-0015,call_records_synthetic
CALL-0185,P001,P003,9786579303,9126855092,3,Phase-3,378,REC-0185,TWR-0026,call_records_synthetic
CALL-0186,P001,P003,9786579303,9126855092,3,Phase-3,144,REC-0186,TWR-0006,call_records_synthetic
CALL-0187,P086,P003,9398471886,9126855092,3,Phase-3,330,REC-0187,TWR-0009,call_records_synthetic
CALL-0188,P006,P003,9362950628,9126855092,3,Phase-3,475,REC-0188,TWR-0014,call_records_synthetic
CALL-0189,P011,P003,9826600539,9126855092,3,Phase-3,191,REC-0189,TWR-0023,call_records_synthetic
CALL-0190,P049,P003,9209747451,9126855092,3,Phase-3,494,REC-0190,TWR-0028,call_records_synthetic
CALL-0191,P099,P003,9795822698,9126855092,3,Phase-3,33,REC-0191,TWR-0011,call_records_synthetic
CALL-0192,P001,P005,9786579303,9395310485,3,Phase-3,769,REC-0192,TWR-0003,call_records_synthetic
CALL-0193,P001,P005,9786579303,9395310485,3,Phase-3,766,REC-0193,TWR-0026,call_records_synthetic
CALL-0194,P001,P005,9786579303,9395310485,3,Phase-3,299,REC-0194,TWR-0020,call_records_synthetic
CALL-0195,P001,P005,9786579303,9395310485,3,Phase-3,542,REC-0195,TWR-0018,call_records_synthetic
CALL-0196,P001,P005,9786579303,9395310485,3,Phase-3,810,REC-0196,TWR-0005,call_records_synthetic
CALL-0197,P004,P005,9896233790,9395310485,3,Phase-3,212,REC-0197,TWR-0032,call_records_synthetic
CALL-0198,P001,P048,9786579303,9461415646,3,Phase-3,549,REC-0198,TWR-0006,call_records_synthetic
CALL-0199,P001,P048,9786579303,9461415646,3,Phase-3,138,REC-0199,TWR-0030,call_records_synthetic
CALL-0200,P001,P085,9786579303,9508157429,3,Phase-3,670,REC-0200,TWR-0012,call_records_synthetic
CALL-0201,P001,P085,9786579303,9508157429,3,Phase-3,335,REC-0201,TWR-0010,call_records_synthetic
CALL-0202,P001,P085,9786579303,9508157429,3,Phase-3,891,REC-0202,TWR-0019,call_records_synthetic
CALL-0203,P001,P085,9786579303,9508157429,3,Phase-3,684,REC-0203,TWR-0027,call_records_synthetic
CALL-0204,P001,P085,9786579303,9508157429,3,Phase-3,549,REC-0204,TWR-0023,call_records_synthetic
CALL-0205,P003,P085,9126855092,9508157429,3,Phase-3,653,REC-0205,TWR-0010,call_records_synthetic
CALL-0206,P003,P085,9126855092,9508157429,3,Phase-3,233,REC-0206,TWR-0030,call_records_synthetic
CALL-0207,P003,P085,9126855092,9508157429,3,Phase-3,186,REC-0207,TWR-0020,call_records_synthetic
CALL-0208,P003,P085,9126855092,9508157429,3,Phase-3,412,REC-0208,TWR-0025,call_records_synthetic
CALL-0209,P088,P085,9782560971,9508157429,3,Phase-3,810,REC-0209,TWR-0022,call_records_synthetic
CALL-0210,P088,P085,9782560971,9508157429,3,Phase-3,195,REC-0210,TWR-0019,call_records_synthetic
CALL-0211,P088,P085,9782560971,9508157429,3,Phase-3,582,REC-0211,TWR-0017,call_records_synthetic
CALL-0212,P076,P085,9174684276,9508157429,3,Phase-3,827,REC-0212,TWR-0012,call_records_synthetic
CALL-0213,P076,P085,9174684276,9508157429,3,Phase-3,573,REC-0213,TWR-0017,call_records_synthetic
CALL-0214,P001,P090,9786579303,9491735568,3,Phase-3,30,REC-0214,TWR-0006,call_records_synthetic
CALL-0215,P001,P090,9786579303,9491735568,3,Phase-3,643,REC-0215,TWR-0026,call_records_synthetic
CALL-0216,P049,P090,9209747451,9491735568,3,Phase-3,361,REC-0216,TWR-0007,call_records_synthetic
CALL-0217,P001,P086,9786579303,9398471886,3,Phase-3,530,REC-0217,TWR-0021,call_records_synthetic
CALL-0218,P001,P086,9786579303,9398471886,3,Phase-3,49,REC-0218,TWR-0015,call_records_synthetic
CALL-0219,P001,P086,9786579303,9398471886,3,Phase-3,144,REC-0219,TWR-0010,call_records_synthetic
CALL-0220,P001,P086,9786579303,9398471886,3,Phase-3,401,REC-0220,TWR-0007,call_records_synthetic
CALL-0221,P001,P086,9786579303,9398471886,3,Phase-3,881,REC-0221,TWR-0025,call_records_synthetic
CALL-0222,P083,P086,9349957310,9398471886,3,Phase-3,856,REC-0222,TWR-0003,call_records_synthetic
CALL-0223,P083,P086,9349957310,9398471886,3,Phase-3,344,REC-0223,TWR-0010,call_records_synthetic
CALL-0224,P083,P086,9349957310,9398471886,3,Phase-3,275,REC-0224,TWR-0009,call_records_synthetic
CALL-0225,P083,P086,9349957310,9398471886,3,Phase-3,89,REC-0225,TWR-0001,call_records_synthetic
CALL-0226,P083,P086,9349957310,9398471886,3,Phase-3,276,REC-0226,TWR-0007,call_records_synthetic
CALL-0227,P003,P086,9126855092,9398471886,3,Phase-3,610,REC-0227,TWR-0002,call_records_synthetic
CALL-0228,P003,P086,9126855092,9398471886,3,Phase-3,110,REC-0228,TWR-0030,call_records_synthetic
CALL-0229,P003,P086,9126855092,9398471886,3,Phase-3,117,REC-0229,TWR-0019,call_records_synthetic
CALL-0230,P001,P002,9786579303,9219540831,3,Phase-3,779,REC-0230,TWR-0032,call_records_synthetic
CALL-0231,P001,P002,9786579303,9219540831,3,Phase-3,527,REC-0231,TWR-0025,call_records_synthetic
CALL-0232,P001,P002,9786579303,9219540831,3,Phase-3,865,REC-0232,TWR-0019,call_records_synthetic
CALL-0233,P001,P002,9786579303,9219540831,3,Phase-3,100,REC-0233,TWR-0003,call_records_synthetic
CALL-0234,P001,P002,9786579303,9219540831,3,Phase-3,808,REC-0234,TWR-0007,call_records_synthetic
CALL-0235,P001,P007,9786579303,9339670711,3,Phase-3,575,REC-0235,TWR-0011,call_records_synthetic
CALL-0236,P089,P007,9995619255,9339670711,3,Phase-3,814,REC-0236,TWR-0030,call_records_synthetic
CALL-0237,P001,P006,9786579303,9362950628,3,Phase-3,158,REC-0237,TWR-0026,call_records_synthetic
CALL-0238,P001,P006,9786579303,9362950628,3,Phase-3,161,REC-0238,TWR-0003,call_records_synthetic
CALL-0239,P001,P006,9786579303,9362950628,3,Phase-3,705,REC-0239,TWR-0032,call_records_synthetic
CALL-0240,P001,P006,9786579303,9362950628,3,Phase-3,516,REC-0240,TWR-0014,call_records_synthetic
CALL-0241,P083,P006,9349957310,9362950628,3,Phase-3,592,REC-0241,TWR-0025,call_records_synthetic
CALL-0242,P083,P006,9349957310,9362950628,3,Phase-3,199,REC-0242,TWR-0009,call_records_synthetic
CALL-0243,P088,P006,9782560971,9362950628,3,Phase-3,301,REC-0243,TWR-0002,call_records_synthetic
CALL-0244,P001,P008,9786579303,9249827706,3,Phase-3,570,REC-0244,TWR-0006,call_records_synthetic
CALL-0245,P001,P008,9786579303,9249827706,3,Phase-3,651,REC-0245,TWR-0002,call_records_synthetic
CALL-0246,P001,P008,9786579303,9249827706,3,Phase-3,463,REC-0246,TWR-0002,call_records_synthetic
CALL-0247,P009,P008,9890779946,9249827706,3,Phase-3,246,REC-0247,TWR-0007,call_records_synthetic
CALL-0248,P001,P055,9786579303,9748245888,3,Phase-3,582,REC-0248,TWR-0016,call_records_synthetic
CALL-0249,P001,P055,9786579303,9748245888,3,Phase-3,803,REC-0249,TWR-0017,call_records_synthetic
CALL-0250,P001,P055,9786579303,9748245888,3,Phase-3,777,REC-0250,TWR-0011,call_records_synthetic
CALL-0251,P001,P010,9786579303,9210053353,3,Phase-3,736,REC-0251,TWR-0014,call_records_synthetic
CALL-0252,P001,P010,9786579303,9210053353,3,Phase-3,235,REC-0252,TWR-0025,call_records_synthetic
CALL-0253,P001,P010,9786579303,9210053353,3,Phase-3,760,REC-0253,TWR-0032,call_records_synthetic
CALL-0254,P001,P056,9786579303,9384027113,3,Phase-3,349,REC-0254,TWR-0020,call_records_synthetic
CALL-0255,P001,P056,9786579303,9384027113,3,Phase-3,438,REC-0255,TWR-0023,call_records_synthetic
CALL-0256,P001,P076,9786579303,9174684276,3,Phase-3,717,REC-0256,TWR-0006,call_records_synthetic
CALL-0257,P001,P076,9786579303,9174684276,3,Phase-3,695,REC-0257,TWR-0022,call_records_synthetic
CALL-0258,P001,P076,9786579303,9174684276,3,Phase-3,412,REC-0258,TWR-0021,call_records_synthetic
CALL-0259,P001,P076,9786579303,9174684276,3,Phase-3,478,REC-0259,TWR-0028,call_records_synthetic
CALL-0260,P001,P076,9786579303,9174684276,3,Phase-3,559,REC-0260,TWR-0009,call_records_synthetic
CALL-0261,P001,P009,9786579303,9890779946,3,Phase-3,492,REC-0261,TWR-0025,call_records_synthetic
CALL-0262,P001,P009,9786579303,9890779946,3,Phase-3,153,REC-0262,TWR-0026,call_records_synthetic
CALL-0263,P001,P009,9786579303,9890779946,3,Phase-3,283,REC-0263,TWR-0028,call_records_synthetic
CALL-0264,P001,P009,9786579303,9890779946,3,Phase-3,260,REC-0264,TWR-0009,call_records_synthetic
CALL-0265,P001,P009,9786579303,9890779946,3,Phase-3,95,REC-0265,TWR-0014,call_records_synthetic
CALL-0266,P003,P009,9126855092,9890779946,3,Phase-3,376,REC-0266,TWR-0006,call_records_synthetic
CALL-0267,P003,P009,9126855092,9890779946,3,Phase-3,51,REC-0267,TWR-0029,call_records_synthetic
CALL-0268,P003,P009,9126855092,9890779946,3,Phase-3,632,REC-0268,TWR-0002,call_records_synthetic
CALL-0269,P003,P009,9126855092,9890779946,3,Phase-3,597,REC-0269,TWR-0027,call_records_synthetic
CALL-0270,P003,P009,9126855092,9890779946,3,Phase-3,265,REC-0270,TWR-0008,call_records_synthetic
CALL-0271,P013,P009,9685582861,9890779946,3,Phase-3,632,REC-0271,TWR-0006,call_records_synthetic
CALL-0272,P013,P009,9685582861,9890779946,3,Phase-3,255,REC-0272,TWR-0030,call_records_synthetic
CALL-0273,P051,P009,9507943839,9890779946,3,Phase-3,37,REC-0273,TWR-0021,call_records_synthetic
CALL-0274,P001,P034,9786579303,9732719211,3,Phase-3,102,REC-0274,TWR-0022,call_records_synthetic
CALL-0275,P001,P034,9786579303,9732719211,3,Phase-3,754,REC-0275,TWR-0019,call_records_synthetic
CALL-0276,P001,P034,9786579303,9732719211,3,Phase-3,676,REC-0276,TWR-0023,call_records_synthetic
CALL-0277,P002,P034,9219540831,9732719211,3,Phase-3,90,REC-0277,TWR-0010,call_records_synthetic
CALL-0278,P001,P035,9786579303,9398704996,3,Phase-3,264,REC-0278,TWR-0013,call_records_synthetic
CALL-0279,P083,P011,9349957310,9826600539,3,Phase-3,99,REC-0279,TWR-0008,call_records_synthetic
CALL-0280,P001,P032,9786579303,9336696312,3,Phase-3,62,REC-0280,TWR-0010,call_records_synthetic
CALL-0281,P002,P032,9219540831,9336696312,3,Phase-3,368,REC-0281,TWR-0005,call_records_synthetic
CALL-0282,P001,P084,9786579303,9208449460,3,Phase-3,102,REC-0282,TWR-0026,call_records_synthetic
CALL-0283,P001,P084,9786579303,9208449460,3,Phase-3,556,REC-0283,TWR-0030,call_records_synthetic
CALL-0284,P001,P084,9786579303,9208449460,3,Phase-3,273,REC-0284,TWR-0032,call_records_synthetic
CALL-0285,P001,P084,9786579303,9208449460,3,Phase-3,315,REC-0285,TWR-0032,call_records_synthetic
CALL-0286,P083,P084,9349957310,9208449460,3,Phase-3,715,REC-0286,TWR-0027,call_records_synthetic
CALL-0287,P083,P084,9349957310,9208449460,3,Phase-3,527,REC-0287,TWR-0010,call_records_synthetic
CALL-0288,P083,P084,9349957310,9208449460,3,Phase-3,249,REC-0288,TWR-0023,call_records_synthetic
CALL-0289,P049,P084,9209747451,9208449460,3,Phase-3,582,REC-0289,TWR-0028,call_records_synthetic
CALL-0290,P049,P084,9209747451,9208449460,3,Phase-3,165,REC-0290,TWR-0021,call_records_synthetic
CALL-0291,P001,P049,9786579303,9209747451,3,Phase-3,770,REC-0291,TWR-0025,call_records_synthetic
CALL-0292,P001,P049,9786579303,9209747451,3,Phase-3,614,REC-0292,TWR-0028,call_records_synthetic
CALL-0293,P001,P049,9786579303,9209747451,3,Phase-3,620,REC-0293,TWR-0012,call_records_synthetic
CALL-0294,P083,P107,9349957310,9275452091,3,Phase-3,514,REC-0294,TWR-0005,call_records_synthetic
CALL-0295,P083,P107,9349957310,9275452091,3,Phase-3,278,REC-0295,TWR-0027,call_records_synthetic
CALL-0296,P083,P107,9349957310,9275452091,3,Phase-3,833,REC-0296,TWR-0027,call_records_synthetic
CALL-0297,P086,P107,9398471886,9275452091,3,Phase-3,514,REC-0297,TWR-0005,call_records_synthetic
CALL-0298,P001,P050,9786579303,9199585092,3,Phase-3,856,REC-0298,TWR-0017,call_records_synthetic
CALL-0299,P001,P050,9786579303,9199585092,3,Phase-3,446,REC-0299,TWR-0015,call_records_synthetic
CALL-0300,P001,P050,9786579303,9199585092,3,Phase-3,224,REC-0300,TWR-0013,call_records_synthetic
CALL-0301,P003,P099,9126855092,9795822698,3,Phase-3,126,REC-0301,TWR-0020,call_records_synthetic
CALL-0302,P001,P013,9786579303,9685582861,3,Phase-3,129,REC-0302,TWR-0013,call_records_synthetic
CALL-0303,P001,P013,9786579303,9685582861,3,Phase-3,704,REC-0303,TWR-0003,call_records_synthetic
CALL-0304,P001,P012,9786579303,9895285932,3,Phase-3,471,REC-0304,TWR-0026,call_records_synthetic
CALL-0305,P001,P012,9786579303,9895285932,3,Phase-3,392,REC-0305,TWR-0013,call_records_synthetic
CALL-0306,P003,P012,9126855092,9895285932,3,Phase-3,463,REC-0306,TWR-0023,call_records_synthetic
CALL-0307,P003,P012,9126855092,9895285932,3,Phase-3,450,REC-0307,TWR-0029,call_records_synthetic
CALL-0308,P001,P052,9786579303,9203848421,3,Phase-3,508,REC-0308,TWR-0031,call_records_synthetic
CALL-0309,P083,P052,9349957310,9203848421,3,Phase-3,776,REC-0309,TWR-0021,call_records_synthetic
CALL-0310,P083,P052,9349957310,9203848421,3,Phase-3,85,REC-0310,TWR-0006,call_records_synthetic
CALL-0311,P084,P052,9208449460,9203848421,3,Phase-3,719,REC-0311,TWR-0006,call_records_synthetic
CALL-0312,P084,P052,9208449460,9203848421,3,Phase-3,699,REC-0312,TWR-0023,call_records_synthetic
CALL-0313,P089,P001,9995619255,9786579303,4,Phase-4,691,REC-0313,TWR-0006,call_records_synthetic
CALL-0314,P003,P001,9126855092,9786579303,4,Phase-4,130,REC-0314,TWR-0022,call_records_synthetic
CALL-0315,P003,P001,9126855092,9786579303,4,Phase-4,92,REC-0315,TWR-0024,call_records_synthetic
CALL-0316,P003,P001,9126855092,9786579303,4,Phase-4,442,REC-0316,TWR-0019,call_records_synthetic
CALL-0317,P003,P001,9126855092,9786579303,4,Phase-4,775,REC-0317,TWR-0011,call_records_synthetic
CALL-0318,P003,P001,9126855092,9786579303,4,Phase-4,377,REC-0318,TWR-0016,call_records_synthetic
CALL-0319,P005,P001,9395310485,9786579303,4,Phase-4,849,REC-0319,TWR-0003,call_records_synthetic
CALL-0320,P005,P001,9395310485,9786579303,4,Phase-4,141,REC-0320,TWR-0006,call_records_synthetic
CALL-0321,P005,P001,9395310485,9786579303,4,Phase-4,284,REC-0321,TWR-0012,call_records_synthetic
CALL-0322,P085,P001,9508157429,9786579303,4,Phase-4,226,REC-0322,TWR-0018,call_records_synthetic
CALL-0323,P085,P001,9508157429,9786579303,4,Phase-4,224,REC-0323,TWR-0029,call_records_synthetic
CALL-0324,P085,P001,9508157429,9786579303,4,Phase-4,579,REC-0324,TWR-0017,call_records_synthetic
CALL-0325,P085,P001,9508157429,9786579303,4,Phase-4,489,REC-0325,TWR-0027,call_records_synthetic
CALL-0326,P085,P001,9508157429,9786579303,4,Phase-4,173,REC-0326,TWR-0032,call_records_synthetic
CALL-0327,P090,P001,9491735568,9786579303,4,Phase-4,462,REC-0327,TWR-0004,call_records_synthetic
CALL-0328,P086,P001,9398471886,9786579303,4,Phase-4,217,REC-0328,TWR-0008,call_records_synthetic
CALL-0329,P086,P001,9398471886,9786579303,4,Phase-4,315,REC-0329,TWR-0024,call_records_synthetic
CALL-0330,P086,P001,9398471886,9786579303,4,Phase-4,503,REC-0330,TWR-0017,call_records_synthetic
CALL-0331,P002,P001,9219540831,9786579303,4,Phase-4,285,REC-0331,TWR-0014,call_records_synthetic
CALL-0332,P002,P001,9219540831,9786579303,4,Phase-4,107,REC-0332,TWR-0030,call_records_synthetic
CALL-0333,P002,P001,9219540831,9786579303,4,Phase-4,483,REC-0333,TWR-0005,call_records_synthetic
CALL-0334,P006,P001,9362950628,9786579303,4,Phase-4,857,REC-0334,TWR-0017,call_records_synthetic
CALL-0335,P006,P001,9362950628,9786579303,4,Phase-4,593,REC-0335,TWR-0011,call_records_synthetic
CALL-0336,P006,P001,9362950628,9786579303,4,Phase-4,130,REC-0336,TWR-0029,call_records_synthetic
CALL-0337,P006,P001,9362950628,9786579303,4,Phase-4,81,REC-0337,TWR-0015,call_records_synthetic
CALL-0338,P006,P001,9362950628,9786579303,4,Phase-4,697,REC-0338,TWR-0014,call_records_synthetic
CALL-0339,P011,P001,9826600539,9786579303,4,Phase-4,583,REC-0339,TWR-0019,call_records_synthetic
CALL-0340,P011,P001,9826600539,9786579303,4,Phase-4,886,REC-0340,TWR-0018,call_records_synthetic
CALL-0341,P011,P001,9826600539,9786579303,4,Phase-4,45,REC-0341,TWR-0010,call_records_synthetic
CALL-0342,P011,P001,9826600539,9786579303,4,Phase-4,125,REC-0342,TWR-0010,call_records_synthetic
CALL-0343,P011,P001,9826600539,9786579303,4,Phase-4,801,REC-0343,TWR-0008,call_records_synthetic
CALL-0344,P053,P001,9485451171,9786579303,4,Phase-4,899,REC-0344,TWR-0001,call_records_synthetic
CALL-0345,P084,P001,9208449460,9786579303,4,Phase-4,272,REC-0345,TWR-0031,call_records_synthetic
CALL-0346,P001,P004,9786579303,9896233790,4,Phase-4,200,REC-0346,TWR-0001,call_records_synthetic
CALL-0347,P001,P089,9786579303,9995619255,4,Phase-4,446,REC-0347,TWR-0022,call_records_synthetic
CALL-0348,P001,P089,9786579303,9995619255,4,Phase-4,527,REC-0348,TWR-0032,call_records_synthetic
CALL-0349,P001,P089,9786579303,9995619255,4,Phase-4,522,REC-0349,TWR-0023,call_records_synthetic
CALL-0350,P001,P089,9786579303,9995619255,4,Phase-4,248,REC-0350,TWR-0027,call_records_synthetic
CALL-0351,P001,P089,9786579303,9995619255,4,Phase-4,440,REC-0351,TWR-0024,call_records_synthetic
CALL-0352,P007,P089,9339670711,9995619255,4,Phase-4,90,REC-0352,TWR-0009,call_records_synthetic
CALL-0353,P007,P089,9339670711,9995619255,4,Phase-4,198,REC-0353,TWR-0031,call_records_synthetic
CALL-0354,P007,P089,9339670711,9995619255,4,Phase-4,418,REC-0354,TWR-0013,call_records_synthetic
CALL-0355,P001,P083,9786579303,9349957310,4,Phase-4,32,REC-0355,TWR-0031,call_records_synthetic
CALL-0356,P001,P083,9786579303,9349957310,4,Phase-4,429,REC-0356,TWR-0004,call_records_synthetic
CALL-0357,P001,P083,9786579303,9349957310,4,Phase-4,301,REC-0357,TWR-0029,call_records_synthetic
CALL-0358,P001,P083,9786579303,9349957310,4,Phase-4,832,REC-0358,TWR-0026,call_records_synthetic
CALL-0359,P001,P083,9786579303,9349957310,4,Phase-4,833,REC-0359,TWR-0027,call_records_synthetic
CALL-0360,P086,P083,9398471886,9349957310,4,Phase-4,495,REC-0360,TWR-0010,call_records_synthetic
CALL-0361,P086,P083,9398471886,9349957310,4,Phase-4,322,REC-0361,TWR-0018,call_records_synthetic
CALL-0362,P086,P083,9398471886,9349957310,4,Phase-4,463,REC-0362,TWR-0003,call_records_synthetic
CALL-0363,P086,P083,9398471886,9349957310,4,Phase-4,743,REC-0363,TWR-0005,call_records_synthetic
CALL-0364,P086,P083,9398471886,9349957310,4,Phase-4,778,REC-0364,TWR-0012,call_records_synthetic
CALL-0365,P084,P083,9208449460,9349957310,4,Phase-4,832,REC-0365,TWR-0012,call_records_synthetic
CALL-0366,P052,P083,9203848421,9349957310,4,Phase-4,599,REC-0366,TWR-0003,call_records_synthetic
CALL-0367,P052,P083,9203848421,9349957310,4,Phase-4,707,REC-0367,TWR-0007,call_records_synthetic
CALL-0368,P052,P083,9203848421,9349957310,4,Phase-4,765,REC-0368,TWR-0011,call_records_synthetic
CALL-0369,P052,P083,9203848421,9349957310,4,Phase-4,528,REC-0369,TWR-0031,call_records_synthetic
CALL-0370,P001,P003,9786579303,9126855092,4,Phase-4,188,REC-0370,TWR-0013,call_records_synthetic
CALL-0371,P001,P003,9786579303,9126855092,4,Phase-4,224,REC-0371,TWR-0006,call_records_synthetic
CALL-0372,P001,P003,9786579303,9126855092,4,Phase-4,333,REC-0372,TWR-0001,call_records_synthetic
CALL-0373,P001,P003,9786579303,9126855092,4,Phase-4,252,REC-0373,TWR-0030,call_records_synthetic
CALL-0374,P001,P003,9786579303,9126855092,4,Phase-4,89,REC-0374,TWR-0020,call_records_synthetic
CALL-0375,P085,P003,9508157429,9126855092,4,Phase-4,623,REC-0375,TWR-0027,call_records_synthetic
CALL-0376,P085,P003,9508157429,9126855092,4,Phase-4,783,REC-0376,TWR-0012,call_records_synthetic
CALL-0377,P090,P003,9491735568,9126855092,4,Phase-4,585,REC-0377,TWR-0031,call_records_synthetic
CALL-0378,P012,P003,9895285932,9126855092,4,Phase-4,92,REC-0378,TWR-0009,call_records_synthetic
CALL-0379,P001,P005,9786579303,9395310485,4,Phase-4,795,REC-0379,TWR-0027,call_records_synthetic
CALL-0380,P001,P005,9786579303,9395310485,4,Phase-4,351,REC-0380,TWR-0017,call_records_synthetic
CALL-0381,P001,P005,9786579303,9395310485,4,Phase-4,88,REC-0381,TWR-0029,call_records_synthetic
CALL-0382,P001,P005,9786579303,9395310485,4,Phase-4,81,REC-0382,TWR-0009,call_records_synthetic
CALL-0383,P001,P005,9786579303,9395310485,4,Phase-4,628,REC-0383,TWR-0009,call_records_synthetic
CALL-0384,P001,P088,9786579303,9782560971,4,Phase-4,518,REC-0384,TWR-0023,call_records_synthetic
CALL-0385,P001,P088,9786579303,9782560971,4,Phase-4,544,REC-0385,TWR-0026,call_records_synthetic
CALL-0386,P001,P088,9786579303,9782560971,4,Phase-4,573,REC-0386,TWR-0022,call_records_synthetic
CALL-0387,P001,P088,9786579303,9782560971,4,Phase-4,191,REC-0387,TWR-0002,call_records_synthetic
CALL-0388,P001,P088,9786579303,9782560971,4,Phase-4,88,REC-0388,TWR-0030,call_records_synthetic
CALL-0389,P085,P088,9508157429,9782560971,4,Phase-4,550,REC-0389,TWR-0010,call_records_synthetic
CALL-0390,P085,P088,9508157429,9782560971,4,Phase-4,112,REC-0390,TWR-0029,call_records_synthetic
CALL-0391,P085,P088,9508157429,9782560971,4,Phase-4,220,REC-0391,TWR-0022,call_records_synthetic
CALL-0392,P085,P088,9508157429,9782560971,4,Phase-4,100,REC-0392,TWR-0002,call_records_synthetic
CALL-0393,P085,P088,9508157429,9782560971,4,Phase-4,639,REC-0393,TWR-0010,call_records_synthetic
CALL-0394,P001,P085,9786579303,9508157429,4,Phase-4,99,REC-0394,TWR-0026,call_records_synthetic
CALL-0395,P001,P085,9786579303,9508157429,4,Phase-4,721,REC-0395,TWR-0021,call_records_synthetic
CALL-0396,P001,P085,9786579303,9508157429,4,Phase-4,270,REC-0396,TWR-0029,call_records_synthetic
CALL-0397,P001,P085,9786579303,9508157429,4,Phase-4,443,REC-0397,TWR-0013,call_records_synthetic
CALL-0398,P001,P085,9786579303,9508157429,4,Phase-4,152,REC-0398,TWR-0017,call_records_synthetic
CALL-0399,P083,P085,9349957310,9508157429,4,Phase-4,613,REC-0399,TWR-0009,call_records_synthetic
CALL-0400,P003,P085,9126855092,9508157429,4,Phase-4,282,REC-0400,TWR-0011,call_records_synthetic
CALL-0401,P003,P085,9126855092,9508157429,4,Phase-4,622,REC-0401,TWR-0016,call_records_synthetic
CALL-0402,P003,P085,9126855092,9508157429,4,Phase-4,638,REC-0402,TWR-0008,call_records_synthetic
CALL-0403,P088,P085,9782560971,9508157429,4,Phase-4,70,REC-0403,TWR-0007,call_records_synthetic
CALL-0404,P088,P085,9782560971,9508157429,4,Phase-4,664,REC-0404,TWR-0029,call_records_synthetic
CALL-0405,P076,P085,9174684276,9508157429,4,Phase-4,113,REC-0405,TWR-0010,call_records_synthetic
CALL-0406,P076,P085,9174684276,9508157429,4,Phase-4,459,REC-0406,TWR-0025,call_records_synthetic
CALL-0407,P076,P085,9174684276,9508157429,4,Phase-4,703,REC-0407,TWR-0001,call_records_synthetic
CALL-0408,P076,P085,9174684276,9508157429,4,Phase-4,627,REC-0408,TWR-0029,call_records_synthetic
CALL-0409,P076,P085,9174684276,9508157429,4,Phase-4,608,REC-0409,TWR-0013,call_records_synthetic
CALL-0410,P001,P090,9786579303,9491735568,4,Phase-4,565,REC-0410,TWR-0007,call_records_synthetic
CALL-0411,P001,P086,9786579303,9398471886,4,Phase-4,353,REC-0411,TWR-0027,call_records_synthetic
CALL-0412,P001,P086,9786579303,9398471886,4,Phase-4,297,REC-0412,TWR-0009,call_records_synthetic
CALL-0413,P001,P086,9786579303,9398471886,4,Phase-4,239,REC-0413,TWR-0015,call_records_synthetic
CALL-0414,P083,P086,9349957310,9398471886,4,Phase-4,715,REC-0414,TWR-0004,call_records_synthetic
CALL-0415,P083,P086,9349957310,9398471886,4,Phase-4,763,REC-0415,TWR-0017,call_records_synthetic
CALL-0416,P083,P086,9349957310,9398471886,4,Phase-4,351,REC-0416,TWR-0006,call_records_synthetic
CALL-0417,P083,P086,9349957310,9398471886,4,Phase-4,274,REC-0417,TWR-0012,call_records_synthetic
CALL-0418,P083,P086,9349957310,9398471886,4,Phase-4,301,REC-0418,TWR-0023,call_records_synthetic
CALL-0419,P001,P002,9786579303,9219540831,4,Phase-4,435,REC-0419,TWR-0020,call_records_synthetic
CALL-0420,P001,P002,9786579303,9219540831,4,Phase-4,164,REC-0420,TWR-0026,call_records_synthetic
CALL-0421,P001,P002,9786579303,9219540831,4,Phase-4,717,REC-0421,TWR-0030,call_records_synthetic
CALL-0422,P001,P002,9786579303,9219540831,4,Phase-4,690,REC-0422,TWR-0023,call_records_synthetic
CALL-0423,P001,P002,9786579303,9219540831,4,Phase-4,337,REC-0423,TWR-0010,call_records_synthetic
CALL-0424,P089,P007,9995619255,9339670711,4,Phase-4,498,REC-0424,TWR-0008,call_records_synthetic
CALL-0425,P089,P007,9995619255,9339670711,4,Phase-4,353,REC-0425,TWR-0029,call_records_synthetic
CALL-0426,P001,P006,9786579303,9362950628,4,Phase-4,799,REC-0426,TWR-0020,call_records_synthetic
CALL-0427,P001,P006,9786579303,9362950628,4,Phase-4,104,REC-0427,TWR-0020,call_records_synthetic
CALL-0428,P001,P006,9786579303,9362950628,4,Phase-4,39,REC-0428,TWR-0016,call_records_synthetic
CALL-0429,P001,P006,9786579303,9362950628,4,Phase-4,499,REC-0429,TWR-0032,call_records_synthetic
CALL-0430,P001,P006,9786579303,9362950628,4,Phase-4,666,REC-0430,TWR-0023,call_records_synthetic
CALL-0431,P001,P008,9786579303,9249827706,4,Phase-4,606,REC-0431,TWR-0024,call_records_synthetic
CALL-0432,P001,P008,9786579303,9249827706,4,Phase-4,132,REC-0432,TWR-0026,call_records_synthetic
CALL-0433,P001,P008,9786579303,9249827706,4,Phase-4,105,REC-0433,TWR-0021,call_records_synthetic
CALL-0434,P001,P008,9786579303,9249827706,4,Phase-4,580,REC-0434,TWR-0022,call_records_synthetic
CALL-0435,P001,P008,9786579303,9249827706,4,Phase-4,248,REC-0435,TWR-0013,call_records_synthetic
CALL-0436,P003,P008,9126855092,9249827706,4,Phase-4,548,REC-0436,TWR-0013,call_records_synthetic
CALL-0437,P001,P047,9786579303,9919795579,4,Phase-4,301,REC-0437,TWR-0003,call_records_synthetic
CALL-0438,P001,P076,9786579303,9174684276,4,Phase-4,165,REC-0438,TWR-0003,call_records_synthetic
CALL-0439,P001,P076,9786579303,9174684276,4,Phase-4,387,REC-0439,TWR-0025,call_records_synthetic
CALL-0440,P001,P076,9786579303,9174684276,4,Phase-4,100,REC-0440,TWR-0001,call_records_synthetic
CALL-0441,P001,P076,9786579303,9174684276,4,Phase-4,280,REC-0441,TWR-0002,call_records_synthetic
CALL-0442,P001,P076,9786579303,9174684276,4,Phase-4,408,REC-0442,TWR-0007,call_records_synthetic
CALL-0443,P085,P076,9508157429,9174684276,4,Phase-4,321,REC-0443,TWR-0002,call_records_synthetic
CALL-0444,P085,P076,9508157429,9174684276,4,Phase-4,191,REC-0444,TWR-0019,call_records_synthetic
CALL-0445,P085,P076,9508157429,9174684276,4,Phase-4,478,REC-0445,TWR-0010,call_records_synthetic
CALL-0446,P001,P009,9786579303,9890779946,4,Phase-4,883,REC-0446,TWR-0013,call_records_synthetic
CALL-0447,P001,P009,9786579303,9890779946,4,Phase-4,586,REC-0447,TWR-0011,call_records_synthetic
CALL-0448,P001,P009,9786579303,9890779946,4,Phase-4,750,REC-0448,TWR-0031,call_records_synthetic
CALL-0449,P001,P009,9786579303,9890779946,4,Phase-4,339,REC-0449,TWR-0016,call_records_synthetic
CALL-0450,P001,P009,9786579303,9890779946,4,Phase-4,656,REC-0450,TWR-0004,call_records_synthetic
CALL-0451,P003,P009,9126855092,9890779946,4,Phase-4,856,REC-0451,TWR-0012,call_records_synthetic
CALL-0452,P003,P009,9126855092,9890779946,4,Phase-4,699,REC-0452,TWR-0027,call_records_synthetic
CALL-0453,P003,P009,9126855092,9890779946,4,Phase-4,571,REC-0453,TWR-0004,call_records_synthetic
CALL-0454,P003,P009,9126855092,9890779946,4,Phase-4,38,REC-0454,TWR-0028,call_records_synthetic
CALL-0455,P003,P009,9126855092,9890779946,4,Phase-4,713,REC-0455,TWR-0005,call_records_synthetic
CALL-0456,P008,P009,9249827706,9890779946,4,Phase-4,866,REC-0456,TWR-0006,call_records_synthetic
CALL-0457,P008,P009,9249827706,9890779946,4,Phase-4,597,REC-0457,TWR-0017,call_records_synthetic
CALL-0458,P008,P009,9249827706,9890779946,4,Phase-4,336,REC-0458,TWR-0020,call_records_synthetic
CALL-0459,P008,P009,9249827706,9890779946,4,Phase-4,709,REC-0459,TWR-0031,call_records_synthetic
CALL-0460,P031,P009,9550455977,9890779946,4,Phase-4,136,REC-0460,TWR-0018,call_records_synthetic
CALL-0461,P008,P035,9249827706,9398704996,4,Phase-4,167,REC-0461,TWR-0006,call_records_synthetic
CALL-0462,P001,P011,9786579303,9826600539,4,Phase-4,300,REC-0462,TWR-0023,call_records_synthetic
CALL-0463,P001,P011,9786579303,9826600539,4,Phase-4,148,REC-0463,TWR-0003,call_records_synthetic
CALL-0464,P001,P011,9786579303,9826600539,4,Phase-4,139,REC-0464,TWR-0025,call_records_synthetic
CALL-0465,P083,P084,9349957310,9208449460,4,Phase-4,790,REC-0465,TWR-0007,call_records_synthetic
CALL-0466,P001,P049,9786579303,9209747451,4,Phase-4,596,REC-0466,TWR-0020,call_records_synthetic
CALL-0467,P089,P049,9995619255,9209747451,4,Phase-4,189,REC-0467,TWR-0007,call_records_synthetic
CALL-0468,P083,P107,9349957310,9275452091,4,Phase-4,308,REC-0468,TWR-0027,call_records_synthetic
CALL-0469,P086,P107,9398471886,9275452091,4,Phase-4,318,REC-0469,TWR-0013,call_records_synthetic
CALL-0470,P086,P107,9398471886,9275452091,4,Phase-4,649,REC-0470,TWR-0009,call_records_synthetic
CALL-0471,P001,P013,9786579303,9685582861,4,Phase-4,245,REC-0471,TWR-0022,call_records_synthetic
CALL-0472,P001,P013,9786579303,9685582861,4,Phase-4,764,REC-0472,TWR-0008,call_records_synthetic
CALL-0473,P001,P013,9786579303,9685582861,4,Phase-4,381,REC-0473,TWR-0002,call_records_synthetic
CALL-0474,P001,P013,9786579303,9685582861,4,Phase-4,238,REC-0474,TWR-0021,call_records_synthetic
CALL-0475,P001,P013,9786579303,9685582861,4,Phase-4,733,REC-0475,TWR-0017,call_records_synthetic
CALL-0476,P013,P051,9685582861,9507943839,4,Phase-4,679,REC-0476,TWR-0015,call_records_synthetic
CALL-0477,P107,P063,9275452091,9675770529,4,Phase-4,300,REC-0477,TWR-0003,call_records_synthetic
CALL-0478,P107,P063,9275452091,9675770529,4,Phase-4,547,REC-0478,TWR-0031,call_records_synthetic
CALL-0479,P107,P063,9275452091,9675770529,4,Phase-4,530,REC-0479,TWR-0009,call_records_synthetic
CALL-0480,P107,P063,9275452091,9675770529,4,Phase-4,287,REC-0480,TWR-0004,call_records_synthetic
CALL-0481,P107,P063,9275452091,9675770529,4,Phase-4,896,REC-0481,TWR-0030,call_records_synthetic
CALL-0482,P089,P109,9995619255,9507437181,4,Phase-4,82,REC-0482,TWR-0018,call_records_synthetic
CALL-0483,P089,P109,9995619255,9507437181,4,Phase-4,124,REC-0483,TWR-0011,call_records_synthetic
CALL-0484,P089,P031,9995619255,9550455977,4,Phase-4,679,REC-0484,TWR-0026,call_records_synthetic
CALL-0485,P003,P031,9126855092,9550455977,4,Phase-4,463,REC-0485,TWR-0001,call_records_synthetic
CALL-0486,P003,P031,9126855092,9550455977,4,Phase-4,879,REC-0486,TWR-0006,call_records_synthetic
CALL-0487,P003,P031,9126855092,9550455977,4,Phase-4,313,REC-0487,TWR-0024,call_records_synthetic
CALL-0488,P003,P031,9126855092,9550455977,4,Phase-4,75,REC-0488,TWR-0032,call_records_synthetic
CALL-0489,P003,P031,9126855092,9550455977,4,Phase-4,33,REC-0489,TWR-0023,call_records_synthetic
CALL-0490,P003,P012,9126855092,9895285932,4,Phase-4,371,REC-0490,TWR-0009,call_records_synthetic
CALL-0491,P003,P012,9126855092,9895285932,4,Phase-4,819,REC-0491,TWR-0028,call_records_synthetic
CALL-0492,P089,P014,9995619255,9193349856,4,Phase-4,163,REC-0492,TWR-0014,call_records_synthetic
CALL-0493,P001,P052,9786579303,9203848421,4,Phase-4,682,REC-0493,TWR-0027,call_records_synthetic
CALL-0494,P001,P052,9786579303,9203848421,4,Phase-4,298,REC-0494,TWR-0022,call_records_synthetic
CALL-0495,P083,P052,9349957310,9203848421,4,Phase-4,195,REC-0495,TWR-0027,call_records_synthetic
CALL-0496,P083,P052,9349957310,9203848421,4,Phase-4,789,REC-0496,TWR-0013,call_records_synthetic
CALL-0497,P001,P106,9786579303,9362863730,4,Phase-4,482,REC-0497,TWR-0012,call_records_synthetic
CALL-0498,P083,P106,9349957310,9362863730,4,Phase-4,594,REC-0498,TWR-0030,call_records_synthetic
CALL-0499,P001,P015,9786579303,9734036506,4,Phase-4,752,REC-0499,TWR-0010,call_records_synthetic
CALL-0500,P001,P015,9786579303,9734036506,4,Phase-4,467,REC-0500,TWR-0020,call_records_synthetic
CALL-0501,P001,P015,9786579303,9734036506,4,Phase-4,604,REC-0501,TWR-0029,call_records_synthetic
CALL-0502,P001,P015,9786579303,9734036506,4,Phase-4,39,REC-0502,TWR-0008,call_records_synthetic
CALL-0503,P001,P015,9786579303,9734036506,4,Phase-4,144,REC-0503,TWR-0009,call_records_synthetic
CALL-0504,P003,P001,9126855092,9786579303,5,Phase-5,107,REC-0504,TWR-0008,call_records_synthetic
CALL-0505,P002,P001,9219540831,9786579303,5,Phase-5,737,REC-0505,TWR-0031,call_records_synthetic
CALL-0506,P006,P001,9362950628,9786579303,5,Phase-5,182,REC-0506,TWR-0020,call_records_synthetic
CALL-0507,P006,P001,9362950628,9786579303,5,Phase-5,588,REC-0507,TWR-0023,call_records_synthetic
CALL-0508,P006,P001,9362950628,9786579303,5,Phase-5,66,REC-0508,TWR-0030,call_records_synthetic
CALL-0509,P006,P001,9362950628,9786579303,5,Phase-5,884,REC-0509,TWR-0019,call_records_synthetic
CALL-0510,P006,P001,9362950628,9786579303,5,Phase-5,408,REC-0510,TWR-0022,call_records_synthetic
CALL-0511,P076,P001,9174684276,9786579303,5,Phase-5,626,REC-0511,TWR-0021,call_records_synthetic
CALL-0512,P076,P001,9174684276,9786579303,5,Phase-5,595,REC-0512,TWR-0005,call_records_synthetic
CALL-0513,P011,P001,9826600539,9786579303,5,Phase-5,181,REC-0513,TWR-0029,call_records_synthetic
CALL-0514,P011,P001,9826600539,9786579303,5,Phase-5,470,REC-0514,TWR-0017,call_records_synthetic
CALL-0515,P011,P001,9826600539,9786579303,5,Phase-5,160,REC-0515,TWR-0004,call_records_synthetic
CALL-0516,P011,P001,9826600539,9786579303,5,Phase-5,72,REC-0516,TWR-0018,call_records_synthetic
CALL-0517,P011,P001,9826600539,9786579303,5,Phase-5,345,REC-0517,TWR-0005,call_records_synthetic
CALL-0518,P084,P001,9208449460,9786579303,5,Phase-5,403,REC-0518,TWR-0002,call_records_synthetic
CALL-0519,P084,P001,9208449460,9786579303,5,Phase-5,845,REC-0519,TWR-0011,call_records_synthetic
CALL-0520,P031,P001,9550455977,9786579303,5,Phase-5,70,REC-0520,TWR-0008,call_records_synthetic
CALL-0521,P031,P001,9550455977,9786579303,5,Phase-5,396,REC-0521,TWR-0015,call_records_synthetic
CALL-0522,P031,P001,9550455977,9786579303,5,Phase-5,245,REC-0522,TWR-0014,call_records_synthetic
CALL-0523,P108,P001,9596348124,9786579303,5,Phase-5,728,REC-0523,TWR-0016,call_records_synthetic
CALL-0524,P108,P001,9596348124,9786579303,5,Phase-5,285,REC-0524,TWR-0025,call_records_synthetic
CALL-0525,P108,P001,9596348124,9786579303,5,Phase-5,712,REC-0525,TWR-0003,call_records_synthetic
CALL-0526,P108,P001,9596348124,9786579303,5,Phase-5,135,REC-0526,TWR-0023,call_records_synthetic
CALL-0527,P100,P001,9176667861,9786579303,5,Phase-5,392,REC-0527,TWR-0019,call_records_synthetic
CALL-0528,P082,P001,9185675980,9786579303,5,Phase-5,828,REC-0528,TWR-0013,call_records_synthetic
CALL-0529,P019,P001,9200604502,9786579303,5,Phase-5,603,REC-0529,TWR-0017,call_records_synthetic
CALL-0530,P001,P004,9786579303,9896233790,5,Phase-5,446,REC-0530,TWR-0024,call_records_synthetic
CALL-0531,P001,P004,9786579303,9896233790,5,Phase-5,665,REC-0531,TWR-0028,call_records_synthetic
CALL-0532,P001,P004,9786579303,9896233790,5,Phase-5,797,REC-0532,TWR-0011,call_records_synthetic
CALL-0533,P001,P089,9786579303,9995619255,5,Phase-5,188,REC-0533,TWR-0008,call_records_synthetic
CALL-0534,P001,P089,9786579303,9995619255,5,Phase-5,272,REC-0534,TWR-0027,call_records_synthetic
CALL-0535,P007,P089,9339670711,9995619255,5,Phase-5,196,REC-0535,TWR-0005,call_records_synthetic
CALL-0536,P076,P089,9174684276,9995619255,5,Phase-5,849,REC-0536,TWR-0002,call_records_synthetic
CALL-0537,P001,P083,9786579303,9349957310,5,Phase-5,860,REC-0537,TWR-0026,call_records_synthetic
CALL-0538,P001,P083,9786579303,9349957310,5,Phase-5,211,REC-0538,TWR-0009,call_records_synthetic
CALL-0539,P086,P083,9398471886,9349957310,5,Phase-5,452,REC-0539,TWR-0004,call_records_synthetic
CALL-0540,P086,P083,9398471886,9349957310,5,Phase-5,55,REC-0540,TWR-0001,call_records_synthetic
CALL-0541,P001,P003,9786579303,9126855092,5,Phase-5,213,REC-0541,TWR-0023,call_records_synthetic
CALL-0542,P001,P003,9786579303,9126855092,5,Phase-5,784,REC-0542,TWR-0022,call_records_synthetic
CALL-0543,P001,P003,9786579303,9126855092,5,Phase-5,370,REC-0543,TWR-0004,call_records_synthetic
CALL-0544,P001,P003,9786579303,9126855092,5,Phase-5,831,REC-0544,TWR-0001,call_records_synthetic
CALL-0545,P001,P003,9786579303,9126855092,5,Phase-5,451,REC-0545,TWR-0006,call_records_synthetic
CALL-0546,P085,P003,9508157429,9126855092,5,Phase-5,851,REC-0546,TWR-0026,call_records_synthetic
CALL-0547,P012,P003,9895285932,9126855092,5,Phase-5,715,REC-0547,TWR-0004,call_records_synthetic
CALL-0548,P001,P005,9786579303,9395310485,5,Phase-5,782,REC-0548,TWR-0014,call_records_synthetic
CALL-0549,P001,P005,9786579303,9395310485,5,Phase-5,860,REC-0549,TWR-0001,call_records_synthetic
CALL-0550,P001,P005,9786579303,9395310485,5,Phase-5,284,REC-0550,TWR-0016,call_records_synthetic
CALL-0551,P008,P005,9249827706,9395310485,5,Phase-5,303,REC-0551,TWR-0011,call_records_synthetic
CALL-0552,P085,P088,9508157429,9782560971,5,Phase-5,193,REC-0552,TWR-0005,call_records_synthetic
CALL-0553,P085,P088,9508157429,9782560971,5,Phase-5,836,REC-0553,TWR-0020,call_records_synthetic
CALL-0554,P001,P085,9786579303,9508157429,5,Phase-5,748,REC-0554,TWR-0009,call_records_synthetic
CALL-0555,P001,P085,9786579303,9508157429,5,Phase-5,140,REC-0555,TWR-0024,call_records_synthetic
CALL-0556,P001,P085,9786579303,9508157429,5,Phase-5,421,REC-0556,TWR-0007,call_records_synthetic
CALL-0557,P001,P085,9786579303,9508157429,5,Phase-5,69,REC-0557,TWR-0022,call_records_synthetic
CALL-0558,P001,P085,9786579303,9508157429,5,Phase-5,511,REC-0558,TWR-0011,call_records_synthetic
CALL-0559,P088,P085,9782560971,9508157429,5,Phase-5,257,REC-0559,TWR-0025,call_records_synthetic
CALL-0560,P083,P086,9349957310,9398471886,5,Phase-5,234,REC-0560,TWR-0015,call_records_synthetic
CALL-0561,P083,P086,9349957310,9398471886,5,Phase-5,866,REC-0561,TWR-0008,call_records_synthetic
CALL-0562,P001,P002,9786579303,9219540831,5,Phase-5,501,REC-0562,TWR-0007,call_records_synthetic
CALL-0563,P001,P002,9786579303,9219540831,5,Phase-5,388,REC-0563,TWR-0020,call_records_synthetic
CALL-0564,P001,P002,9786579303,9219540831,5,Phase-5,342,REC-0564,TWR-0015,call_records_synthetic
CALL-0565,P001,P006,9786579303,9362950628,5,Phase-5,870,REC-0565,TWR-0029,call_records_synthetic
CALL-0566,P001,P006,9786579303,9362950628,5,Phase-5,844,REC-0566,TWR-0012,call_records_synthetic
CALL-0567,P001,P006,9786579303,9362950628,5,Phase-5,263,REC-0567,TWR-0011,call_records_synthetic
CALL-0568,P108,P006,9596348124,9362950628,5,Phase-5,258,REC-0568,TWR-0007,call_records_synthetic
CALL-0569,P001,P008,9786579303,9249827706,5,Phase-5,54,REC-0569,TWR-0011,call_records_synthetic
CALL-0570,P001,P055,9786579303,9748245888,5,Phase-5,705,REC-0570,TWR-0018,call_records_synthetic
CALL-0571,P001,P055,9786579303,9748245888,5,Phase-5,227,REC-0571,TWR-0019,call_records_synthetic
CALL-0572,P001,P055,9786579303,9748245888,5,Phase-5,438,REC-0572,TWR-0009,call_records_synthetic
CALL-0573,P001,P047,9786579303,9919795579,5,Phase-5,366,REC-0573,TWR-0029,call_records_synthetic
CALL-0574,P001,P076,9786579303,9174684276,5,Phase-5,315,REC-0574,TWR-0010,call_records_synthetic
CALL-0575,P001,P076,9786579303,9174684276,5,Phase-5,101,REC-0575,TWR-0001,call_records_synthetic
CALL-0576,P001,P076,9786579303,9174684276,5,Phase-5,821,REC-0576,TWR-0013,call_records_synthetic
CALL-0577,P001,P076,9786579303,9174684276,5,Phase-5,315,REC-0577,TWR-0022,call_records_synthetic
CALL-0578,P001,P076,9786579303,9174684276,5,Phase-5,389,REC-0578,TWR-0014,call_records_synthetic
CALL-0579,P003,P009,9126855092,9890779946,5,Phase-5,686,REC-0579,TWR-0028,call_records_synthetic
CALL-0580,P003,P009,9126855092,9890779946,5,Phase-5,551,REC-0580,TWR-0021,call_records_synthetic
CALL-0581,P012,P009,9895285932,9890779946,5,Phase-5,439,REC-0581,TWR-0029,call_records_synthetic
CALL-0582,P012,P009,9895285932,9890779946,5,Phase-5,725,REC-0582,TWR-0032,call_records_synthetic
CALL-0583,P001,P034,9786579303,9732719211,5,Phase-5,893,REC-0583,TWR-0008,call_records_synthetic
CALL-0584,P031,P013,9550455977,9685582861,5,Phase-5,579,REC-0584,TWR-0027,call_records_synthetic
CALL-0585,P001,P031,9786579303,9550455977,5,Phase-5,369,REC-0585,TWR-0011,call_records_synthetic
CALL-0586,P003,P031,9126855092,9550455977,5,Phase-5,58,REC-0586,TWR-0013,call_records_synthetic
CALL-0587,P003,P031,9126855092,9550455977,5,Phase-5,148,REC-0587,TWR-0008,call_records_synthetic
CALL-0588,P003,P031,9126855092,9550455977,5,Phase-5,297,REC-0588,TWR-0012,call_records_synthetic
CALL-0589,P003,P031,9126855092,9550455977,5,Phase-5,212,REC-0589,TWR-0012,call_records_synthetic
CALL-0590,P012,P031,9895285932,9550455977,5,Phase-5,624,REC-0590,TWR-0014,call_records_synthetic
CALL-0591,P012,P031,9895285932,9550455977,5,Phase-5,301,REC-0591,TWR-0007,call_records_synthetic
CALL-0592,P012,P031,9895285932,9550455977,5,Phase-5,69,REC-0592,TWR-0008,call_records_synthetic
CALL-0593,P001,P012,9786579303,9895285932,5,Phase-5,141,REC-0593,TWR-0025,call_records_synthetic
CALL-0594,P001,P012,9786579303,9895285932,5,Phase-5,640,REC-0594,TWR-0001,call_records_synthetic
CALL-0595,P003,P012,9126855092,9895285932,5,Phase-5,474,REC-0595,TWR-0018,call_records_synthetic
CALL-0596,P003,P012,9126855092,9895285932,5,Phase-5,383,REC-0596,TWR-0009,call_records_synthetic
CALL-0597,P003,P012,9126855092,9895285932,5,Phase-5,776,REC-0597,TWR-0021,call_records_synthetic
CALL-0598,P003,P012,9126855092,9895285932,5,Phase-5,835,REC-0598,TWR-0029,call_records_synthetic
CALL-0599,P032,P012,9336696312,9895285932,5,Phase-5,351,REC-0599,TWR-0007,call_records_synthetic
CALL-0600,P018,P012,9131994523,9895285932,5,Phase-5,476,REC-0600,TWR-0004,call_records_synthetic
CALL-0601,P018,P012,9131994523,9895285932,5,Phase-5,650,REC-0601,TWR-0004,call_records_synthetic
CALL-0602,P018,P012,9131994523,9895285932,5,Phase-5,553,REC-0602,TWR-0003,call_records_synthetic
CALL-0603,P017,P012,9134126396,9895285932,5,Phase-5,148,REC-0603,TWR-0014,call_records_synthetic
CALL-0604,P017,P012,9134126396,9895285932,5,Phase-5,424,REC-0604,TWR-0016,call_records_synthetic
CALL-0605,P012,P018,9895285932,9131994523,5,Phase-5,620,REC-0605,TWR-0010,call_records_synthetic
CALL-0606,P012,P025,9895285932,9702632297,5,Phase-5,224,REC-0606,TWR-0019,call_records_synthetic
CALL-0607,P001,P082,9786579303,9185675980,5,Phase-5,290,REC-0607,TWR-0023,call_records_synthetic
CALL-0608,P001,P019,9786579303,9200604502,5,Phase-5,75,REC-0608,TWR-0031,call_records_synthetic
CALL-0609,P001,P015,9786579303,9734036506,5,Phase-5,755,REC-0609,TWR-0030,call_records_synthetic
CALL-0610,P001,P015,9786579303,9734036506,5,Phase-5,476,REC-0610,TWR-0002,call_records_synthetic
CALL-0611,P083,P001,9349957310,9786579303,6,Phase-6,31,REC-0611,TWR-0024,call_records_synthetic
CALL-0612,P003,P001,9126855092,9786579303,6,Phase-6,562,REC-0612,TWR-0017,call_records_synthetic
CALL-0613,P003,P001,9126855092,9786579303,6,Phase-6,855,REC-0613,TWR-0004,call_records_synthetic
CALL-0614,P003,P001,9126855092,9786579303,6,Phase-6,581,REC-0614,TWR-0026,call_records_synthetic
CALL-0615,P003,P001,9126855092,9786579303,6,Phase-6,733,REC-0615,TWR-0020,call_records_synthetic
CALL-0616,P003,P001,9126855092,9786579303,6,Phase-6,766,REC-0616,TWR-0006,call_records_synthetic
CALL-0617,P005,P001,9395310485,9786579303,6,Phase-6,789,REC-0617,TWR-0025,call_records_synthetic
CALL-0618,P005,P001,9395310485,9786579303,6,Phase-6,784,REC-0618,TWR-0001,call_records_synthetic
CALL-0619,P005,P001,9395310485,9786579303,6,Phase-6,716,REC-0619,TWR-0019,call_records_synthetic
CALL-0620,P005,P001,9395310485,9786579303,6,Phase-6,231,REC-0620,TWR-0013,call_records_synthetic
CALL-0621,P005,P001,9395310485,9786579303,6,Phase-6,402,REC-0621,TWR-0026,call_records_synthetic
CALL-0622,P085,P001,9508157429,9786579303,6,Phase-6,471,REC-0622,TWR-0003,call_records_synthetic
CALL-0623,P085,P001,9508157429,9786579303,6,Phase-6,101,REC-0623,TWR-0006,call_records_synthetic
CALL-0624,P002,P001,9219540831,9786579303,6,Phase-6,710,REC-0624,TWR-0030,call_records_synthetic
CALL-0625,P002,P001,9219540831,9786579303,6,Phase-6,368,REC-0625,TWR-0012,call_records_synthetic
CALL-0626,P002,P001,9219540831,9786579303,6,Phase-6,668,REC-0626,TWR-0013,call_records_synthetic
CALL-0627,P002,P001,9219540831,9786579303,6,Phase-6,351,REC-0627,TWR-0002,call_records_synthetic
CALL-0628,P002,P001,9219540831,9786579303,6,Phase-6,709,REC-0628,TWR-0014,call_records_synthetic
CALL-0629,P006,P001,9362950628,9786579303,6,Phase-6,898,REC-0629,TWR-0004,call_records_synthetic
CALL-0630,P006,P001,9362950628,9786579303,6,Phase-6,157,REC-0630,TWR-0028,call_records_synthetic
CALL-0631,P006,P001,9362950628,9786579303,6,Phase-6,767,REC-0631,TWR-0030,call_records_synthetic
CALL-0632,P006,P001,9362950628,9786579303,6,Phase-6,337,REC-0632,TWR-0010,call_records_synthetic
CALL-0633,P006,P001,9362950628,9786579303,6,Phase-6,549,REC-0633,TWR-0003,call_records_synthetic
CALL-0634,P008,P001,9249827706,9786579303,6,Phase-6,346,REC-0634,TWR-0018,call_records_synthetic
CALL-0635,P008,P001,9249827706,9786579303,6,Phase-6,712,REC-0635,TWR-0007,call_records_synthetic
CALL-0636,P076,P001,9174684276,9786579303,6,Phase-6,448,REC-0636,TWR-0028,call_records_synthetic
CALL-0637,P076,P001,9174684276,9786579303,6,Phase-6,364,REC-0637,TWR-0032,call_records_synthetic
CALL-0638,P076,P001,9174684276,9786579303,6,Phase-6,442,REC-0638,TWR-0009,call_records_synthetic
CALL-0639,P076,P001,9174684276,9786579303,6,Phase-6,743,REC-0639,TWR-0001,call_records_synthetic
CALL-0640,P076,P001,9174684276,9786579303,6,Phase-6,332,REC-0640,TWR-0001,call_records_synthetic
CALL-0641,P011,P001,9826600539,9786579303,6,Phase-6,597,REC-0641,TWR-0019,call_records_synthetic
CALL-0642,P011,P001,9826600539,9786579303,6,Phase-6,160,REC-0642,TWR-0032,call_records_synthetic
CALL-0643,P011,P001,9826600539,9786579303,6,Phase-6,226,REC-0643,TWR-0011,call_records_synthetic
CALL-0644,P011,P001,9826600539,9786579303,6,Phase-6,460,REC-0644,TWR-0018,call_records_synthetic
CALL-0645,P011,P001,9826600539,9786579303,6,Phase-6,710,REC-0645,TWR-0017,call_records_synthetic
CALL-0646,P084,P001,9208449460,9786579303,6,Phase-6,418,REC-0646,TWR-0003,call_records_synthetic
CALL-0647,P084,P001,9208449460,9786579303,6,Phase-6,723,REC-0647,TWR-0020,call_records_synthetic
CALL-0648,P012,P001,9895285932,9786579303,6,Phase-6,796,REC-0648,TWR-0021,call_records_synthetic
CALL-0649,P012,P001,9895285932,9786579303,6,Phase-6,208,REC-0649,TWR-0023,call_records_synthetic
CALL-0650,P082,P001,9185675980,9786579303,6,Phase-6,660,REC-0650,TWR-0011,call_records_synthetic
CALL-0651,P019,P001,9200604502,9786579303,6,Phase-6,612,REC-0651,TWR-0032,call_records_synthetic
CALL-0652,P019,P001,9200604502,9786579303,6,Phase-6,338,REC-0652,TWR-0013,call_records_synthetic
CALL-0653,P019,P001,9200604502,9786579303,6,Phase-6,445,REC-0653,TWR-0029,call_records_synthetic
CALL-0654,P019,P001,9200604502,9786579303,6,Phase-6,591,REC-0654,TWR-0016,call_records_synthetic
CALL-0655,P019,P001,9200604502,9786579303,6,Phase-6,883,REC-0655,TWR-0011,call_records_synthetic
CALL-0656,P077,P001,9149203558,9786579303,6,Phase-6,30,REC-0656,TWR-0022,call_records_synthetic
CALL-0657,P077,P001,9149203558,9786579303,6,Phase-6,341,REC-0657,TWR-0017,call_records_synthetic
CALL-0658,P087,P001,9586845604,9786579303,6,Phase-6,323,REC-0658,TWR-0012,call_records_synthetic
CALL-0659,P087,P001,9586845604,9786579303,6,Phase-6,245,REC-0659,TWR-0016,call_records_synthetic
CALL-0660,P087,P001,9586845604,9786579303,6,Phase-6,470,REC-0660,TWR-0011,call_records_synthetic
CALL-0661,P020,P001,9334760738,9786579303,6,Phase-6,834,REC-0661,TWR-0018,call_records_synthetic
CALL-0662,P020,P001,9334760738,9786579303,6,Phase-6,623,REC-0662,TWR-0019,call_records_synthetic
CALL-0663,P020,P001,9334760738,9786579303,6,Phase-6,651,REC-0663,TWR-0028,call_records_synthetic
CALL-0664,P020,P001,9334760738,9786579303,6,Phase-6,700,REC-0664,TWR-0014,call_records_synthetic
CALL-0665,P020,P001,9334760738,9786579303,6,Phase-6,359,REC-0665,TWR-0016,call_records_synthetic
CALL-0666,P015,P001,9734036506,9786579303,6,Phase-6,506,REC-0666,TWR-0010,call_records_synthetic
CALL-0667,P001,P004,9786579303,9896233790,6,Phase-6,482,REC-0667,TWR-0021,call_records_synthetic
CALL-0668,P001,P083,9786579303,9349957310,6,Phase-6,482,REC-0668,TWR-0018,call_records_synthetic
CALL-0669,P001,P083,9786579303,9349957310,6,Phase-6,721,REC-0669,TWR-0001,call_records_synthetic
CALL-0670,P001,P083,9786579303,9349957310,6,Phase-6,248,REC-0670,TWR-0031,call_records_synthetic
CALL-0671,P001,P083,9786579303,9349957310,6,Phase-6,553,REC-0671,TWR-0004,call_records_synthetic
CALL-0672,P001,P083,9786579303,9349957310,6,Phase-6,514,REC-0672,TWR-0025,call_records_synthetic
CALL-0673,P003,P083,9126855092,9349957310,6,Phase-6,842,REC-0673,TWR-0032,call_records_synthetic
CALL-0674,P001,P003,9786579303,9126855092,6,Phase-6,845,REC-0674,TWR-0032,call_records_synthetic
CALL-0675,P001,P003,9786579303,9126855092,6,Phase-6,783,REC-0675,TWR-0011,call_records_synthetic
CALL-0676,P001,P003,9786579303,9126855092,6,Phase-6,203,REC-0676,TWR-0025,call_records_synthetic
CALL-0677,P001,P003,9786579303,9126855092,6,Phase-6,704,REC-0677,TWR-0022,call_records_synthetic
CALL-0678,P001,P003,9786579303,9126855092,6,Phase-6,116,REC-0678,TWR-0031,call_records_synthetic
CALL-0679,P005,P003,9395310485,9126855092,6,Phase-6,320,REC-0679,TWR-0001,call_records_synthetic
CALL-0680,P005,P003,9395310485,9126855092,6,Phase-6,557,REC-0680,TWR-0017,call_records_synthetic
CALL-0681,P005,P003,9395310485,9126855092,6,Phase-6,709,REC-0681,TWR-0017,call_records_synthetic
CALL-0682,P002,P003,9219540831,9126855092,6,Phase-6,678,REC-0682,TWR-0029,call_records_synthetic
CALL-0683,P002,P003,9219540831,9126855092,6,Phase-6,664,REC-0683,TWR-0004,call_records_synthetic
CALL-0684,P076,P003,9174684276,9126855092,6,Phase-6,373,REC-0684,TWR-0015,call_records_synthetic
CALL-0685,P076,P003,9174684276,9126855092,6,Phase-6,125,REC-0685,TWR-0009,call_records_synthetic
CALL-0686,P076,P003,9174684276,9126855092,6,Phase-6,868,REC-0686,TWR-0019,call_records_synthetic
CALL-0687,P076,P003,9174684276,9126855092,6,Phase-6,799,REC-0687,TWR-0029,call_records_synthetic
CALL-0688,P012,P003,9895285932,9126855092,6,Phase-6,270,REC-0688,TWR-0032,call_records_synthetic
CALL-0689,P012,P003,9895285932,9126855092,6,Phase-6,718,REC-0689,TWR-0024,call_records_synthetic
CALL-0690,P012,P003,9895285932,9126855092,6,Phase-6,347,REC-0690,TWR-0032,call_records_synthetic
CALL-0691,P012,P003,9895285932,9126855092,6,Phase-6,260,REC-0691,TWR-0011,call_records_synthetic
CALL-0692,P012,P003,9895285932,9126855092,6,Phase-6,855,REC-0692,TWR-0008,call_records_synthetic
CALL-0693,P019,P003,9200604502,9126855092,6,Phase-6,233,REC-0693,TWR-0008,call_records_synthetic
CALL-0694,P077,P003,9149203558,9126855092,6,Phase-6,180,REC-0694,TWR-0028,call_records_synthetic
CALL-0695,P077,P003,9149203558,9126855092,6,Phase-6,55,REC-0695,TWR-0017,call_records_synthetic
CALL-0696,P087,P003,9586845604,9126855092,6,Phase-6,77,REC-0696,TWR-0016,call_records_synthetic
CALL-0697,P015,P003,9734036506,9126855092,6,Phase-6,280,REC-0697,TWR-0013,call_records_synthetic
CALL-0698,P001,P005,9786579303,9395310485,6,Phase-6,516,REC-0698,TWR-0027,call_records_synthetic
CALL-0699,P001,P005,9786579303,9395310485,6,Phase-6,655,REC-0699,TWR-0007,call_records_synthetic
CALL-0700,P001,P005,9786579303,9395310485,6,Phase-6,900,REC-0700,TWR-0017,call_records_synthetic
CALL-0701,P001,P005,9786579303,9395310485,6,Phase-6,816,REC-0701,TWR-0013,call_records_synthetic
CALL-0702,P001,P005,9786579303,9395310485,6,Phase-6,104,REC-0702,TWR-0004,call_records_synthetic
CALL-0703,P001,P085,9786579303,9508157429,6,Phase-6,496,REC-0703,TWR-0029,call_records_synthetic
CALL-0704,P001,P085,9786579303,9508157429,6,Phase-6,454,REC-0704,TWR-0032,call_records_synthetic
CALL-0705,P001,P085,9786579303,9508157429,6,Phase-6,674,REC-0705,TWR-0007,call_records_synthetic
CALL-0706,P001,P085,9786579303,9508157429,6,Phase-6,619,REC-0706,TWR-0032,call_records_synthetic
CALL-0707,P001,P085,9786579303,9508157429,6,Phase-6,229,REC-0707,TWR-0020,call_records_synthetic
CALL-0708,P003,P085,9126855092,9508157429,6,Phase-6,765,REC-0708,TWR-0015,call_records_synthetic
CALL-0709,P084,P085,9208449460,9508157429,6,Phase-6,743,REC-0709,TWR-0006,call_records_synthetic
CALL-0710,P001,P002,9786579303,9219540831,6,Phase-6,423,REC-0710,TWR-0013,call_records_synthetic
CALL-0711,P001,P002,9786579303,9219540831,6,Phase-6,536,REC-0711,TWR-0015,call_records_synthetic
CALL-0712,P001,P002,9786579303,9219540831,6,Phase-6,439,REC-0712,TWR-0017,call_records_synthetic
CALL-0713,P001,P002,9786579303,9219540831,6,Phase-6,279,REC-0713,TWR-0010,call_records_synthetic
CALL-0714,P001,P002,9786579303,9219540831,6,Phase-6,181,REC-0714,TWR-0021,call_records_synthetic
CALL-0715,P001,P008,9786579303,9249827706,6,Phase-6,701,REC-0715,TWR-0016,call_records_synthetic
CALL-0716,P001,P008,9786579303,9249827706,6,Phase-6,734,REC-0716,TWR-0022,call_records_synthetic
CALL-0717,P001,P008,9786579303,9249827706,6,Phase-6,35,REC-0717,TWR-0024,call_records_synthetic
CALL-0718,P001,P008,9786579303,9249827706,6,Phase-6,798,REC-0718,TWR-0009,call_records_synthetic
CALL-0719,P001,P008,9786579303,9249827706,6,Phase-6,818,REC-0719,TWR-0014,call_records_synthetic
CALL-0720,P003,P008,9126855092,9249827706,6,Phase-6,139,REC-0720,TWR-0023,call_records_synthetic
CALL-0721,P003,P008,9126855092,9249827706,6,Phase-6,827,REC-0721,TWR-0007,call_records_synthetic
CALL-0722,P005,P008,9395310485,9249827706,6,Phase-6,465,REC-0722,TWR-0007,call_records_synthetic
CALL-0723,P005,P008,9395310485,9249827706,6,Phase-6,254,REC-0723,TWR-0010,call_records_synthetic
CALL-0724,P085,P008,9508157429,9249827706,6,Phase-6,210,REC-0724,TWR-0009,call_records_synthetic
CALL-0725,P001,P076,9786579303,9174684276,6,Phase-6,853,REC-0725,TWR-0002,call_records_synthetic
CALL-0726,P001,P076,9786579303,9174684276,6,Phase-6,742,REC-0726,TWR-0018,call_records_synthetic
CALL-0727,P001,P076,9786579303,9174684276,6,Phase-6,560,REC-0727,TWR-0006,call_records_synthetic
CALL-0728,P001,P076,9786579303,9174684276,6,Phase-6,505,REC-0728,TWR-0018,call_records_synthetic
CALL-0729,P001,P076,9786579303,9174684276,6,Phase-6,81,REC-0729,TWR-0030,call_records_synthetic
CALL-0730,P003,P076,9126855092,9174684276,6,Phase-6,600,REC-0730,TWR-0021,call_records_synthetic
CALL-0731,P003,P076,9126855092,9174684276,6,Phase-6,285,REC-0731,TWR-0031,call_records_synthetic
CALL-0732,P003,P076,9126855092,9174684276,6,Phase-6,898,REC-0732,TWR-0005,call_records_synthetic
CALL-0733,P003,P076,9126855092,9174684276,6,Phase-6,154,REC-0733,TWR-0022,call_records_synthetic
CALL-0734,P003,P076,9126855092,9174684276,6,Phase-6,497,REC-0734,TWR-0003,call_records_synthetic
CALL-0735,P085,P076,9508157429,9174684276,6,Phase-6,166,REC-0735,TWR-0019,call_records_synthetic
CALL-0736,P012,P076,9895285932,9174684276,6,Phase-6,850,REC-0736,TWR-0027,call_records_synthetic
CALL-0737,P012,P076,9895285932,9174684276,6,Phase-6,505,REC-0737,TWR-0010,call_records_synthetic
CALL-0738,P012,P076,9895285932,9174684276,6,Phase-6,713,REC-0738,TWR-0012,call_records_synthetic
CALL-0739,P012,P076,9895285932,9174684276,6,Phase-6,573,REC-0739,TWR-0012,call_records_synthetic
CALL-0740,P012,P076,9895285932,9174684276,6,Phase-6,602,REC-0740,TWR-0003,call_records_synthetic
CALL-0741,P078,P076,9810026086,9174684276,6,Phase-6,639,REC-0741,TWR-0028,call_records_synthetic
CALL-0742,P078,P076,9810026086,9174684276,6,Phase-6,354,REC-0742,TWR-0032,call_records_synthetic
CALL-0743,P078,P076,9810026086,9174684276,6,Phase-6,803,REC-0743,TWR-0003,call_records_synthetic
CALL-0744,P078,P076,9810026086,9174684276,6,Phase-6,483,REC-0744,TWR-0015,call_records_synthetic
CALL-0745,P078,P076,9810026086,9174684276,6,Phase-6,657,REC-0745,TWR-0012,call_records_synthetic
CALL-0746,P015,P076,9734036506,9174684276,6,Phase-6,864,REC-0746,TWR-0025,call_records_synthetic
CALL-0747,P015,P076,9734036506,9174684276,6,Phase-6,766,REC-0747,TWR-0017,call_records_synthetic
CALL-0748,P003,P009,9126855092,9890779946,6,Phase-6,546,REC-0748,TWR-0027,call_records_synthetic
CALL-0749,P003,P009,9126855092,9890779946,6,Phase-6,466,REC-0749,TWR-0018,call_records_synthetic
CALL-0750,P003,P009,9126855092,9890779946,6,Phase-6,880,REC-0750,TWR-0016,call_records_synthetic
CALL-0751,P012,P009,9895285932,9890779946,6,Phase-6,591,REC-0751,TWR-0010,call_records_synthetic
CALL-0752,P012,P013,9895285932,9685582861,6,Phase-6,486,REC-0752,TWR-0011,call_records_synthetic
CALL-0753,P012,P013,9895285932,9685582861,6,Phase-6,192,REC-0753,TWR-0001,call_records_synthetic
CALL-0754,P012,P013,9895285932,9685582861,6,Phase-6,791,REC-0754,TWR-0014,call_records_synthetic
CALL-0755,P012,P031,9895285932,9550455977,6,Phase-6,516,REC-0755,TWR-0024,call_records_synthetic
CALL-0756,P001,P012,9786579303,9895285932,6,Phase-6,490,REC-0756,TWR-0002,call_records_synthetic
CALL-0757,P001,P012,9786579303,9895285932,6,Phase-6,295,REC-0757,TWR-0024,call_records_synthetic
CALL-0758,P003,P012,9126855092,9895285932,6,Phase-6,799,REC-0758,TWR-0014,call_records_synthetic
CALL-0759,P003,P012,9126855092,9895285932,6,Phase-6,283,REC-0759,TWR-0030,call_records_synthetic
CALL-0760,P003,P012,9126855092,9895285932,6,Phase-6,890,REC-0760,TWR-0032,call_records_synthetic
CALL-0761,P003,P012,9126855092,9895285932,6,Phase-6,682,REC-0761,TWR-0014,call_records_synthetic
CALL-0762,P003,P012,9126855092,9895285932,6,Phase-6,313,REC-0762,TWR-0027,call_records_synthetic
CALL-0763,P013,P012,9685582861,9895285932,6,Phase-6,814,REC-0763,TWR-0025,call_records_synthetic
CALL-0764,P013,P012,9685582861,9895285932,6,Phase-6,826,REC-0764,TWR-0019,call_records_synthetic
CALL-0765,P014,P012,9193349856,9895285932,6,Phase-6,563,REC-0765,TWR-0010,call_records_synthetic
CALL-0766,P018,P012,9131994523,9895285932,6,Phase-6,526,REC-0766,TWR-0008,call_records_synthetic
CALL-0767,P018,P012,9131994523,9895285932,6,Phase-6,671,REC-0767,TWR-0028,call_records_synthetic
CALL-0768,P018,P012,9131994523,9895285932,6,Phase-6,274,REC-0768,TWR-0015,call_records_synthetic
CALL-0769,P018,P012,9131994523,9895285932,6,Phase-6,311,REC-0769,TWR-0028,call_records_synthetic
CALL-0770,P018,P012,9131994523,9895285932,6,Phase-6,480,REC-0770,TWR-0028,call_records_synthetic
CALL-0771,P017,P012,9134126396,9895285932,6,Phase-6,109,REC-0771,TWR-0002,call_records_synthetic
CALL-0772,P017,P012,9134126396,9895285932,6,Phase-6,760,REC-0772,TWR-0005,call_records_synthetic
CALL-0773,P017,P012,9134126396,9895285932,6,Phase-6,322,REC-0773,TWR-0009,call_records_synthetic
CALL-0774,P017,P012,9134126396,9895285932,6,Phase-6,270,REC-0774,TWR-0021,call_records_synthetic
CALL-0775,P017,P012,9134126396,9895285932,6,Phase-6,308,REC-0775,TWR-0001,call_records_synthetic
CALL-0776,P025,P012,9702632297,9895285932,6,Phase-6,373,REC-0776,TWR-0023,call_records_synthetic
CALL-0777,P003,P014,9126855092,9193349856,6,Phase-6,357,REC-0777,TWR-0015,call_records_synthetic
CALL-0778,P012,P014,9895285932,9193349856,6,Phase-6,583,REC-0778,TWR-0016,call_records_synthetic
CALL-0779,P012,P014,9895285932,9193349856,6,Phase-6,112,REC-0779,TWR-0016,call_records_synthetic
CALL-0780,P012,P014,9895285932,9193349856,6,Phase-6,171,REC-0780,TWR-0013,call_records_synthetic
CALL-0781,P012,P014,9895285932,9193349856,6,Phase-6,184,REC-0781,TWR-0022,call_records_synthetic
CALL-0782,P012,P018,9895285932,9131994523,6,Phase-6,266,REC-0782,TWR-0022,call_records_synthetic
CALL-0783,P012,P018,9895285932,9131994523,6,Phase-6,422,REC-0783,TWR-0003,call_records_synthetic
CALL-0784,P012,P018,9895285932,9131994523,6,Phase-6,740,REC-0784,TWR-0013,call_records_synthetic
CALL-0785,P012,P018,9895285932,9131994523,6,Phase-6,186,REC-0785,TWR-0005,call_records_synthetic
CALL-0786,P012,P018,9895285932,9131994523,6,Phase-6,753,REC-0786,TWR-0032,call_records_synthetic
CALL-0787,P012,P017,9895285932,9134126396,6,Phase-6,249,REC-0787,TWR-0016,call_records_synthetic
CALL-0788,P012,P017,9895285932,9134126396,6,Phase-6,95,REC-0788,TWR-0008,call_records_synthetic
CALL-0789,P012,P017,9895285932,9134126396,6,Phase-6,454,REC-0789,TWR-0030,call_records_synthetic
CALL-0790,P012,P017,9895285932,9134126396,6,Phase-6,447,REC-0790,TWR-0030,call_records_synthetic
CALL-0791,P012,P017,9895285932,9134126396,6,Phase-6,368,REC-0791,TWR-0030,call_records_synthetic
CALL-0792,P012,P025,9895285932,9702632297,6,Phase-6,585,REC-0792,TWR-0006,call_records_synthetic
CALL-0793,P012,P025,9895285932,9702632297,6,Phase-6,507,REC-0793,TWR-0025,call_records_synthetic
CALL-0794,P012,P025,9895285932,9702632297,6,Phase-6,455,REC-0794,TWR-0022,call_records_synthetic
CALL-0795,P001,P082,9786579303,9185675980,6,Phase-6,93,REC-0795,TWR-0028,call_records_synthetic
CALL-0796,P001,P019,9786579303,9200604502,6,Phase-6,241,REC-0796,TWR-0002,call_records_synthetic
CALL-0797,P001,P019,9786579303,9200604502,6,Phase-6,882,REC-0797,TWR-0014,call_records_synthetic
CALL-0798,P001,P019,9786579303,9200604502,6,Phase-6,460,REC-0798,TWR-0028,call_records_synthetic
CALL-0799,P001,P019,9786579303,9200604502,6,Phase-6,428,REC-0799,TWR-0025,call_records_synthetic
CALL-0800,P001,P019,9786579303,9200604502,6,Phase-6,818,REC-0800,TWR-0025,call_records_synthetic
CALL-0801,P076,P019,9174684276,9200604502,6,Phase-6,628,REC-0801,TWR-0011,call_records_synthetic
CALL-0802,P076,P078,9174684276,9810026086,6,Phase-6,742,REC-0802,TWR-0028,call_records_synthetic
CALL-0803,P076,P078,9174684276,9810026086,6,Phase-6,50,REC-0803,TWR-0008,call_records_synthetic
CALL-0804,P076,P078,9174684276,9810026086,6,Phase-6,813,REC-0804,TWR-0025,call_records_synthetic
CALL-0805,P001,P077,9786579303,9149203558,6,Phase-6,619,REC-0805,TWR-0008,call_records_synthetic
CALL-0806,P001,P077,9786579303,9149203558,6,Phase-6,419,REC-0806,TWR-0021,call_records_synthetic
CALL-0807,P003,P077,9126855092,9149203558,6,Phase-6,518,REC-0807,TWR-0025,call_records_synthetic
CALL-0808,P011,P020,9826600539,9334760738,6,Phase-6,36,REC-0808,TWR-0002,call_records_synthetic
CALL-0809,P011,P020,9826600539,9334760738,6,Phase-6,390,REC-0809,TWR-0027,call_records_synthetic
CALL-0810,P011,P020,9826600539,9334760738,6,Phase-6,335,REC-0810,TWR-0008,call_records_synthetic
CALL-0811,P011,P020,9826600539,9334760738,6,Phase-6,801,REC-0811,TWR-0010,call_records_synthetic
CALL-0812,P011,P020,9826600539,9334760738,6,Phase-6,429,REC-0812,TWR-0024,call_records_synthetic
CALL-0813,P001,P015,9786579303,9734036506,6,Phase-6,885,REC-0813,TWR-0011,call_records_synthetic
CALL-0814,P001,P015,9786579303,9734036506,6,Phase-6,459,REC-0814,TWR-0006,call_records_synthetic
CALL-0815,P003,P001,9126855092,9786579303,7,Phase-7,581,REC-0815,TWR-0017,call_records_synthetic
CALL-0816,P003,P001,9126855092,9786579303,7,Phase-7,795,REC-0816,TWR-0003,call_records_synthetic
CALL-0817,P003,P001,9126855092,9786579303,7,Phase-7,782,REC-0817,TWR-0026,call_records_synthetic
CALL-0818,P003,P001,9126855092,9786579303,7,Phase-7,589,REC-0818,TWR-0009,call_records_synthetic
CALL-0819,P003,P001,9126855092,9786579303,7,Phase-7,849,REC-0819,TWR-0004,call_records_synthetic
CALL-0820,P085,P001,9508157429,9786579303,7,Phase-7,647,REC-0820,TWR-0029,call_records_synthetic
CALL-0821,P085,P001,9508157429,9786579303,7,Phase-7,255,REC-0821,TWR-0013,call_records_synthetic
CALL-0822,P085,P001,9508157429,9786579303,7,Phase-7,529,REC-0822,TWR-0012,call_records_synthetic
CALL-0823,P085,P001,9508157429,9786579303,7,Phase-7,254,REC-0823,TWR-0018,call_records_synthetic
CALL-0824,P002,P001,9219540831,9786579303,7,Phase-7,309,REC-0824,TWR-0004,call_records_synthetic
CALL-0825,P002,P001,9219540831,9786579303,7,Phase-7,476,REC-0825,TWR-0021,call_records_synthetic
CALL-0826,P002,P001,9219540831,9786579303,7,Phase-7,527,REC-0826,TWR-0022,call_records_synthetic
CALL-0827,P002,P001,9219540831,9786579303,7,Phase-7,59,REC-0827,TWR-0003,call_records_synthetic
CALL-0828,P002,P001,9219540831,9786579303,7,Phase-7,428,REC-0828,TWR-0016,call_records_synthetic
CALL-0829,P006,P001,9362950628,9786579303,7,Phase-7,374,REC-0829,TWR-0031,call_records_synthetic
CALL-0830,P006,P001,9362950628,9786579303,7,Phase-7,714,REC-0830,TWR-0025,call_records_synthetic
CALL-0831,P006,P001,9362950628,9786579303,7,Phase-7,725,REC-0831,TWR-0004,call_records_synthetic
CALL-0832,P006,P001,9362950628,9786579303,7,Phase-7,847,REC-0832,TWR-0031,call_records_synthetic
CALL-0833,P055,P001,9748245888,9786579303,7,Phase-7,444,REC-0833,TWR-0032,call_records_synthetic
CALL-0834,P076,P001,9174684276,9786579303,7,Phase-7,771,REC-0834,TWR-0004,call_records_synthetic
CALL-0835,P076,P001,9174684276,9786579303,7,Phase-7,199,REC-0835,TWR-0010,call_records_synthetic
CALL-0836,P076,P001,9174684276,9786579303,7,Phase-7,890,REC-0836,TWR-0022,call_records_synthetic
CALL-0837,P076,P001,9174684276,9786579303,7,Phase-7,508,REC-0837,TWR-0031,call_records_synthetic
CALL-0838,P034,P001,9732719211,9786579303,7,Phase-7,160,REC-0838,TWR-0011,call_records_synthetic
CALL-0839,P011,P001,9826600539,9786579303,7,Phase-7,667,REC-0839,TWR-0013,call_records_synthetic
CALL-0840,P011,P001,9826600539,9786579303,7,Phase-7,576,REC-0840,TWR-0019,call_records_synthetic
CALL-0841,P011,P001,9826600539,9786579303,7,Phase-7,57,REC-0841,TWR-0023,call_records_synthetic
CALL-0842,P011,P001,9826600539,9786579303,7,Phase-7,433,REC-0842,TWR-0028,call_records_synthetic
CALL-0843,P011,P001,9826600539,9786579303,7,Phase-7,636,REC-0843,TWR-0026,call_records_synthetic
CALL-0844,P019,P001,9200604502,9786579303,7,Phase-7,607,REC-0844,TWR-0005,call_records_synthetic
CALL-0845,P019,P001,9200604502,9786579303,7,Phase-7,708,REC-0845,TWR-0025,call_records_synthetic
CALL-0846,P019,P001,9200604502,9786579303,7,Phase-7,57,REC-0846,TWR-0009,call_records_synthetic
CALL-0847,P019,P001,9200604502,9786579303,7,Phase-7,115,REC-0847,TWR-0019,call_records_synthetic
CALL-0848,P019,P001,9200604502,9786579303,7,Phase-7,688,REC-0848,TWR-0030,call_records_synthetic
CALL-0849,P077,P001,9149203558,9786579303,7,Phase-7,468,REC-0849,TWR-0004,call_records_synthetic
CALL-0850,P077,P001,9149203558,9786579303,7,Phase-7,168,REC-0850,TWR-0023,call_records_synthetic
CALL-0851,P077,P001,9149203558,9786579303,7,Phase-7,502,REC-0851,TWR-0020,call_records_synthetic
CALL-0852,P077,P001,9149203558,9786579303,7,Phase-7,216,REC-0852,TWR-0015,call_records_synthetic
CALL-0853,P077,P001,9149203558,9786579303,7,Phase-7,81,REC-0853,TWR-0021,call_records_synthetic
CALL-0854,P087,P001,9586845604,9786579303,7,Phase-7,296,REC-0854,TWR-0008,call_records_synthetic
CALL-0855,P087,P001,9586845604,9786579303,7,Phase-7,418,REC-0855,TWR-0003,call_records_synthetic
CALL-0856,P087,P001,9586845604,9786579303,7,Phase-7,365,REC-0856,TWR-0030,call_records_synthetic
CALL-0857,P087,P001,9586845604,9786579303,7,Phase-7,246,REC-0857,TWR-0019,call_records_synthetic
CALL-0858,P087,P001,9586845604,9786579303,7,Phase-7,495,REC-0858,TWR-0017,call_records_synthetic
CALL-0859,P020,P001,9334760738,9786579303,7,Phase-7,364,REC-0859,TWR-0026,call_records_synthetic
CALL-0860,P020,P001,9334760738,9786579303,7,Phase-7,375,REC-0860,TWR-0007,call_records_synthetic
CALL-0861,P020,P001,9334760738,9786579303,7,Phase-7,809,REC-0861,TWR-0013,call_records_synthetic
CALL-0862,P020,P001,9334760738,9786579303,7,Phase-7,418,REC-0862,TWR-0017,call_records_synthetic
CALL-0863,P020,P001,9334760738,9786579303,7,Phase-7,314,REC-0863,TWR-0002,call_records_synthetic
CALL-0864,P069,P001,9990566476,9786579303,7,Phase-7,800,REC-0864,TWR-0012,call_records_synthetic
CALL-0865,P069,P001,9990566476,9786579303,7,Phase-7,881,REC-0865,TWR-0006,call_records_synthetic
CALL-0866,P069,P001,9990566476,9786579303,7,Phase-7,461,REC-0866,TWR-0006,call_records_synthetic
CALL-0867,P069,P001,9990566476,9786579303,7,Phase-7,288,REC-0867,TWR-0002,call_records_synthetic
CALL-0868,P069,P001,9990566476,9786579303,7,Phase-7,884,REC-0868,TWR-0026,call_records_synthetic
CALL-0869,P068,P001,9414797776,9786579303,7,Phase-7,113,REC-0869,TWR-0003,call_records_synthetic
CALL-0870,P068,P001,9414797776,9786579303,7,Phase-7,511,REC-0870,TWR-0015,call_records_synthetic
CALL-0871,P068,P001,9414797776,9786579303,7,Phase-7,49,REC-0871,TWR-0022,call_records_synthetic
CALL-0872,P068,P001,9414797776,9786579303,7,Phase-7,797,REC-0872,TWR-0013,call_records_synthetic
CALL-0873,P068,P001,9414797776,9786579303,7,Phase-7,582,REC-0873,TWR-0024,call_records_synthetic
CALL-0874,P015,P001,9734036506,9786579303,7,Phase-7,83,REC-0874,TWR-0031,call_records_synthetic
CALL-0875,P001,P004,9786579303,9896233790,7,Phase-7,388,REC-0875,TWR-0017,call_records_synthetic
CALL-0876,P001,P083,9786579303,9349957310,7,Phase-7,259,REC-0876,TWR-0023,call_records_synthetic
CALL-0877,P003,P083,9126855092,9349957310,7,Phase-7,695,REC-0877,TWR-0020,call_records_synthetic
CALL-0878,P003,P083,9126855092,9349957310,7,Phase-7,100,REC-0878,TWR-0007,call_records_synthetic
CALL-0879,P003,P083,9126855092,9349957310,7,Phase-7,829,REC-0879,TWR-0015,call_records_synthetic
CALL-0880,P003,P083,9126855092,9349957310,7,Phase-7,697,REC-0880,TWR-0004,call_records_synthetic
CALL-0881,P009,P083,9890779946,9349957310,7,Phase-7,71,REC-0881,TWR-0026,call_records_synthetic
CALL-0882,P009,P083,9890779946,9349957310,7,Phase-7,802,REC-0882,TWR-0019,call_records_synthetic
CALL-0883,P009,P083,9890779946,9349957310,7,Phase-7,61,REC-0883,TWR-0009,call_records_synthetic
CALL-0884,P009,P083,9890779946,9349957310,7,Phase-7,283,REC-0884,TWR-0001,call_records_synthetic
CALL-0885,P009,P083,9890779946,9349957310,7,Phase-7,234,REC-0885,TWR-0032,call_records_synthetic
CALL-0886,P001,P003,9786579303,9126855092,7,Phase-7,889,REC-0886,TWR-0021,call_records_synthetic
CALL-0887,P001,P003,9786579303,9126855092,7,Phase-7,50,REC-0887,TWR-0030,call_records_synthetic
CALL-0888,P001,P003,9786579303,9126855092,7,Phase-7,666,REC-0888,TWR-0022,call_records_synthetic
CALL-0889,P001,P003,9786579303,9126855092,7,Phase-7,186,REC-0889,TWR-0023,call_records_synthetic
CALL-0890,P001,P003,9786579303,9126855092,7,Phase-7,274,REC-0890,TWR-0026,call_records_synthetic
CALL-0891,P087,P003,9586845604,9126855092,7,Phase-7,159,REC-0891,TWR-0002,call_records_synthetic
CALL-0892,P087,P003,9586845604,9126855092,7,Phase-7,514,REC-0892,TWR-0012,call_records_synthetic
CALL-0893,P001,P005,9786579303,9395310485,7,Phase-7,715,REC-0893,TWR-0022,call_records_synthetic
CALL-0894,P001,P005,9786579303,9395310485,7,Phase-7,147,REC-0894,TWR-0017,call_records_synthetic
CALL-0895,P001,P005,9786579303,9395310485,7,Phase-7,607,REC-0895,TWR-0001,call_records_synthetic
CALL-0896,P003,P088,9126855092,9782560971,7,Phase-7,253,REC-0896,TWR-0017,call_records_synthetic
CALL-0897,P085,P088,9508157429,9782560971,7,Phase-7,506,REC-0897,TWR-0013,call_records_synthetic
CALL-0898,P001,P085,9786579303,9508157429,7,Phase-7,746,REC-0898,TWR-0024,call_records_synthetic
CALL-0899,P001,P085,9786579303,9508157429,7,Phase-7,292,REC-0899,TWR-0023,call_records_synthetic
CALL-0900,P003,P085,9126855092,9508157429,7,Phase-7,815,REC-0900,TWR-0009,call_records_synthetic
CALL-0901,P003,P085,9126855092,9508157429,7,Phase-7,407,REC-0901,TWR-0028,call_records_synthetic
CALL-0902,P003,P085,9126855092,9508157429,7,Phase-7,201,REC-0902,TWR-0024,call_records_synthetic
CALL-0903,P003,P085,9126855092,9508157429,7,Phase-7,650,REC-0903,TWR-0020,call_records_synthetic
CALL-0904,P074,P085,9306468299,9508157429,7,Phase-7,651,REC-0904,TWR-0002,call_records_synthetic
CALL-0905,P001,P062,9786579303,9593303705,7,Phase-7,795,REC-0905,TWR-0021,call_records_synthetic
CALL-0906,P001,P009,9786579303,9890779946,7,Phase-7,765,REC-0906,TWR-0012,call_records_synthetic
CALL-0907,P083,P009,9349957310,9890779946,7,Phase-7,147,REC-0907,TWR-0028,call_records_synthetic
CALL-0908,P003,P009,9126855092,9890779946,7,Phase-7,826,REC-0908,TWR-0009,call_records_synthetic
CALL-0909,P003,P009,9126855092,9890779946,7,Phase-7,868,REC-0909,TWR-0023,call_records_synthetic
CALL-0910,P003,P009,9126855092,9890779946,7,Phase-7,197,REC-0910,TWR-0026,call_records_synthetic
CALL-0911,P003,P009,9126855092,9890779946,7,Phase-7,348,REC-0911,TWR-0028,call_records_synthetic
CALL-0912,P003,P009,9126855092,9890779946,7,Phase-7,140,REC-0912,TWR-0015,call_records_synthetic
CALL-0913,P001,P002,9786579303,9219540831,7,Phase-7,622,REC-0913,TWR-0018,call_records_synthetic
CALL-0914,P001,P002,9786579303,9219540831,7,Phase-7,56,REC-0914,TWR-0021,call_records_synthetic
CALL-0915,P001,P002,9786579303,9219540831,7,Phase-7,349,REC-0915,TWR-0027,call_records_synthetic
CALL-0916,P001,P002,9786579303,9219540831,7,Phase-7,619,REC-0916,TWR-0029,call_records_synthetic
CALL-0917,P001,P002,9786579303,9219540831,7,Phase-7,723,REC-0917,TWR-0027,call_records_synthetic
CALL-0918,P003,P002,9126855092,9219540831,7,Phase-7,414,REC-0918,TWR-0029,call_records_synthetic
CALL-0919,P001,P006,9786579303,9362950628,7,Phase-7,436,REC-0919,TWR-0022,call_records_synthetic
CALL-0920,P001,P006,9786579303,9362950628,7,Phase-7,762,REC-0920,TWR-0032,call_records_synthetic
CALL-0921,P001,P006,9786579303,9362950628,7,Phase-7,233,REC-0921,TWR-0008,call_records_synthetic
CALL-0922,P001,P006,9786579303,9362950628,7,Phase-7,107,REC-0922,TWR-0014,call_records_synthetic
CALL-0923,P001,P006,9786579303,9362950628,7,Phase-7,636,REC-0923,TWR-0011,call_records_synthetic
CALL-0924,P001,P008,9786579303,9249827706,7,Phase-7,737,REC-0924,TWR-0025,call_records_synthetic
CALL-0925,P001,P076,9786579303,9174684276,7,Phase-7,880,REC-0925,TWR-0013,call_records_synthetic
CALL-0926,P001,P076,9786579303,9174684276,7,Phase-7,672,REC-0926,TWR-0023,call_records_synthetic
CALL-0927,P001,P076,9786579303,9174684276,7,Phase-7,278,REC-0927,TWR-0027,call_records_synthetic
CALL-0928,P001,P076,9786579303,9174684276,7,Phase-7,134,REC-0928,TWR-0015,call_records_synthetic
CALL-0929,P001,P076,9786579303,9174684276,7,Phase-7,743,REC-0929,TWR-0030,call_records_synthetic
CALL-0930,P019,P076,9200604502,9174684276,7,Phase-7,821,REC-0930,TWR-0014,call_records_synthetic
CALL-0931,P078,P076,9810026086,9174684276,7,Phase-7,338,REC-0931,TWR-0032,call_records_synthetic
CALL-0932,P078,P076,9810026086,9174684276,7,Phase-7,900,REC-0932,TWR-0026,call_records_synthetic
CALL-0933,P078,P076,9810026086,9174684276,7,Phase-7,730,REC-0933,TWR-0014,call_records_synthetic
CALL-0934,P078,P076,9810026086,9174684276,7,Phase-7,644,REC-0934,TWR-0020,call_records_synthetic
CALL-0935,P078,P076,9810026086,9174684276,7,Phase-7,854,REC-0935,TWR-0008,call_records_synthetic
CALL-0936,P001,P011,9786579303,9826600539,7,Phase-7,153,REC-0936,TWR-0002,call_records_synthetic
CALL-0937,P018,P012,9131994523,9895285932,7,Phase-7,845,REC-0937,TWR-0002,call_records_synthetic
CALL-0938,P018,P012,9131994523,9895285932,7,Phase-7,609,REC-0938,TWR-0012,call_records_synthetic
CALL-0939,P018,P012,9131994523,9895285932,7,Phase-7,831,REC-0939,TWR-0008,call_records_synthetic
CALL-0940,P018,P012,9131994523,9895285932,7,Phase-7,72,REC-0940,TWR-0006,call_records_synthetic
CALL-0941,P018,P012,9131994523,9895285932,7,Phase-7,385,REC-0941,TWR-0015,call_records_synthetic
CALL-0942,P017,P012,9134126396,9895285932,7,Phase-7,575,REC-0942,TWR-0007,call_records_synthetic
CALL-0943,P022,P012,9642621108,9895285932,7,Phase-7,468,REC-0943,TWR-0002,call_records_synthetic
CALL-0944,P016,P012,9553035110,9895285932,7,Phase-7,707,REC-0944,TWR-0012,call_records_synthetic
CALL-0945,P016,P012,9553035110,9895285932,7,Phase-7,409,REC-0945,TWR-0030,call_records_synthetic
CALL-0946,P016,P012,9553035110,9895285932,7,Phase-7,100,REC-0946,TWR-0026,call_records_synthetic
CALL-0947,P016,P012,9553035110,9895285932,7,Phase-7,548,REC-0947,TWR-0031,call_records_synthetic
CALL-0948,P075,P012,9856528252,9895285932,7,Phase-7,693,REC-0948,TWR-0028,call_records_synthetic
CALL-0949,P001,P014,9786579303,9193349856,7,Phase-7,379,REC-0949,TWR-0015,call_records_synthetic
CALL-0950,P001,P014,9786579303,9193349856,7,Phase-7,42,REC-0950,TWR-0025,call_records_synthetic
CALL-0951,P001,P019,9786579303,9200604502,7,Phase-7,899,REC-0951,TWR-0019,call_records_synthetic
CALL-0952,P001,P019,9786579303,9200604502,7,Phase-7,460,REC-0952,TWR-0025,call_records_synthetic
CALL-0953,P001,P019,9786579303,9200604502,7,Phase-7,872,REC-0953,TWR-0020,call_records_synthetic
CALL-0954,P001,P019,9786579303,9200604502,7,Phase-7,531,REC-0954,TWR-0025,call_records_synthetic
CALL-0955,P003,P019,9126855092,9200604502,7,Phase-7,138,REC-0955,TWR-0010,call_records_synthetic
CALL-0956,P076,P019,9174684276,9200604502,7,Phase-7,473,REC-0956,TWR-0026,call_records_synthetic
CALL-0957,P077,P019,9149203558,9200604502,7,Phase-7,400,REC-0957,TWR-0018,call_records_synthetic
CALL-0958,P076,P078,9174684276,9810026086,7,Phase-7,680,REC-0958,TWR-0007,call_records_synthetic
CALL-0959,P076,P078,9174684276,9810026086,7,Phase-7,878,REC-0959,TWR-0024,call_records_synthetic
CALL-0960,P076,P078,9174684276,9810026086,7,Phase-7,500,REC-0960,TWR-0006,call_records_synthetic
CALL-0961,P076,P078,9174684276,9810026086,7,Phase-7,754,REC-0961,TWR-0015,call_records_synthetic
CALL-0962,P076,P078,9174684276,9810026086,7,Phase-7,186,REC-0962,TWR-0016,call_records_synthetic
CALL-0963,P079,P078,9344703907,9810026086,7,Phase-7,475,REC-0963,TWR-0010,call_records_synthetic
CALL-0964,P079,P078,9344703907,9810026086,7,Phase-7,210,REC-0964,TWR-0012,call_records_synthetic
CALL-0965,P079,P078,9344703907,9810026086,7,Phase-7,781,REC-0965,TWR-0031,call_records_synthetic
CALL-0966,P001,P077,9786579303,9149203558,7,Phase-7,564,REC-0966,TWR-0023,call_records_synthetic
CALL-0967,P001,P077,9786579303,9149203558,7,Phase-7,696,REC-0967,TWR-0005,call_records_synthetic
CALL-0968,P001,P077,9786579303,9149203558,7,Phase-7,306,REC-0968,TWR-0001,call_records_synthetic
CALL-0969,P001,P077,9786579303,9149203558,7,Phase-7,660,REC-0969,TWR-0024,call_records_synthetic
CALL-0970,P001,P077,9786579303,9149203558,7,Phase-7,857,REC-0970,TWR-0025,call_records_synthetic
CALL-0971,P003,P077,9126855092,9149203558,7,Phase-7,581,REC-0971,TWR-0006,call_records_synthetic
CALL-0972,P003,P077,9126855092,9149203558,7,Phase-7,823,REC-0972,TWR-0003,call_records_synthetic
CALL-0973,P001,P087,9786579303,9586845604,7,Phase-7,525,REC-0973,TWR-0028,call_records_synthetic
CALL-0974,P001,P087,9786579303,9586845604,7,Phase-7,506,REC-0974,TWR-0024,call_records_synthetic
CALL-0975,P011,P020,9826600539,9334760738,7,Phase-7,476,REC-0975,TWR-0027,call_records_synthetic
CALL-0976,P011,P020,9826600539,9334760738,7,Phase-7,875,REC-0976,TWR-0018,call_records_synthetic
CALL-0977,P011,P020,9826600539,9334760738,7,Phase-7,778,REC-0977,TWR-0023,call_records_synthetic
CALL-0978,P011,P020,9826600539,9334760738,7,Phase-7,636,REC-0978,TWR-0004,call_records_synthetic
CALL-0979,P011,P020,9826600539,9334760738,7,Phase-7,304,REC-0979,TWR-0020,call_records_synthetic
CALL-0980,P012,P022,9895285932,9642621108,7,Phase-7,360,REC-0980,TWR-0032,call_records_synthetic
CALL-0981,P003,P074,9126855092,9306468299,7,Phase-7,281,REC-0981,TWR-0032,call_records_synthetic
CALL-0982,P003,P074,9126855092,9306468299,7,Phase-7,880,REC-0982,TWR-0029,call_records_synthetic
CALL-0983,P003,P074,9126855092,9306468299,7,Phase-7,118,REC-0983,TWR-0014,call_records_synthetic
CALL-0984,P076,P079,9174684276,9344703907,7,Phase-7,315,REC-0984,TWR-0018,call_records_synthetic
CALL-0985,P078,P079,9810026086,9344703907,7,Phase-7,491,REC-0985,TWR-0015,call_records_synthetic
CALL-0986,P076,P061,9174684276,9883543540,7,Phase-7,279,REC-0986,TWR-0031,call_records_synthetic
CALL-0987,P076,P061,9174684276,9883543540,7,Phase-7,798,REC-0987,TWR-0015,call_records_synthetic
CALL-0988,P001,P028,9786579303,9797808098,7,Phase-7,505,REC-0988,TWR-0020,call_records_synthetic
CALL-0989,P001,P081,9786579303,9410727955,7,Phase-7,613,REC-0989,TWR-0008,call_records_synthetic
CALL-0990,P087,P081,9586845604,9410727955,7,Phase-7,654,REC-0990,TWR-0012,call_records_synthetic
CALL-0991,P087,P081,9586845604,9410727955,7,Phase-7,714,REC-0991,TWR-0022,call_records_synthetic
CALL-0992,P004,P001,9896233790,9786579303,8,Phase-8,418,REC-0992,TWR-0013,call_records_synthetic
CALL-0993,P003,P001,9126855092,9786579303,8,Phase-8,374,REC-0993,TWR-0022,call_records_synthetic
CALL-0994,P003,P001,9126855092,9786579303,8,Phase-8,59,REC-0994,TWR-0024,call_records_synthetic
CALL-0995,P003,P001,9126855092,9786579303,8,Phase-8,536,REC-0995,TWR-0021,call_records_synthetic
CALL-0996,P003,P001,9126855092,9786579303,8,Phase-8,362,REC-0996,TWR-0014,call_records_synthetic
CALL-0997,P003,P001,9126855092,9786579303,8,Phase-8,216,REC-0997,TWR-0011,call_records_synthetic
CALL-0998,P085,P001,9508157429,9786579303,8,Phase-8,529,REC-0998,TWR-0020,call_records_synthetic
CALL-0999,P002,P001,9219540831,9786579303,8,Phase-8,247,REC-0999,TWR-0032,call_records_synthetic
CALL-1000,P002,P001,9219540831,9786579303,8,Phase-8,393,REC-1000,TWR-0009,call_records_synthetic
CALL-1001,P006,P001,9362950628,9786579303,8,Phase-8,846,REC-1001,TWR-0028,call_records_synthetic
CALL-1002,P076,P001,9174684276,9786579303,8,Phase-8,294,REC-1002,TWR-0023,call_records_synthetic
CALL-1003,P014,P001,9193349856,9786579303,8,Phase-8,378,REC-1003,TWR-0028,call_records_synthetic
CALL-1004,P019,P001,9200604502,9786579303,8,Phase-8,316,REC-1004,TWR-0017,call_records_synthetic
CALL-1005,P087,P001,9586845604,9786579303,8,Phase-8,640,REC-1005,TWR-0008,call_records_synthetic
CALL-1006,P087,P001,9586845604,9786579303,8,Phase-8,748,REC-1006,TWR-0006,call_records_synthetic
CALL-1007,P087,P001,9586845604,9786579303,8,Phase-8,312,REC-1007,TWR-0007,call_records_synthetic
CALL-1008,P087,P001,9586845604,9786579303,8,Phase-8,599,REC-1008,TWR-0005,call_records_synthetic
CALL-1009,P087,P001,9586845604,9786579303,8,Phase-8,40,REC-1009,TWR-0022,call_records_synthetic
CALL-1010,P028,P001,9797808098,9786579303,8,Phase-8,559,REC-1010,TWR-0013,call_records_synthetic
CALL-1011,P001,P004,9786579303,9896233790,8,Phase-8,225,REC-1011,TWR-0008,call_records_synthetic
CALL-1012,P001,P004,9786579303,9896233790,8,Phase-8,117,REC-1012,TWR-0014,call_records_synthetic
CALL-1013,P001,P083,9786579303,9349957310,8,Phase-8,277,REC-1013,TWR-0016,call_records_synthetic
CALL-1014,P001,P083,9786579303,9349957310,8,Phase-8,767,REC-1014,TWR-0008,call_records_synthetic
CALL-1015,P001,P003,9786579303,9126855092,8,Phase-8,446,REC-1015,TWR-0005,call_records_synthetic
CALL-1016,P001,P003,9786579303,9126855092,8,Phase-8,530,REC-1016,TWR-0017,call_records_synthetic
CALL-1017,P001,P003,9786579303,9126855092,8,Phase-8,598,REC-1017,TWR-0006,call_records_synthetic
CALL-1018,P001,P003,9786579303,9126855092,8,Phase-8,806,REC-1018,TWR-0030,call_records_synthetic
CALL-1019,P001,P003,9786579303,9126855092,8,Phase-8,276,REC-1019,TWR-0029,call_records_synthetic
CALL-1020,P085,P003,9508157429,9126855092,8,Phase-8,737,REC-1020,TWR-0007,call_records_synthetic
CALL-1021,P085,P003,9508157429,9126855092,8,Phase-8,517,REC-1021,TWR-0010,call_records_synthetic
CALL-1022,P085,P003,9508157429,9126855092,8,Phase-8,691,REC-1022,TWR-0016,call_records_synthetic
CALL-1023,P085,P003,9508157429,9126855092,8,Phase-8,758,REC-1023,TWR-0017,call_records_synthetic
CALL-1024,P085,P003,9508157429,9126855092,8,Phase-8,532,REC-1024,TWR-0020,call_records_synthetic
CALL-1025,P002,P003,9219540831,9126855092,8,Phase-8,488,REC-1025,TWR-0015,call_records_synthetic
CALL-1026,P076,P003,9174684276,9126855092,8,Phase-8,841,REC-1026,TWR-0002,call_records_synthetic
CALL-1027,P011,P003,9826600539,9126855092,8,Phase-8,47,REC-1027,TWR-0005,call_records_synthetic
CALL-1028,P014,P003,9193349856,9126855092,8,Phase-8,125,REC-1028,TWR-0020,call_records_synthetic
CALL-1029,P087,P003,9586845604,9126855092,8,Phase-8,331,REC-1029,TWR-0015,call_records_synthetic
CALL-1030,P022,P003,9642621108,9126855092,8,Phase-8,256,REC-1030,TWR-0010,call_records_synthetic
CALL-1031,P022,P003,9642621108,9126855092,8,Phase-8,444,REC-1031,TWR-0019,call_records_synthetic
CALL-1032,P022,P003,9642621108,9126855092,8,Phase-8,738,REC-1032,TWR-0020,call_records_synthetic
CALL-1033,P001,P085,9786579303,9508157429,8,Phase-8,279,REC-1033,TWR-0021,call_records_synthetic
CALL-1034,P001,P085,9786579303,9508157429,8,Phase-8,343,REC-1034,TWR-0011,call_records_synthetic
CALL-1035,P001,P085,9786579303,9508157429,8,Phase-8,709,REC-1035,TWR-0023,call_records_synthetic
CALL-1036,P001,P085,9786579303,9508157429,8,Phase-8,625,REC-1036,TWR-0011,call_records_synthetic
CALL-1037,P001,P085,9786579303,9508157429,8,Phase-8,407,REC-1037,TWR-0025,call_records_synthetic
CALL-1038,P003,P085,9126855092,9508157429,8,Phase-8,514,REC-1038,TWR-0023,call_records_synthetic
CALL-1039,P003,P085,9126855092,9508157429,8,Phase-8,596,REC-1039,TWR-0031,call_records_synthetic
CALL-1040,P003,P085,9126855092,9508157429,8,Phase-8,573,REC-1040,TWR-0027,call_records_synthetic
CALL-1041,P003,P085,9126855092,9508157429,8,Phase-8,382,REC-1041,TWR-0014,call_records_synthetic
CALL-1042,P003,P086,9126855092,9398471886,8,Phase-8,465,REC-1042,TWR-0009,call_records_synthetic
CALL-1043,P001,P002,9786579303,9219540831,8,Phase-8,793,REC-1043,TWR-0032,call_records_synthetic
CALL-1044,P001,P002,9786579303,9219540831,8,Phase-8,593,REC-1044,TWR-0003,call_records_synthetic
CALL-1045,P001,P002,9786579303,9219540831,8,Phase-8,368,REC-1045,TWR-0007,call_records_synthetic
CALL-1046,P001,P002,9786579303,9219540831,8,Phase-8,390,REC-1046,TWR-0031,call_records_synthetic
CALL-1047,P034,P002,9732719211,9219540831,8,Phase-8,749,REC-1047,TWR-0030,call_records_synthetic
CALL-1048,P001,P008,9786579303,9249827706,8,Phase-8,494,REC-1048,TWR-0011,call_records_synthetic
CALL-1049,P001,P008,9786579303,9249827706,8,Phase-8,307,REC-1049,TWR-0024,call_records_synthetic
CALL-1050,P003,P008,9126855092,9249827706,8,Phase-8,343,REC-1050,TWR-0003,call_records_synthetic
CALL-1051,P003,P008,9126855092,9249827706,8,Phase-8,287,REC-1051,TWR-0032,call_records_synthetic
CALL-1052,P003,P008,9126855092,9249827706,8,Phase-8,266,REC-1052,TWR-0014,call_records_synthetic
CALL-1053,P003,P008,9126855092,9249827706,8,Phase-8,153,REC-1053,TWR-0020,call_records_synthetic
CALL-1054,P003,P008,9126855092,9249827706,8,Phase-8,768,REC-1054,TWR-0019,call_records_synthetic
CALL-1055,P085,P008,9508157429,9249827706,8,Phase-8,227,REC-1055,TWR-0008,call_records_synthetic
CALL-1056,P001,P076,9786579303,9174684276,8,Phase-8,353,REC-1056,TWR-0010,call_records_synthetic
CALL-1057,P078,P076,9810026086,9174684276,8,Phase-8,152,REC-1057,TWR-0024,call_records_synthetic
CALL-1058,P001,P009,9786579303,9890779946,8,Phase-8,790,REC-1058,TWR-0025,call_records_synthetic
CALL-1059,P087,P009,9586845604,9890779946,8,Phase-8,578,REC-1059,TWR-0027,call_records_synthetic
CALL-1060,P003,P034,9126855092,9732719211,8,Phase-8,810,REC-1060,TWR-0003,call_records_synthetic
CALL-1061,P003,P034,9126855092,9732719211,8,Phase-8,736,REC-1061,TWR-0006,call_records_synthetic
CALL-1062,P002,P034,9219540831,9732719211,8,Phase-8,219,REC-1062,TWR-0008,call_records_synthetic
CALL-1063,P002,P035,9219540831,9398704996,8,Phase-8,226,REC-1063,TWR-0005,call_records_synthetic
CALL-1064,P001,P011,9786579303,9826600539,8,Phase-8,251,REC-1064,TWR-0030,call_records_synthetic
CALL-1065,P001,P011,9786579303,9826600539,8,Phase-8,786,REC-1065,TWR-0010,call_records_synthetic
CALL-1066,P001,P011,9786579303,9826600539,8,Phase-8,525,REC-1066,TWR-0031,call_records_synthetic
CALL-1067,P001,P011,9786579303,9826600539,8,Phase-8,313,REC-1067,TWR-0022,call_records_synthetic
CALL-1068,P001,P011,9786579303,9826600539,8,Phase-8,771,REC-1068,TWR-0027,call_records_synthetic
CALL-1069,P001,P084,9786579303,9208449460,8,Phase-8,633,REC-1069,TWR-0027,call_records_synthetic
CALL-1070,P012,P013,9895285932,9685582861,8,Phase-8,808,REC-1070,TWR-0027,call_records_synthetic
CALL-1071,P014,P012,9193349856,9895285932,8,Phase-8,567,REC-1071,TWR-0001,call_records_synthetic
CALL-1072,P018,P012,9131994523,9895285932,8,Phase-8,641,REC-1072,TWR-0002,call_records_synthetic
CALL-1073,P018,P012,9131994523,9895285932,8,Phase-8,319,REC-1073,TWR-0004,call_records_synthetic
CALL-1074,P018,P012,9131994523,9895285932,8,Phase-8,132,REC-1074,TWR-0008,call_records_synthetic
CALL-1075,P018,P012,9131994523,9895285932,8,Phase-8,882,REC-1075,TWR-0013,call_records_synthetic
CALL-1076,P018,P012,9131994523,9895285932,8,Phase-8,228,REC-1076,TWR-0003,call_records_synthetic
CALL-1077,P017,P012,9134126396,9895285932,8,Phase-8,333,REC-1077,TWR-0031,call_records_synthetic
CALL-1078,P017,P012,9134126396,9895285932,8,Phase-8,262,REC-1078,TWR-0017,call_records_synthetic
CALL-1079,P017,P012,9134126396,9895285932,8,Phase-8,399,REC-1079,TWR-0008,call_records_synthetic
CALL-1080,P017,P012,9134126396,9895285932,8,Phase-8,213,REC-1080,TWR-0004,call_records_synthetic
CALL-1081,P017,P012,9134126396,9895285932,8,Phase-8,339,REC-1081,TWR-0018,call_records_synthetic
CALL-1082,P025,P012,9702632297,9895285932,8,Phase-8,44,REC-1082,TWR-0007,call_records_synthetic
CALL-1083,P025,P012,9702632297,9895285932,8,Phase-8,755,REC-1083,TWR-0006,call_records_synthetic
CALL-1084,P025,P012,9702632297,9895285932,8,Phase-8,576,REC-1084,TWR-0001,call_records_synthetic
CALL-1085,P016,P012,9553035110,9895285932,8,Phase-8,159,REC-1085,TWR-0003,call_records_synthetic
CALL-1086,P016,P012,9553035110,9895285932,8,Phase-8,310,REC-1086,TWR-0028,call_records_synthetic
CALL-1087,P016,P012,9553035110,9895285932,8,Phase-8,76,REC-1087,TWR-0016,call_records_synthetic
CALL-1088,P016,P012,9553035110,9895285932,8,Phase-8,85,REC-1088,TWR-0011,call_records_synthetic
CALL-1089,P016,P012,9553035110,9895285932,8,Phase-8,596,REC-1089,TWR-0020,call_records_synthetic
CALL-1090,P023,P012,9746412689,9895285932,8,Phase-8,329,REC-1090,TWR-0014,call_records_synthetic
CALL-1091,P023,P012,9746412689,9895285932,8,Phase-8,744,REC-1091,TWR-0021,call_records_synthetic
CALL-1092,P023,P012,9746412689,9895285932,8,Phase-8,159,REC-1092,TWR-0015,call_records_synthetic
CALL-1093,P023,P012,9746412689,9895285932,8,Phase-8,683,REC-1093,TWR-0013,call_records_synthetic
CALL-1094,P023,P012,9746412689,9895285932,8,Phase-8,800,REC-1094,TWR-0007,call_records_synthetic
CALL-1095,P033,P012,9582334538,9895285932,8,Phase-8,532,REC-1095,TWR-0006,call_records_synthetic
CALL-1096,P080,P012,9930075810,9895285932,8,Phase-8,135,REC-1096,TWR-0029,call_records_synthetic
CALL-1097,P001,P014,9786579303,9193349856,8,Phase-8,42,REC-1097,TWR-0026,call_records_synthetic
CALL-1098,P003,P014,9126855092,9193349856,8,Phase-8,617,REC-1098,TWR-0018,call_records_synthetic
CALL-1099,P012,P014,9895285932,9193349856,8,Phase-8,321,REC-1099,TWR-0018,call_records_synthetic
CALL-1100,P012,P014,9895285932,9193349856,8,Phase-8,510,REC-1100,TWR-0020,call_records_synthetic
CALL-1101,P012,P014,9895285932,9193349856,8,Phase-8,520,REC-1101,TWR-0021,call_records_synthetic
CALL-1102,P012,P014,9895285932,9193349856,8,Phase-8,481,REC-1102,TWR-0021,call_records_synthetic
CALL-1103,P012,P014,9895285932,9193349856,8,Phase-8,378,REC-1103,TWR-0005,call_records_synthetic
CALL-1104,P001,P082,9786579303,9185675980,8,Phase-8,218,REC-1104,TWR-0003,call_records_synthetic
CALL-1105,P001,P082,9786579303,9185675980,8,Phase-8,82,REC-1105,TWR-0009,call_records_synthetic
CALL-1106,P001,P082,9786579303,9185675980,8,Phase-8,288,REC-1106,TWR-0023,call_records_synthetic
CALL-1107,P001,P082,9786579303,9185675980,8,Phase-8,519,REC-1107,TWR-0018,call_records_synthetic
CALL-1108,P001,P082,9786579303,9185675980,8,Phase-8,146,REC-1108,TWR-0010,call_records_synthetic
CALL-1109,P003,P082,9126855092,9185675980,8,Phase-8,871,REC-1109,TWR-0011,call_records_synthetic
CALL-1110,P001,P019,9786579303,9200604502,8,Phase-8,96,REC-1110,TWR-0009,call_records_synthetic
CALL-1111,P001,P019,9786579303,9200604502,8,Phase-8,440,REC-1111,TWR-0019,call_records_synthetic
CALL-1112,P001,P019,9786579303,9200604502,8,Phase-8,533,REC-1112,TWR-0026,call_records_synthetic
CALL-1113,P076,P019,9174684276,9200604502,8,Phase-8,105,REC-1113,TWR-0010,call_records_synthetic
CALL-1114,P076,P019,9174684276,9200604502,8,Phase-8,620,REC-1114,TWR-0009,call_records_synthetic
CALL-1115,P076,P019,9174684276,9200604502,8,Phase-8,674,REC-1115,TWR-0018,call_records_synthetic
CALL-1116,P001,P077,9786579303,9149203558,8,Phase-8,732,REC-1116,TWR-0019,call_records_synthetic
CALL-1117,P001,P077,9786579303,9149203558,8,Phase-8,84,REC-1117,TWR-0007,call_records_synthetic
CALL-1118,P001,P077,9786579303,9149203558,8,Phase-8,185,REC-1118,TWR-0002,call_records_synthetic
CALL-1119,P001,P077,9786579303,9149203558,8,Phase-8,182,REC-1119,TWR-0001,call_records_synthetic
CALL-1120,P001,P077,9786579303,9149203558,8,Phase-8,860,REC-1120,TWR-0025,call_records_synthetic
CALL-1121,P001,P087,9786579303,9586845604,8,Phase-8,606,REC-1121,TWR-0012,call_records_synthetic
CALL-1122,P001,P087,9786579303,9586845604,8,Phase-8,341,REC-1122,TWR-0016,call_records_synthetic
CALL-1123,P001,P087,9786579303,9586845604,8,Phase-8,117,REC-1123,TWR-0028,call_records_synthetic
CALL-1124,P001,P087,9786579303,9586845604,8,Phase-8,284,REC-1124,TWR-0005,call_records_synthetic
CALL-1125,P001,P087,9786579303,9586845604,8,Phase-8,151,REC-1125,TWR-0002,call_records_synthetic
CALL-1126,P003,P087,9126855092,9586845604,8,Phase-8,601,REC-1126,TWR-0029,call_records_synthetic
CALL-1127,P003,P087,9126855092,9586845604,8,Phase-8,812,REC-1127,TWR-0021,call_records_synthetic
CALL-1128,P003,P087,9126855092,9586845604,8,Phase-8,456,REC-1128,TWR-0021,call_records_synthetic
CALL-1129,P038,P087,9914763202,9586845604,8,Phase-8,650,REC-1129,TWR-0029,call_records_synthetic
CALL-1130,P037,P087,9106977991,9586845604,8,Phase-8,640,REC-1130,TWR-0018,call_records_synthetic
CALL-1131,P037,P087,9106977991,9586845604,8,Phase-8,839,REC-1131,TWR-0028,call_records_synthetic
CALL-1132,P001,P020,9786579303,9334760738,8,Phase-8,663,REC-1132,TWR-0019,call_records_synthetic
CALL-1133,P001,P020,9786579303,9334760738,8,Phase-8,261,REC-1133,TWR-0010,call_records_synthetic
CALL-1134,P001,P020,9786579303,9334760738,8,Phase-8,824,REC-1134,TWR-0032,call_records_synthetic
CALL-1135,P001,P020,9786579303,9334760738,8,Phase-8,565,REC-1135,TWR-0018,call_records_synthetic
CALL-1136,P001,P020,9786579303,9334760738,8,Phase-8,419,REC-1136,TWR-0027,call_records_synthetic
CALL-1137,P086,P020,9398471886,9334760738,8,Phase-8,491,REC-1137,TWR-0019,call_records_synthetic
CALL-1138,P012,P022,9895285932,9642621108,8,Phase-8,483,REC-1138,TWR-0001,call_records_synthetic
CALL-1139,P012,P022,9895285932,9642621108,8,Phase-8,334,REC-1139,TWR-0020,call_records_synthetic
CALL-1140,P012,P022,9895285932,9642621108,8,Phase-8,632,REC-1140,TWR-0017,call_records_synthetic
CALL-1141,P001,P028,9786579303,9797808098,8,Phase-8,469,REC-1141,TWR-0010,call_records_synthetic
CALL-1142,P001,P028,9786579303,9797808098,8,Phase-8,342,REC-1142,TWR-0008,call_records_synthetic
CALL-1143,P001,P028,9786579303,9797808098,8,Phase-8,612,REC-1143,TWR-0030,call_records_synthetic
CALL-1144,P001,P081,9786579303,9410727955,8,Phase-8,665,REC-1144,TWR-0003,call_records_synthetic
CALL-1145,P001,P081,9786579303,9410727955,8,Phase-8,91,REC-1145,TWR-0016,call_records_synthetic
CALL-1146,P087,P081,9586845604,9410727955,8,Phase-8,654,REC-1146,TWR-0001,call_records_synthetic
CALL-1147,P087,P081,9586845604,9410727955,8,Phase-8,787,REC-1147,TWR-0014,call_records_synthetic
CALL-1148,P087,P081,9586845604,9410727955,8,Phase-8,131,REC-1148,TWR-0026,call_records_synthetic
CALL-1149,P087,P081,9586845604,9410727955,8,Phase-8,811,REC-1149,TWR-0011,call_records_synthetic
CALL-1150,P001,P067,9786579303,9692749116,8,Phase-8,242,REC-1150,TWR-0018,call_records_synthetic
CALL-1151,P001,P067,9786579303,9692749116,8,Phase-8,670,REC-1151,TWR-0028,call_records_synthetic
CALL-1152,P001,P067,9786579303,9692749116,8,Phase-8,246,REC-1152,TWR-0009,call_records_synthetic
CALL-1153,P087,P038,9586845604,9914763202,8,Phase-8,300,REC-1153,TWR-0014,call_records_synthetic
CALL-1154,P076,P073,9174684276,9719927151,8,Phase-8,706,REC-1154,TWR-0001,call_records_synthetic
CALL-1155,P087,P073,9586845604,9719927151,8,Phase-8,113,REC-1155,TWR-0011,call_records_synthetic
CALL-1156,P087,P039,9586845604,9965241839,8,Phase-8,190,REC-1156,TWR-0001,call_records_synthetic
CALL-1157,P087,P039,9586845604,9965241839,8,Phase-8,275,REC-1157,TWR-0020,call_records_synthetic
CALL-1158,P087,P039,9586845604,9965241839,8,Phase-8,207,REC-1158,TWR-0015,call_records_synthetic
CALL-1159,P087,P039,9586845604,9965241839,8,Phase-8,595,REC-1159,TWR-0018,call_records_synthetic
CALL-1160,P087,P039,9586845604,9965241839,8,Phase-8,106,REC-1160,TWR-0026,call_records_synthetic
CALL-1161,P076,P059,9174684276,9146654552,8,Phase-8,190,REC-1161,TWR-0021,call_records_synthetic
CALL-1162,P076,P059,9174684276,9146654552,8,Phase-8,32,REC-1162,TWR-0007,call_records_synthetic
CALL-1163,P076,P059,9174684276,9146654552,8,Phase-8,448,REC-1163,TWR-0013,call_records_synthetic
CALL-1164,P003,P037,9126855092,9106977991,8,Phase-8,491,REC-1164,TWR-0023,call_records_synthetic
CALL-1165,P003,P037,9126855092,9106977991,8,Phase-8,735,REC-1165,TWR-0020,call_records_synthetic
CALL-1166,P003,P037,9126855092,9106977991,8,Phase-8,638,REC-1166,TWR-0009,call_records_synthetic
CALL-1167,P003,P037,9126855092,9106977991,8,Phase-8,511,REC-1167,TWR-0009,call_records_synthetic
CALL-1168,P003,P037,9126855092,9106977991,8,Phase-8,328,REC-1168,TWR-0021,call_records_synthetic
CALL-1169,P087,P037,9586845604,9106977991,8,Phase-8,63,REC-1169,TWR-0019,call_records_synthetic
CALL-1170,P087,P037,9586845604,9106977991,8,Phase-8,267,REC-1170,TWR-0012,call_records_synthetic
CALL-1171,P087,P037,9586845604,9106977991,8,Phase-8,325,REC-1171,TWR-0029,call_records_synthetic
CALL-1172,P087,P037,9586845604,9106977991,8,Phase-8,753,REC-1172,TWR-0017,call_records_synthetic
CALL-1173,P012,P023,9895285932,9746412689,8,Phase-8,319,REC-1173,TWR-0016,call_records_synthetic
CALL-1174,P087,P091,9586845604,9274648506,8,Phase-8,749,REC-1174,TWR-0017,call_records_synthetic
CALL-1175,P087,P091,9586845604,9274648506,8,Phase-8,494,REC-1175,TWR-0003,call_records_synthetic
CALL-1176,P087,P091,9586845604,9274648506,8,Phase-8,102,REC-1176,TWR-0002,call_records_synthetic
CALL-1177,P011,P036,9826600539,9969119330,8,Phase-8,733,REC-1177,TWR-0002,call_records_synthetic
CALL-1178,P011,P036,9826600539,9969119330,8,Phase-8,269,REC-1178,TWR-0012,call_records_synthetic
CALL-1179,P011,P036,9826600539,9969119330,8,Phase-8,300,REC-1179,TWR-0022,call_records_synthetic
CALL-1180,P003,P001,9126855092,9786579303,9,Phase-9,836,REC-1180,TWR-0015,call_records_synthetic
CALL-1181,P085,P001,9508157429,9786579303,9,Phase-9,840,REC-1181,TWR-0011,call_records_synthetic
CALL-1182,P085,P001,9508157429,9786579303,9,Phase-9,670,REC-1182,TWR-0029,call_records_synthetic
CALL-1183,P085,P001,9508157429,9786579303,9,Phase-9,633,REC-1183,TWR-0028,call_records_synthetic
CALL-1184,P085,P001,9508157429,9786579303,9,Phase-9,707,REC-1184,TWR-0018,call_records_synthetic
CALL-1185,P008,P001,9249827706,9786579303,9,Phase-9,853,REC-1185,TWR-0013,call_records_synthetic
CALL-1186,P008,P001,9249827706,9786579303,9,Phase-9,232,REC-1186,TWR-0017,call_records_synthetic
CALL-1187,P082,P001,9185675980,9786579303,9,Phase-9,465,REC-1187,TWR-0005,call_records_synthetic
CALL-1188,P082,P001,9185675980,9786579303,9,Phase-9,147,REC-1188,TWR-0025,call_records_synthetic
CALL-1189,P082,P001,9185675980,9786579303,9,Phase-9,587,REC-1189,TWR-0013,call_records_synthetic
CALL-1190,P082,P001,9185675980,9786579303,9,Phase-9,260,REC-1190,TWR-0013,call_records_synthetic
CALL-1191,P082,P001,9185675980,9786579303,9,Phase-9,693,REC-1191,TWR-0027,call_records_synthetic
CALL-1192,P087,P001,9586845604,9786579303,9,Phase-9,182,REC-1192,TWR-0010,call_records_synthetic
CALL-1193,P087,P001,9586845604,9786579303,9,Phase-9,302,REC-1193,TWR-0010,call_records_synthetic
CALL-1194,P087,P001,9586845604,9786579303,9,Phase-9,876,REC-1194,TWR-0018,call_records_synthetic
CALL-1195,P087,P001,9586845604,9786579303,9,Phase-9,175,REC-1195,TWR-0003,call_records_synthetic
CALL-1196,P003,P089,9126855092,9995619255,9,Phase-9,103,REC-1196,TWR-0008,call_records_synthetic
CALL-1197,P001,P083,9786579303,9349957310,9,Phase-9,91,REC-1197,TWR-0029,call_records_synthetic
CALL-1198,P001,P083,9786579303,9349957310,9,Phase-9,199,REC-1198,TWR-0017,call_records_synthetic
CALL-1199,P001,P083,9786579303,9349957310,9,Phase-9,841,REC-1199,TWR-0009,call_records_synthetic
CALL-1200,P085,P003,9508157429,9126855092,9,Phase-9,344,REC-1200,TWR-0011,call_records_synthetic
CALL-1201,P085,P003,9508157429,9126855092,9,Phase-9,639,REC-1201,TWR-0028,call_records_synthetic
CALL-1202,P085,P003,9508157429,9126855092,9,Phase-9,796,REC-1202,TWR-0018,call_records_synthetic
CALL-1203,P085,P003,9508157429,9126855092,9,Phase-9,874,REC-1203,TWR-0008,call_records_synthetic
CALL-1204,P085,P003,9508157429,9126855092,9,Phase-9,612,REC-1204,TWR-0014,call_records_synthetic
CALL-1205,P008,P003,9249827706,9126855092,9,Phase-9,325,REC-1205,TWR-0032,call_records_synthetic
CALL-1206,P076,P003,9174684276,9126855092,9,Phase-9,479,REC-1206,TWR-0015,call_records_synthetic
CALL-1207,P012,P003,9895285932,9126855092,9,Phase-9,157,REC-1207,TWR-0021,call_records_synthetic
CALL-1208,P087,P003,9586845604,9126855092,9,Phase-9,509,REC-1208,TWR-0019,call_records_synthetic
CALL-1209,P087,P003,9586845604,9126855092,9,Phase-9,735,REC-1209,TWR-0030,call_records_synthetic
CALL-1210,P087,P003,9586845604,9126855092,9,Phase-9,341,REC-1210,TWR-0013,call_records_synthetic
CALL-1211,P087,P003,9586845604,9126855092,9,Phase-9,746,REC-1211,TWR-0022,call_records_synthetic
CALL-1212,P087,P003,9586845604,9126855092,9,Phase-9,442,REC-1212,TWR-0027,call_records_synthetic
CALL-1213,P001,P085,9786579303,9508157429,9,Phase-9,308,REC-1213,TWR-0001,call_records_synthetic
CALL-1214,P001,P085,9786579303,9508157429,9,Phase-9,542,REC-1214,TWR-0022,call_records_synthetic
CALL-1215,P001,P085,9786579303,9508157429,9,Phase-9,582,REC-1215,TWR-0015,call_records_synthetic
CALL-1216,P001,P085,9786579303,9508157429,9,Phase-9,535,REC-1216,TWR-0011,call_records_synthetic
CALL-1217,P001,P085,9786579303,9508157429,9,Phase-9,478,REC-1217,TWR-0007,call_records_synthetic
CALL-1218,P003,P085,9126855092,9508157429,9,Phase-9,112,REC-1218,TWR-0019,call_records_synthetic
CALL-1219,P003,P085,9126855092,9508157429,9,Phase-9,642,REC-1219,TWR-0001,call_records_synthetic
CALL-1220,P003,P085,9126855092,9508157429,9,Phase-9,70,REC-1220,TWR-0020,call_records_synthetic
CALL-1221,P003,P085,9126855092,9508157429,9,Phase-9,472,REC-1221,TWR-0024,call_records_synthetic
CALL-1222,P003,P085,9126855092,9508157429,9,Phase-9,782,REC-1222,TWR-0001,call_records_synthetic
CALL-1223,P088,P085,9782560971,9508157429,9,Phase-9,360,REC-1223,TWR-0014,call_records_synthetic
CALL-1224,P003,P090,9126855092,9491735568,9,Phase-9,648,REC-1224,TWR-0002,call_records_synthetic
CALL-1225,P003,P002,9126855092,9219540831,9,Phase-9,286,REC-1225,TWR-0009,call_records_synthetic
CALL-1226,P003,P007,9126855092,9339670711,9,Phase-9,56,REC-1226,TWR-0028,call_records_synthetic
CALL-1227,P001,P006,9786579303,9362950628,9,Phase-9,123,REC-1227,TWR-0021,call_records_synthetic
CALL-1228,P001,P008,9786579303,9249827706,9,Phase-9,264,REC-1228,TWR-0026,call_records_synthetic
CALL-1229,P003,P008,9126855092,9249827706,9,Phase-9,720,REC-1229,TWR-0026,call_records_synthetic
CALL-1230,P003,P008,9126855092,9249827706,9,Phase-9,886,REC-1230,TWR-0004,call_records_synthetic
CALL-1231,P003,P008,9126855092,9249827706,9,Phase-9,619,REC-1231,TWR-0021,call_records_synthetic
CALL-1232,P003,P008,9126855092,9249827706,9,Phase-9,631,REC-1232,TWR-0019,call_records_synthetic
CALL-1233,P003,P008,9126855092,9249827706,9,Phase-9,51,REC-1233,TWR-0013,call_records_synthetic
CALL-1234,P001,P076,9786579303,9174684276,9,Phase-9,813,REC-1234,TWR-0021,call_records_synthetic
CALL-1235,P001,P076,9786579303,9174684276,9,Phase-9,718,REC-1235,TWR-0019,call_records_synthetic
CALL-1236,P001,P076,9786579303,9174684276,9,Phase-9,871,REC-1236,TWR-0005,call_records_synthetic
CALL-1237,P001,P076,9786579303,9174684276,9,Phase-9,305,REC-1237,TWR-0012,call_records_synthetic
CALL-1238,P001,P076,9786579303,9174684276,9,Phase-9,620,REC-1238,TWR-0028,call_records_synthetic
CALL-1239,P003,P076,9126855092,9174684276,9,Phase-9,71,REC-1239,TWR-0005,call_records_synthetic
CALL-1240,P003,P076,9126855092,9174684276,9,Phase-9,811,REC-1240,TWR-0028,call_records_synthetic
CALL-1241,P003,P076,9126855092,9174684276,9,Phase-9,804,REC-1241,TWR-0019,call_records_synthetic
CALL-1242,P078,P076,9810026086,9174684276,9,Phase-9,209,REC-1242,TWR-0013,call_records_synthetic
CALL-1243,P001,P011,9786579303,9826600539,9,Phase-9,511,REC-1243,TWR-0006,call_records_synthetic
CALL-1244,P012,P013,9895285932,9685582861,9,Phase-9,561,REC-1244,TWR-0005,call_records_synthetic
CALL-1245,P012,P013,9895285932,9685582861,9,Phase-9,697,REC-1245,TWR-0029,call_records_synthetic
CALL-1246,P003,P012,9126855092,9895285932,9,Phase-9,482,REC-1246,TWR-0008,call_records_synthetic
CALL-1247,P018,P012,9131994523,9895285932,9,Phase-9,314,REC-1247,TWR-0006,call_records_synthetic
CALL-1248,P018,P012,9131994523,9895285932,9,Phase-9,215,REC-1248,TWR-0019,call_records_synthetic
CALL-1249,P018,P012,9131994523,9895285932,9,Phase-9,629,REC-1249,TWR-0011,call_records_synthetic
CALL-1250,P018,P012,9131994523,9895285932,9,Phase-9,476,REC-1250,TWR-0012,call_records_synthetic
CALL-1251,P018,P012,9131994523,9895285932,9,Phase-9,680,REC-1251,TWR-0011,call_records_synthetic
CALL-1252,P017,P012,9134126396,9895285932,9,Phase-9,863,REC-1252,TWR-0006,call_records_synthetic
CALL-1253,P017,P012,9134126396,9895285932,9,Phase-9,533,REC-1253,TWR-0004,call_records_synthetic
CALL-1254,P016,P012,9553035110,9895285932,9,Phase-9,123,REC-1254,TWR-0021,call_records_synthetic
CALL-1255,P016,P012,9553035110,9895285932,9,Phase-9,511,REC-1255,TWR-0002,call_records_synthetic
CALL-1256,P016,P012,9553035110,9895285932,9,Phase-9,386,REC-1256,TWR-0002,call_records_synthetic
CALL-1257,P016,P012,9553035110,9895285932,9,Phase-9,448,REC-1257,TWR-0032,call_records_synthetic
CALL-1258,P016,P012,9553035110,9895285932,9,Phase-9,371,REC-1258,TWR-0022,call_records_synthetic
CALL-1259,P029,P012,9853041955,9895285932,9,Phase-9,358,REC-1259,TWR-0016,call_records_synthetic
CALL-1260,P012,P014,9895285932,9193349856,9,Phase-9,716,REC-1260,TWR-0015,call_records_synthetic
CALL-1261,P012,P014,9895285932,9193349856,9,Phase-9,137,REC-1261,TWR-0007,call_records_synthetic
CALL-1262,P012,P014,9895285932,9193349856,9,Phase-9,194,REC-1262,TWR-0003,call_records_synthetic
CALL-1263,P012,P014,9895285932,9193349856,9,Phase-9,367,REC-1263,TWR-0024,call_records_synthetic
CALL-1264,P012,P014,9895285932,9193349856,9,Phase-9,451,REC-1264,TWR-0031,call_records_synthetic
CALL-1265,P012,P017,9895285932,9134126396,9,Phase-9,740,REC-1265,TWR-0027,call_records_synthetic
CALL-1266,P012,P017,9895285932,9134126396,9,Phase-9,537,REC-1266,TWR-0021,call_records_synthetic
CALL-1267,P012,P017,9895285932,9134126396,9,Phase-9,325,REC-1267,TWR-0010,call_records_synthetic
CALL-1268,P012,P017,9895285932,9134126396,9,Phase-9,708,REC-1268,TWR-0022,call_records_synthetic
CALL-1269,P001,P082,9786579303,9185675980,9,Phase-9,440,REC-1269,TWR-0010,call_records_synthetic
CALL-1270,P001,P082,9786579303,9185675980,9,Phase-9,863,REC-1270,TWR-0019,call_records_synthetic
CALL-1271,P001,P082,9786579303,9185675980,9,Phase-9,808,REC-1271,TWR-0002,call_records_synthetic
CALL-1272,P001,P082,9786579303,9185675980,9,Phase-9,593,REC-1272,TWR-0004,call_records_synthetic
CALL-1273,P001,P082,9786579303,9185675980,9,Phase-9,67,REC-1273,TWR-0021,call_records_synthetic
CALL-1274,P003,P082,9126855092,9185675980,9,Phase-9,495,REC-1274,TWR-0021,call_records_synthetic
CALL-1275,P003,P082,9126855092,9185675980,9,Phase-9,120,REC-1275,TWR-0032,call_records_synthetic
CALL-1276,P087,P082,9586845604,9185675980,9,Phase-9,352,REC-1276,TWR-0028,call_records_synthetic
CALL-1277,P087,P082,9586845604,9185675980,9,Phase-9,288,REC-1277,TWR-0016,call_records_synthetic
CALL-1278,P087,P082,9586845604,9185675980,9,Phase-9,361,REC-1278,TWR-0007,call_records_synthetic
CALL-1279,P087,P082,9586845604,9185675980,9,Phase-9,148,REC-1279,TWR-0031,call_records_synthetic
CALL-1280,P087,P082,9586845604,9185675980,9,Phase-9,821,REC-1280,TWR-0020,call_records_synthetic
CALL-1281,P046,P082,9331191390,9185675980,9,Phase-9,443,REC-1281,TWR-0017,call_records_synthetic
CALL-1282,P046,P082,9331191390,9185675980,9,Phase-9,556,REC-1282,TWR-0028,call_records_synthetic
CALL-1283,P046,P082,9331191390,9185675980,9,Phase-9,874,REC-1283,TWR-0012,call_records_synthetic
CALL-1284,P046,P082,9331191390,9185675980,9,Phase-9,31,REC-1284,TWR-0013,call_records_synthetic
CALL-1285,P046,P082,9331191390,9185675980,9,Phase-9,703,REC-1285,TWR-0026,call_records_synthetic
CALL-1286,P079,P078,9344703907,9810026086,9,Phase-9,585,REC-1286,TWR-0004,call_records_synthetic
CALL-1287,P001,P087,9786579303,9586845604,9,Phase-9,503,REC-1287,TWR-0003,call_records_synthetic
CALL-1288,P001,P087,9786579303,9586845604,9,Phase-9,453,REC-1288,TWR-0030,call_records_synthetic
CALL-1289,P001,P087,9786579303,9586845604,9,Phase-9,85,REC-1289,TWR-0025,call_records_synthetic
CALL-1290,P001,P087,9786579303,9586845604,9,Phase-9,222,REC-1290,TWR-0030,call_records_synthetic
CALL-1291,P001,P087,9786579303,9586845604,9,Phase-9,560,REC-1291,TWR-0010,call_records_synthetic
CALL-1292,P003,P087,9126855092,9586845604,9,Phase-9,400,REC-1292,TWR-0001,call_records_synthetic
CALL-1293,P003,P087,9126855092,9586845604,9,Phase-9,667,REC-1293,TWR-0011,call_records_synthetic
CALL-1294,P003,P087,9126855092,9586845604,9,Phase-9,804,REC-1294,TWR-0018,call_records_synthetic
CALL-1295,P003,P087,9126855092,9586845604,9,Phase-9,540,REC-1295,TWR-0001,call_records_synthetic
CALL-1296,P003,P087,9126855092,9586845604,9,Phase-9,670,REC-1296,TWR-0004,call_records_synthetic
CALL-1297,P076,P087,9174684276,9586845604,9,Phase-9,482,REC-1297,TWR-0019,call_records_synthetic
CALL-1298,P082,P087,9185675980,9586845604,9,Phase-9,808,REC-1298,TWR-0013,call_records_synthetic
CALL-1299,P081,P087,9410727955,9586845604,9,Phase-9,82,REC-1299,TWR-0023,call_records_synthetic
CALL-1300,P007,P079,9339670711,9344703907,9,Phase-9,238,REC-1300,TWR-0028,call_records_synthetic
CALL-1301,P012,P016,9895285932,9553035110,9,Phase-9,303,REC-1301,TWR-0023,call_records_synthetic
CALL-1302,P012,P016,9895285932,9553035110,9,Phase-9,592,REC-1302,TWR-0023,call_records_synthetic
CALL-1303,P012,P016,9895285932,9553035110,9,Phase-9,164,REC-1303,TWR-0009,call_records_synthetic
CALL-1304,P012,P016,9895285932,9553035110,9,Phase-9,324,REC-1304,TWR-0008,call_records_synthetic
CALL-1305,P012,P016,9895285932,9553035110,9,Phase-9,478,REC-1305,TWR-0007,call_records_synthetic
CALL-1306,P087,P081,9586845604,9410727955,9,Phase-9,745,REC-1306,TWR-0015,call_records_synthetic
CALL-1307,P087,P081,9586845604,9410727955,9,Phase-9,526,REC-1307,TWR-0011,call_records_synthetic
CALL-1308,P087,P081,9586845604,9410727955,9,Phase-9,154,REC-1308,TWR-0026,call_records_synthetic
CALL-1309,P087,P081,9586845604,9410727955,9,Phase-9,59,REC-1309,TWR-0005,call_records_synthetic
CALL-1310,P087,P081,9586845604,9410727955,9,Phase-9,675,REC-1310,TWR-0006,call_records_synthetic
CALL-1311,P076,P059,9174684276,9146654552,9,Phase-9,653,REC-1311,TWR-0008,call_records_synthetic
CALL-1312,P087,P037,9586845604,9106977991,9,Phase-9,848,REC-1312,TWR-0008,call_records_synthetic
CALL-1313,P087,P037,9586845604,9106977991,9,Phase-9,275,REC-1313,TWR-0003,call_records_synthetic
CALL-1314,P087,P037,9586845604,9106977991,9,Phase-9,756,REC-1314,TWR-0005,call_records_synthetic
CALL-1315,P087,P037,9586845604,9106977991,9,Phase-9,192,REC-1315,TWR-0024,call_records_synthetic
CALL-1316,P087,P037,9586845604,9106977991,9,Phase-9,348,REC-1316,TWR-0020,call_records_synthetic
CALL-1317,P082,P036,9185675980,9969119330,9,Phase-9,594,REC-1317,TWR-0019,call_records_synthetic
CALL-1318,P001,P096,9786579303,9386665249,9,Phase-9,44,REC-1318,TWR-0002,call_records_synthetic
CALL-1319,P082,P096,9185675980,9386665249,9,Phase-9,595,REC-1319,TWR-0017,call_records_synthetic
CALL-1320,P082,P096,9185675980,9386665249,9,Phase-9,447,REC-1320,TWR-0018,call_records_synthetic
CALL-1321,P082,P096,9185675980,9386665249,9,Phase-9,125,REC-1321,TWR-0021,call_records_synthetic
CALL-1322,P082,P096,9185675980,9386665249,9,Phase-9,260,REC-1322,TWR-0020,call_records_synthetic
CALL-1323,P046,P096,9331191390,9386665249,9,Phase-9,891,REC-1323,TWR-0030,call_records_synthetic
CALL-1324,P046,P096,9331191390,9386665249,9,Phase-9,146,REC-1324,TWR-0032,call_records_synthetic
CALL-1325,P046,P096,9331191390,9386665249,9,Phase-9,502,REC-1325,TWR-0027,call_records_synthetic
CALL-1326,P046,P096,9331191390,9386665249,9,Phase-9,150,REC-1326,TWR-0001,call_records_synthetic
CALL-1327,P082,P046,9185675980,9331191390,9,Phase-9,693,REC-1327,TWR-0030,call_records_synthetic
CALL-1328,P082,P046,9185675980,9331191390,9,Phase-9,882,REC-1328,TWR-0006,call_records_synthetic
CALL-1329,P082,P046,9185675980,9331191390,9,Phase-9,187,REC-1329,TWR-0017,call_records_synthetic
CALL-1330,P082,P046,9185675980,9331191390,9,Phase-9,540,REC-1330,TWR-0021,call_records_synthetic
CALL-1331,P082,P046,9185675980,9331191390,9,Phase-9,763,REC-1331,TWR-0007,call_records_synthetic
CALL-1332,P096,P046,9386665249,9331191390,9,Phase-9,328,REC-1332,TWR-0025,call_records_synthetic
CALL-1333,P096,P046,9386665249,9331191390,9,Phase-9,551,REC-1333,TWR-0018,call_records_synthetic
CALL-1334,P096,P046,9386665249,9331191390,9,Phase-9,752,REC-1334,TWR-0014,call_records_synthetic
CALL-1335,P096,P046,9386665249,9331191390,9,Phase-9,309,REC-1335,TWR-0010,call_records_synthetic
CALL-1336,P012,P029,9895285932,9853041955,9,Phase-9,455,REC-1336,TWR-0012,call_records_synthetic
CALL-1337,P012,P029,9895285932,9853041955,9,Phase-9,884,REC-1337,TWR-0001,call_records_synthetic
CALL-1338,P012,P029,9895285932,9853041955,9,Phase-9,524,REC-1338,TWR-0011,call_records_synthetic
CALL-1339,P012,P029,9895285932,9853041955,9,Phase-9,513,REC-1339,TWR-0016,call_records_synthetic
CALL-1340,P012,P029,9895285932,9853041955,9,Phase-9,279,REC-1340,TWR-0027,call_records_synthetic
CALL-1341,P012,P030,9895285932,9685126461,9,Phase-9,497,REC-1341,TWR-0014,call_records_synthetic
CALL-1342,P096,P030,9386665249,9685126461,9,Phase-9,594,REC-1342,TWR-0020,call_records_synthetic
CALL-1343,P087,P105,9586845604,9882893941,9,Phase-9,178,REC-1343,TWR-0001,call_records_synthetic
CALL-1344,P087,P105,9586845604,9882893941,9,Phase-9,422,REC-1344,TWR-0023,call_records_synthetic
CALL-1345,P079,P101,9344703907,9754049436,9,Phase-9,225,REC-1345,TWR-0008,call_records_synthetic
CALL-1346,P087,P041,9586845604,9849621470,9,Phase-9,643,REC-1346,TWR-0013,call_records_synthetic
CALL-1347,P087,P041,9586845604,9849621470,9,Phase-9,550,REC-1347,TWR-0013,call_records_synthetic
CALL-1348,P087,P041,9586845604,9849621470,9,Phase-9,794,REC-1348,TWR-0007,call_records_synthetic
CALL-1349,P083,P001,9349957310,9786579303,10,Phase-10,169,REC-1349,TWR-0021,call_records_synthetic
CALL-1350,P003,P001,9126855092,9786579303,10,Phase-10,101,REC-1350,TWR-0003,call_records_synthetic
CALL-1351,P003,P001,9126855092,9786579303,10,Phase-10,312,REC-1351,TWR-0016,call_records_synthetic
CALL-1352,P085,P001,9508157429,9786579303,10,Phase-10,821,REC-1352,TWR-0030,call_records_synthetic
CALL-1353,P085,P001,9508157429,9786579303,10,Phase-10,838,REC-1353,TWR-0022,call_records_synthetic
CALL-1354,P085,P001,9508157429,9786579303,10,Phase-10,454,REC-1354,TWR-0006,call_records_synthetic
CALL-1355,P085,P001,9508157429,9786579303,10,Phase-10,378,REC-1355,TWR-0018,call_records_synthetic
CALL-1356,P085,P001,9508157429,9786579303,10,Phase-10,836,REC-1356,TWR-0007,call_records_synthetic
CALL-1357,P008,P001,9249827706,9786579303,10,Phase-10,549,REC-1357,TWR-0017,call_records_synthetic
CALL-1358,P076,P001,9174684276,9786579303,10,Phase-10,303,REC-1358,TWR-0015,call_records_synthetic
CALL-1359,P076,P001,9174684276,9786579303,10,Phase-10,870,REC-1359,TWR-0016,call_records_synthetic
CALL-1360,P076,P001,9174684276,9786579303,10,Phase-10,32,REC-1360,TWR-0008,call_records_synthetic
CALL-1361,P076,P001,9174684276,9786579303,10,Phase-10,319,REC-1361,TWR-0023,call_records_synthetic
CALL-1362,P076,P001,9174684276,9786579303,10,Phase-10,773,REC-1362,TWR-0011,call_records_synthetic
CALL-1363,P082,P001,9185675980,9786579303,10,Phase-10,335,REC-1363,TWR-0029,call_records_synthetic
CALL-1364,P082,P001,9185675980,9786579303,10,Phase-10,887,REC-1364,TWR-0010,call_records_synthetic
CALL-1365,P082,P001,9185675980,9786579303,10,Phase-10,631,REC-1365,TWR-0008,call_records_synthetic
CALL-1366,P087,P001,9586845604,9786579303,10,Phase-10,623,REC-1366,TWR-0026,call_records_synthetic
CALL-1367,P087,P001,9586845604,9786579303,10,Phase-10,705,REC-1367,TWR-0008,call_records_synthetic
CALL-1368,P087,P001,9586845604,9786579303,10,Phase-10,531,REC-1368,TWR-0014,call_records_synthetic
CALL-1369,P087,P001,9586845604,9786579303,10,Phase-10,182,REC-1369,TWR-0022,call_records_synthetic
CALL-1370,P087,P001,9586845604,9786579303,10,Phase-10,487,REC-1370,TWR-0022,call_records_synthetic
CALL-1371,P037,P001,9106977991,9786579303,10,Phase-10,581,REC-1371,TWR-0018,call_records_synthetic
CALL-1372,P001,P004,9786579303,9896233790,10,Phase-10,525,REC-1372,TWR-0019,call_records_synthetic
CALL-1373,P001,P083,9786579303,9349957310,10,Phase-10,383,REC-1373,TWR-0003,call_records_synthetic
CALL-1374,P001,P083,9786579303,9349957310,10,Phase-10,370,REC-1374,TWR-0028,call_records_synthetic
CALL-1375,P001,P083,9786579303,9349957310,10,Phase-10,595,REC-1375,TWR-0022,call_records_synthetic
CALL-1376,P001,P083,9786579303,9349957310,10,Phase-10,811,REC-1376,TWR-0023,call_records_synthetic
CALL-1377,P001,P003,9786579303,9126855092,10,Phase-10,586,REC-1377,TWR-0014,call_records_synthetic
CALL-1378,P001,P003,9786579303,9126855092,10,Phase-10,416,REC-1378,TWR-0005,call_records_synthetic
CALL-1379,P001,P003,9786579303,9126855092,10,Phase-10,496,REC-1379,TWR-0027,call_records_synthetic
CALL-1380,P001,P085,9786579303,9508157429,10,Phase-10,359,REC-1380,TWR-0027,call_records_synthetic
CALL-1381,P001,P085,9786579303,9508157429,10,Phase-10,223,REC-1381,TWR-0007,call_records_synthetic
CALL-1382,P001,P085,9786579303,9508157429,10,Phase-10,744,REC-1382,TWR-0009,call_records_synthetic
CALL-1383,P001,P085,9786579303,9508157429,10,Phase-10,274,REC-1383,TWR-0024,call_records_synthetic
CALL-1384,P001,P085,9786579303,9508157429,10,Phase-10,615,REC-1384,TWR-0022,call_records_synthetic
CALL-1385,P084,P085,9208449460,9508157429,10,Phase-10,422,REC-1385,TWR-0015,call_records_synthetic
CALL-1386,P084,P085,9208449460,9508157429,10,Phase-10,269,REC-1386,TWR-0025,call_records_synthetic
CALL-1387,P084,P085,9208449460,9508157429,10,Phase-10,824,REC-1387,TWR-0016,call_records_synthetic
CALL-1388,P084,P085,9208449460,9508157429,10,Phase-10,450,REC-1388,TWR-0006,call_records_synthetic
CALL-1389,P084,P085,9208449460,9508157429,10,Phase-10,74,REC-1389,TWR-0020,call_records_synthetic
CALL-1390,P083,P086,9349957310,9398471886,10,Phase-10,355,REC-1390,TWR-0022,call_records_synthetic
CALL-1391,P083,P086,9349957310,9398471886,10,Phase-10,792,REC-1391,TWR-0003,call_records_synthetic
CALL-1392,P083,P086,9349957310,9398471886,10,Phase-10,514,REC-1392,TWR-0015,call_records_synthetic
CALL-1393,P083,P086,9349957310,9398471886,10,Phase-10,752,REC-1393,TWR-0015,call_records_synthetic
CALL-1394,P001,P008,9786579303,9249827706,10,Phase-10,860,REC-1394,TWR-0021,call_records_synthetic
CALL-1395,P001,P008,9786579303,9249827706,10,Phase-10,420,REC-1395,TWR-0004,call_records_synthetic
CALL-1396,P001,P008,9786579303,9249827706,10,Phase-10,425,REC-1396,TWR-0027,call_records_synthetic
CALL-1397,P001,P008,9786579303,9249827706,10,Phase-10,709,REC-1397,TWR-0032,call_records_synthetic
CALL-1398,P001,P008,9786579303,9249827706,10,Phase-10,841,REC-1398,TWR-0006,call_records_synthetic
CALL-1399,P001,P076,9786579303,9174684276,10,Phase-10,870,REC-1399,TWR-0025,call_records_synthetic
CALL-1400,P001,P076,9786579303,9174684276,10,Phase-10,697,REC-1400,TWR-0005,call_records_synthetic
CALL-1401,P001,P076,9786579303,9174684276,10,Phase-10,185,REC-1401,TWR-0024,call_records_synthetic
CALL-1402,P085,P076,9508157429,9174684276,10,Phase-10,537,REC-1402,TWR-0017,call_records_synthetic
CALL-1403,P071,P076,9764130526,9174684276,10,Phase-10,67,REC-1403,TWR-0024,call_records_synthetic
CALL-1404,P071,P076,9764130526,9174684276,10,Phase-10,159,REC-1404,TWR-0023,call_records_synthetic
CALL-1405,P071,P076,9764130526,9174684276,10,Phase-10,544,REC-1405,TWR-0018,call_records_synthetic
CALL-1406,P008,P009,9249827706,9890779946,10,Phase-10,634,REC-1406,TWR-0003,call_records_synthetic
CALL-1407,P008,P009,9249827706,9890779946,10,Phase-10,369,REC-1407,TWR-0029,call_records_synthetic
CALL-1408,P008,P009,9249827706,9890779946,10,Phase-10,132,REC-1408,TWR-0031,call_records_synthetic
CALL-1409,P001,P084,9786579303,9208449460,10,Phase-10,895,REC-1409,TWR-0014,call_records_synthetic
CALL-1410,P014,P012,9193349856,9895285932,10,Phase-10,480,REC-1410,TWR-0026,call_records_synthetic
CALL-1411,P014,P012,9193349856,9895285932,10,Phase-10,132,REC-1411,TWR-0008,call_records_synthetic
CALL-1412,P014,P012,9193349856,9895285932,10,Phase-10,568,REC-1412,TWR-0004,call_records_synthetic
CALL-1413,P014,P012,9193349856,9895285932,10,Phase-10,497,REC-1413,TWR-0023,call_records_synthetic
CALL-1414,P014,P012,9193349856,9895285932,10,Phase-10,45,REC-1414,TWR-0029,call_records_synthetic
CALL-1415,P016,P012,9553035110,9895285932,10,Phase-10,769,REC-1415,TWR-0007,call_records_synthetic
CALL-1416,P016,P012,9553035110,9895285932,10,Phase-10,177,REC-1416,TWR-0029,call_records_synthetic
CALL-1417,P016,P012,9553035110,9895285932,10,Phase-10,449,REC-1417,TWR-0021,call_records_synthetic
CALL-1418,P016,P012,9553035110,9895285932,10,Phase-10,700,REC-1418,TWR-0003,call_records_synthetic
CALL-1419,P016,P012,9553035110,9895285932,10,Phase-10,188,REC-1419,TWR-0014,call_records_synthetic
CALL-1420,P065,P012,9506448196,9895285932,10,Phase-10,106,REC-1420,TWR-0016,call_records_synthetic
CALL-1421,P012,P014,9895285932,9193349856,10,Phase-10,510,REC-1421,TWR-0032,call_records_synthetic
CALL-1422,P012,P014,9895285932,9193349856,10,Phase-10,830,REC-1422,TWR-0012,call_records_synthetic
CALL-1423,P012,P014,9895285932,9193349856,10,Phase-10,301,REC-1423,TWR-0032,call_records_synthetic
CALL-1424,P012,P014,9895285932,9193349856,10,Phase-10,376,REC-1424,TWR-0028,call_records_synthetic
CALL-1425,P012,P014,9895285932,9193349856,10,Phase-10,668,REC-1425,TWR-0004,call_records_synthetic
CALL-1426,P024,P014,9128492780,9193349856,10,Phase-10,739,REC-1426,TWR-0022,call_records_synthetic
CALL-1427,P058,P014,9966647391,9193349856,10,Phase-10,437,REC-1427,TWR-0032,call_records_synthetic
CALL-1428,P058,P014,9966647391,9193349856,10,Phase-10,695,REC-1428,TWR-0013,call_records_synthetic
CALL-1429,P058,P014,9966647391,9193349856,10,Phase-10,112,REC-1429,TWR-0004,call_records_synthetic
CALL-1430,P058,P014,9966647391,9193349856,10,Phase-10,366,REC-1430,TWR-0005,call_records_synthetic
CALL-1431,P058,P014,9966647391,9193349856,10,Phase-10,720,REC-1431,TWR-0012,call_records_synthetic
CALL-1432,P012,P018,9895285932,9131994523,10,Phase-10,576,REC-1432,TWR-0027,call_records_synthetic
CALL-1433,P012,P018,9895285932,9131994523,10,Phase-10,419,REC-1433,TWR-0010,call_records_synthetic
CALL-1434,P012,P017,9895285932,9134126396,10,Phase-10,354,REC-1434,TWR-0001,call_records_synthetic
CALL-1435,P001,P082,9786579303,9185675980,10,Phase-10,671,REC-1435,TWR-0004,call_records_synthetic
CALL-1436,P001,P082,9786579303,9185675980,10,Phase-10,765,REC-1436,TWR-0001,call_records_synthetic
CALL-1437,P001,P082,9786579303,9185675980,10,Phase-10,807,REC-1437,TWR-0010,call_records_synthetic
CALL-1438,P001,P082,9786579303,9185675980,10,Phase-10,529,REC-1438,TWR-0029,call_records_synthetic
CALL-1439,P001,P082,9786579303,9185675980,10,Phase-10,584,REC-1439,TWR-0005,call_records_synthetic
CALL-1440,P087,P082,9586845604,9185675980,10,Phase-10,66,REC-1440,TWR-0023,call_records_synthetic
CALL-1441,P087,P082,9586845604,9185675980,10,Phase-10,662,REC-1441,TWR-0020,call_records_synthetic
CALL-1442,P087,P082,9586845604,9185675980,10,Phase-10,100,REC-1442,TWR-0024,call_records_synthetic
CALL-1443,P087,P082,9586845604,9185675980,10,Phase-10,270,REC-1443,TWR-0005,call_records_synthetic
CALL-1444,P087,P082,9586845604,9185675980,10,Phase-10,676,REC-1444,TWR-0016,call_records_synthetic
CALL-1445,P037,P082,9106977991,9185675980,10,Phase-10,730,REC-1445,TWR-0024,call_records_synthetic
CALL-1446,P037,P082,9106977991,9185675980,10,Phase-10,324,REC-1446,TWR-0013,call_records_synthetic
CALL-1447,P037,P082,9106977991,9185675980,10,Phase-10,262,REC-1447,TWR-0030,call_records_synthetic
CALL-1448,P037,P082,9106977991,9185675980,10,Phase-10,794,REC-1448,TWR-0016,call_records_synthetic
CALL-1449,P037,P082,9106977991,9185675980,10,Phase-10,122,REC-1449,TWR-0024,call_records_synthetic
CALL-1450,P096,P082,9386665249,9185675980,10,Phase-10,474,REC-1450,TWR-0014,call_records_synthetic
CALL-1451,P046,P082,9331191390,9185675980,10,Phase-10,130,REC-1451,TWR-0016,call_records_synthetic
CALL-1452,P001,P087,9786579303,9586845604,10,Phase-10,808,REC-1452,TWR-0010,call_records_synthetic
CALL-1453,P001,P087,9786579303,9586845604,10,Phase-10,678,REC-1453,TWR-0030,call_records_synthetic
CALL-1454,P001,P087,9786579303,9586845604,10,Phase-10,750,REC-1454,TWR-0008,call_records_synthetic
CALL-1455,P001,P087,9786579303,9586845604,10,Phase-10,132,REC-1455,TWR-0021,call_records_synthetic
CALL-1456,P001,P087,9786579303,9586845604,10,Phase-10,484,REC-1456,TWR-0019,call_records_synthetic
CALL-1457,P081,P087,9410727955,9586845604,10,Phase-10,200,REC-1457,TWR-0007,call_records_synthetic
CALL-1458,P037,P087,9106977991,9586845604,10,Phase-10,740,REC-1458,TWR-0019,call_records_synthetic
CALL-1459,P037,P087,9106977991,9586845604,10,Phase-10,336,REC-1459,TWR-0013,call_records_synthetic
CALL-1460,P037,P087,9106977991,9586845604,10,Phase-10,59,REC-1460,TWR-0027,call_records_synthetic
CALL-1461,P037,P087,9106977991,9586845604,10,Phase-10,77,REC-1461,TWR-0006,call_records_synthetic
CALL-1462,P037,P087,9106977991,9586845604,10,Phase-10,362,REC-1462,TWR-0022,call_records_synthetic
CALL-1463,P012,P022,9895285932,9642621108,10,Phase-10,845,REC-1463,TWR-0009,call_records_synthetic
CALL-1464,P012,P016,9895285932,9553035110,10,Phase-10,87,REC-1464,TWR-0020,call_records_synthetic
CALL-1465,P012,P016,9895285932,9553035110,10,Phase-10,330,REC-1465,TWR-0021,call_records_synthetic
CALL-1466,P012,P016,9895285932,9553035110,10,Phase-10,397,REC-1466,TWR-0030,call_records_synthetic
CALL-1467,P012,P016,9895285932,9553035110,10,Phase-10,413,REC-1467,TWR-0030,call_records_synthetic
CALL-1468,P012,P016,9895285932,9553035110,10,Phase-10,471,REC-1468,TWR-0012,call_records_synthetic
CALL-1469,P001,P081,9786579303,9410727955,10,Phase-10,179,REC-1469,TWR-0002,call_records_synthetic
CALL-1470,P001,P081,9786579303,9410727955,10,Phase-10,280,REC-1470,TWR-0002,call_records_synthetic
CALL-1471,P001,P081,9786579303,9410727955,10,Phase-10,573,REC-1471,TWR-0009,call_records_synthetic
CALL-1472,P001,P081,9786579303,9410727955,10,Phase-10,451,REC-1472,TWR-0010,call_records_synthetic
CALL-1473,P087,P081,9586845604,9410727955,10,Phase-10,609,REC-1473,TWR-0016,call_records_synthetic
CALL-1474,P087,P081,9586845604,9410727955,10,Phase-10,728,REC-1474,TWR-0021,call_records_synthetic
CALL-1475,P087,P081,9586845604,9410727955,10,Phase-10,841,REC-1475,TWR-0015,call_records_synthetic
CALL-1476,P087,P081,9586845604,9410727955,10,Phase-10,214,REC-1476,TWR-0001,call_records_synthetic
CALL-1477,P087,P081,9586845604,9410727955,10,Phase-10,204,REC-1477,TWR-0027,call_records_synthetic
CALL-1478,P087,P038,9586845604,9914763202,10,Phase-10,209,REC-1478,TWR-0031,call_records_synthetic
CALL-1479,P087,P073,9586845604,9719927151,10,Phase-10,110,REC-1479,TWR-0007,call_records_synthetic
CALL-1480,P001,P037,9786579303,9106977991,10,Phase-10,654,REC-1480,TWR-0011,call_records_synthetic
CALL-1481,P001,P037,9786579303,9106977991,10,Phase-10,421,REC-1481,TWR-0014,call_records_synthetic
CALL-1482,P087,P037,9586845604,9106977991,10,Phase-10,664,REC-1482,TWR-0014,call_records_synthetic
CALL-1483,P087,P037,9586845604,9106977991,10,Phase-10,729,REC-1483,TWR-0010,call_records_synthetic
CALL-1484,P087,P037,9586845604,9106977991,10,Phase-10,276,REC-1484,TWR-0029,call_records_synthetic
CALL-1485,P087,P037,9586845604,9106977991,10,Phase-10,539,REC-1485,TWR-0025,call_records_synthetic
CALL-1486,P087,P037,9586845604,9106977991,10,Phase-10,627,REC-1486,TWR-0011,call_records_synthetic
CALL-1487,P041,P037,9849621470,9106977991,10,Phase-10,176,REC-1487,TWR-0007,call_records_synthetic
CALL-1488,P041,P037,9849621470,9106977991,10,Phase-10,267,REC-1488,TWR-0008,call_records_synthetic
CALL-1489,P041,P037,9849621470,9106977991,10,Phase-10,502,REC-1489,TWR-0007,call_records_synthetic
CALL-1490,P041,P037,9849621470,9106977991,10,Phase-10,683,REC-1490,TWR-0027,call_records_synthetic
CALL-1491,P041,P037,9849621470,9106977991,10,Phase-10,290,REC-1491,TWR-0005,call_records_synthetic
CALL-1492,P044,P037,9398362082,9106977991,10,Phase-10,500,REC-1492,TWR-0017,call_records_synthetic
CALL-1493,P044,P037,9398362082,9106977991,10,Phase-10,291,REC-1493,TWR-0017,call_records_synthetic
CALL-1494,P045,P037,9266944844,9106977991,10,Phase-10,712,REC-1494,TWR-0013,call_records_synthetic
CALL-1495,P045,P037,9266944844,9106977991,10,Phase-10,39,REC-1495,TWR-0004,call_records_synthetic
CALL-1496,P045,P037,9266944844,9106977991,10,Phase-10,853,REC-1496,TWR-0007,call_records_synthetic
CALL-1497,P045,P037,9266944844,9106977991,10,Phase-10,506,REC-1497,TWR-0030,call_records_synthetic
CALL-1498,P045,P037,9266944844,9106977991,10,Phase-10,324,REC-1498,TWR-0022,call_records_synthetic
CALL-1499,P012,P024,9895285932,9128492780,10,Phase-10,723,REC-1499,TWR-0020,call_records_synthetic
CALL-1500,P014,P024,9193349856,9128492780,10,Phase-10,589,REC-1500,TWR-0022,call_records_synthetic
CALL-1501,P058,P024,9966647391,9128492780,10,Phase-10,191,REC-1501,TWR-0029,call_records_synthetic
CALL-1502,P058,P024,9966647391,9128492780,10,Phase-10,105,REC-1502,TWR-0016,call_records_synthetic
CALL-1503,P058,P024,9966647391,9128492780,10,Phase-10,482,REC-1503,TWR-0006,call_records_synthetic
CALL-1504,P014,P058,9193349856,9966647391,10,Phase-10,383,REC-1504,TWR-0008,call_records_synthetic
CALL-1505,P014,P058,9193349856,9966647391,10,Phase-10,631,REC-1505,TWR-0003,call_records_synthetic
CALL-1506,P014,P058,9193349856,9966647391,10,Phase-10,336,REC-1506,TWR-0010,call_records_synthetic
CALL-1507,P014,P058,9193349856,9966647391,10,Phase-10,684,REC-1507,TWR-0028,call_records_synthetic
CALL-1508,P014,P058,9193349856,9966647391,10,Phase-10,464,REC-1508,TWR-0003,call_records_synthetic
CALL-1509,P082,P096,9185675980,9386665249,10,Phase-10,736,REC-1509,TWR-0002,call_records_synthetic
CALL-1510,P082,P096,9185675980,9386665249,10,Phase-10,286,REC-1510,TWR-0029,call_records_synthetic
CALL-1511,P082,P096,9185675980,9386665249,10,Phase-10,497,REC-1511,TWR-0017,call_records_synthetic
CALL-1512,P082,P096,9185675980,9386665249,10,Phase-10,895,REC-1512,TWR-0029,call_records_synthetic
CALL-1513,P082,P096,9185675980,9386665249,10,Phase-10,339,REC-1513,TWR-0003,call_records_synthetic
CALL-1514,P046,P096,9331191390,9386665249,10,Phase-10,233,REC-1514,TWR-0009,call_records_synthetic
CALL-1515,P082,P046,9185675980,9331191390,10,Phase-10,423,REC-1515,TWR-0032,call_records_synthetic
CALL-1516,P082,P046,9185675980,9331191390,10,Phase-10,524,REC-1516,TWR-0029,call_records_synthetic
CALL-1517,P082,P046,9185675980,9331191390,10,Phase-10,139,REC-1517,TWR-0007,call_records_synthetic
CALL-1518,P001,P105,9786579303,9882893941,10,Phase-10,272,REC-1518,TWR-0015,call_records_synthetic
CALL-1519,P087,P105,9586845604,9882893941,10,Phase-10,420,REC-1519,TWR-0026,call_records_synthetic
CALL-1520,P087,P105,9586845604,9882893941,10,Phase-10,615,REC-1520,TWR-0024,call_records_synthetic
CALL-1521,P087,P105,9586845604,9882893941,10,Phase-10,397,REC-1521,TWR-0003,call_records_synthetic
CALL-1522,P087,P041,9586845604,9849621470,10,Phase-10,618,REC-1522,TWR-0026,call_records_synthetic
CALL-1523,P087,P041,9586845604,9849621470,10,Phase-10,332,REC-1523,TWR-0018,call_records_synthetic
CALL-1524,P087,P041,9586845604,9849621470,10,Phase-10,746,REC-1524,TWR-0006,call_records_synthetic
CALL-1525,P037,P041,9106977991,9849621470,10,Phase-10,332,REC-1525,TWR-0004,call_records_synthetic
CALL-1526,P037,P041,9106977991,9849621470,10,Phase-10,52,REC-1526,TWR-0028,call_records_synthetic
CALL-1527,P037,P041,9106977991,9849621470,10,Phase-10,879,REC-1527,TWR-0006,call_records_synthetic
CALL-1528,P037,P041,9106977991,9849621470,10,Phase-10,704,REC-1528,TWR-0022,call_records_synthetic
CALL-1529,P037,P041,9106977991,9849621470,10,Phase-10,435,REC-1529,TWR-0016,call_records_synthetic
CALL-1530,P087,P021,9586845604,9349817734,10,Phase-10,311,REC-1530,TWR-0018,call_records_synthetic
CALL-1531,P087,P021,9586845604,9349817734,10,Phase-10,38,REC-1531,TWR-0031,call_records_synthetic
CALL-1532,P087,P021,9586845604,9349817734,10,Phase-10,609,REC-1532,TWR-0019,call_records_synthetic
CALL-1533,P087,P021,9586845604,9349817734,10,Phase-10,732,REC-1533,TWR-0017,call_records_synthetic
CALL-1534,P087,P021,9586845604,9349817734,10,Phase-10,826,REC-1534,TWR-0015,call_records_synthetic
CALL-1535,P104,P103,9673528321,9283758720,10,Phase-10,792,REC-1535,TWR-0023,call_records_synthetic
CALL-1536,P087,P027,9586845604,9868820204,10,Phase-10,80,REC-1536,TWR-0031,call_records_synthetic
CALL-1537,P037,P095,9106977991,9819595113,10,Phase-10,650,REC-1537,TWR-0013,call_records_synthetic
CALL-1538,P037,P095,9106977991,9819595113,10,Phase-10,793,REC-1538,TWR-0009,call_records_synthetic
CALL-1539,P037,P095,9106977991,9819595113,10,Phase-10,538,REC-1539,TWR-0011,call_records_synthetic
CALL-1540,P037,P095,9106977991,9819595113,10,Phase-10,882,REC-1540,TWR-0009,call_records_synthetic
CALL-1541,P037,P095,9106977991,9819595113,10,Phase-10,323,REC-1541,TWR-0031,call_records_synthetic
CALL-1542,P037,P093,9106977991,9481469012,10,Phase-10,824,REC-1542,TWR-0016,call_records_synthetic
CALL-1543,P037,P093,9106977991,9481469012,10,Phase-10,848,REC-1543,TWR-0018,call_records_synthetic
CALL-1544,P037,P093,9106977991,9481469012,10,Phase-10,265,REC-1544,TWR-0026,call_records_synthetic
CALL-1545,P037,P093,9106977991,9481469012,10,Phase-10,651,REC-1545,TWR-0011,call_records_synthetic
CALL-1546,P037,P093,9106977991,9481469012,10,Phase-10,851,REC-1546,TWR-0010,call_records_synthetic
CALL-1547,P037,P042,9106977991,9553778756,10,Phase-10,390,REC-1547,TWR-0030,call_records_synthetic
CALL-1548,P037,P042,9106977991,9553778756,10,Phase-10,254,REC-1548,TWR-0023,call_records_synthetic
CALL-1549,P037,P042,9106977991,9553778756,10,Phase-10,681,REC-1549,TWR-0025,call_records_synthetic
CALL-1550,P037,P042,9106977991,9553778756,10,Phase-10,224,REC-1550,TWR-0017,call_records_synthetic
CALL-1551,P019,P071,9200604502,9764130526,10,Phase-10,665,REC-1551,TWR-0016,call_records_synthetic
CALL-1552,P087,P040,9586845604,9271432881,10,Phase-10,286,REC-1552,TWR-0026,call_records_synthetic
CALL-1553,P037,P044,9106977991,9398362082,10,Phase-10,724,REC-1553,TWR-0025,call_records_synthetic
CALL-1554,P037,P044,9106977991,9398362082,10,Phase-10,803,REC-1554,TWR-0012,call_records_synthetic
CALL-1555,P037,P044,9106977991,9398362082,10,Phase-10,768,REC-1555,TWR-0023,call_records_synthetic
CALL-1556,P037,P044,9106977991,9398362082,10,Phase-10,815,REC-1556,TWR-0022,call_records_synthetic
CALL-1557,P037,P044,9106977991,9398362082,10,Phase-10,705,REC-1557,TWR-0021,call_records_synthetic
CALL-1558,P001,P070,9786579303,9774996843,10,Phase-10,727,REC-1558,TWR-0022,call_records_synthetic
CALL-1559,P001,P070,9786579303,9774996843,10,Phase-10,888,REC-1559,TWR-0029,call_records_synthetic
CALL-1560,P001,P070,9786579303,9774996843,10,Phase-10,170,REC-1560,TWR-0009,call_records_synthetic
CALL-1561,P001,P070,9786579303,9774996843,10,Phase-10,673,REC-1561,TWR-0006,call_records_synthetic
CALL-1562,P001,P070,9786579303,9774996843,10,Phase-10,129,REC-1562,TWR-0004,call_records_synthetic
CALL-1563,P085,P001,9508157429,9786579303,11,Phase-11,672,REC-1563,TWR-0005,call_records_synthetic
CALL-1564,P085,P001,9508157429,9786579303,11,Phase-11,691,REC-1564,TWR-0016,call_records_synthetic
CALL-1565,P085,P001,9508157429,9786579303,11,Phase-11,70,REC-1565,TWR-0021,call_records_synthetic
CALL-1566,P076,P001,9174684276,9786579303,11,Phase-11,346,REC-1566,TWR-0006,call_records_synthetic
CALL-1567,P076,P001,9174684276,9786579303,11,Phase-11,837,REC-1567,TWR-0013,call_records_synthetic
CALL-1568,P076,P001,9174684276,9786579303,11,Phase-11,481,REC-1568,TWR-0003,call_records_synthetic
CALL-1569,P076,P001,9174684276,9786579303,11,Phase-11,64,REC-1569,TWR-0010,call_records_synthetic
CALL-1570,P076,P001,9174684276,9786579303,11,Phase-11,623,REC-1570,TWR-0023,call_records_synthetic
CALL-1571,P011,P001,9826600539,9786579303,11,Phase-11,403,REC-1571,TWR-0004,call_records_synthetic
CALL-1572,P084,P001,9208449460,9786579303,11,Phase-11,779,REC-1572,TWR-0016,call_records_synthetic
CALL-1573,P082,P001,9185675980,9786579303,11,Phase-11,164,REC-1573,TWR-0009,call_records_synthetic
CALL-1574,P087,P001,9586845604,9786579303,11,Phase-11,122,REC-1574,TWR-0032,call_records_synthetic
CALL-1575,P087,P001,9586845604,9786579303,11,Phase-11,332,REC-1575,TWR-0006,call_records_synthetic
CALL-1576,P076,P088,9174684276,9782560971,11,Phase-11,364,REC-1576,TWR-0004,call_records_synthetic
CALL-1577,P001,P085,9786579303,9508157429,11,Phase-11,795,REC-1577,TWR-0021,call_records_synthetic
CALL-1578,P001,P085,9786579303,9508157429,11,Phase-11,455,REC-1578,TWR-0016,call_records_synthetic
CALL-1579,P001,P085,9786579303,9508157429,11,Phase-11,209,REC-1579,TWR-0024,call_records_synthetic
CALL-1580,P001,P085,9786579303,9508157429,11,Phase-11,235,REC-1580,TWR-0007,call_records_synthetic
CALL-1581,P001,P085,9786579303,9508157429,11,Phase-11,165,REC-1581,TWR-0019,call_records_synthetic
CALL-1582,P076,P085,9174684276,9508157429,11,Phase-11,835,REC-1582,TWR-0025,call_records_synthetic
CALL-1583,P076,P085,9174684276,9508157429,11,Phase-11,582,REC-1583,TWR-0026,call_records_synthetic
CALL-1584,P076,P085,9174684276,9508157429,11,Phase-11,404,REC-1584,TWR-0014,call_records_synthetic
CALL-1585,P076,P085,9174684276,9508157429,11,Phase-11,573,REC-1585,TWR-0003,call_records_synthetic
CALL-1586,P076,P085,9174684276,9508157429,11,Phase-11,543,REC-1586,TWR-0020,call_records_synthetic
CALL-1587,P084,P085,9208449460,9508157429,11,Phase-11,309,REC-1587,TWR-0015,call_records_synthetic
CALL-1588,P083,P086,9349957310,9398471886,11,Phase-11,880,REC-1588,TWR-0002,call_records_synthetic
CALL-1589,P083,P086,9349957310,9398471886,11,Phase-11,198,REC-1589,TWR-0024,call_records_synthetic
CALL-1590,P083,P086,9349957310,9398471886,11,Phase-11,293,REC-1590,TWR-0024,call_records_synthetic
CALL-1591,P001,P076,9786579303,9174684276,11,Phase-11,874,REC-1591,TWR-0026,call_records_synthetic
CALL-1592,P001,P076,9786579303,9174684276,11,Phase-11,523,REC-1592,TWR-0006,call_records_synthetic
CALL-1593,P001,P076,9786579303,9174684276,11,Phase-11,855,REC-1593,TWR-0023,call_records_synthetic
CALL-1594,P001,P076,9786579303,9174684276,11,Phase-11,332,REC-1594,TWR-0013,call_records_synthetic
CALL-1595,P001,P076,9786579303,9174684276,11,Phase-11,794,REC-1595,TWR-0013,call_records_synthetic
CALL-1596,P085,P076,9508157429,9174684276,11,Phase-11,376,REC-1596,TWR-0030,call_records_synthetic
CALL-1597,P085,P076,9508157429,9174684276,11,Phase-11,853,REC-1597,TWR-0028,call_records_synthetic
CALL-1598,P085,P076,9508157429,9174684276,11,Phase-11,147,REC-1598,TWR-0032,call_records_synthetic
CALL-1599,P085,P076,9508157429,9174684276,11,Phase-11,509,REC-1599,TWR-0011,call_records_synthetic
CALL-1600,P087,P076,9586845604,9174684276,11,Phase-11,107,REC-1600,TWR-0027,call_records_synthetic
CALL-1601,P087,P076,9586845604,9174684276,11,Phase-11,174,REC-1601,TWR-0031,call_records_synthetic
CALL-1602,P001,P011,9786579303,9826600539,11,Phase-11,802,REC-1602,TWR-0006,call_records_synthetic
CALL-1603,P012,P013,9895285932,9685582861,11,Phase-11,261,REC-1603,TWR-0023,call_records_synthetic
CALL-1604,P041,P013,9849621470,9685582861,11,Phase-11,722,REC-1604,TWR-0027,call_records_synthetic
CALL-1605,P041,P013,9849621470,9685582861,11,Phase-11,771,REC-1605,TWR-0020,call_records_synthetic
CALL-1606,P041,P013,9849621470,9685582861,11,Phase-11,720,REC-1606,TWR-0004,call_records_synthetic
CALL-1607,P041,P013,9849621470,9685582861,11,Phase-11,436,REC-1607,TWR-0001,call_records_synthetic
CALL-1608,P041,P013,9849621470,9685582861,11,Phase-11,896,REC-1608,TWR-0025,call_records_synthetic
CALL-1609,P003,P012,9126855092,9895285932,11,Phase-11,853,REC-1609,TWR-0031,call_records_synthetic
CALL-1610,P003,P012,9126855092,9895285932,11,Phase-11,600,REC-1610,TWR-0015,call_records_synthetic
CALL-1611,P003,P012,9126855092,9895285932,11,Phase-11,404,REC-1611,TWR-0008,call_records_synthetic
CALL-1612,P014,P012,9193349856,9895285932,11,Phase-11,122,REC-1612,TWR-0027,call_records_synthetic
CALL-1613,P014,P012,9193349856,9895285932,11,Phase-11,839,REC-1613,TWR-0008,call_records_synthetic
CALL-1614,P014,P012,9193349856,9895285932,11,Phase-11,434,REC-1614,TWR-0024,call_records_synthetic
CALL-1615,P014,P012,9193349856,9895285932,11,Phase-11,44,REC-1615,TWR-0019,call_records_synthetic
CALL-1616,P014,P012,9193349856,9895285932,11,Phase-11,300,REC-1616,TWR-0030,call_records_synthetic
CALL-1617,P018,P012,9131994523,9895285932,11,Phase-11,579,REC-1617,TWR-0030,call_records_synthetic
CALL-1618,P018,P012,9131994523,9895285932,11,Phase-11,156,REC-1618,TWR-0007,call_records_synthetic
CALL-1619,P017,P012,9134126396,9895285932,11,Phase-11,495,REC-1619,TWR-0009,call_records_synthetic
CALL-1620,P017,P012,9134126396,9895285932,11,Phase-11,407,REC-1620,TWR-0027,call_records_synthetic
CALL-1621,P017,P012,9134126396,9895285932,11,Phase-11,718,REC-1621,TWR-0018,call_records_synthetic
CALL-1622,P017,P012,9134126396,9895285932,11,Phase-11,796,REC-1622,TWR-0025,call_records_synthetic
CALL-1623,P017,P012,9134126396,9895285932,11,Phase-11,718,REC-1623,TWR-0012,call_records_synthetic
CALL-1624,P016,P012,9553035110,9895285932,11,Phase-11,298,REC-1624,TWR-0030,call_records_synthetic
CALL-1625,P016,P012,9553035110,9895285932,11,Phase-11,628,REC-1625,TWR-0024,call_records_synthetic
CALL-1626,P016,P012,9553035110,9895285932,11,Phase-11,420,REC-1626,TWR-0014,call_records_synthetic
CALL-1627,P016,P012,9553035110,9895285932,11,Phase-11,872,REC-1627,TWR-0011,call_records_synthetic
CALL-1628,P016,P012,9553035110,9895285932,11,Phase-11,683,REC-1628,TWR-0011,call_records_synthetic
CALL-1629,P041,P012,9849621470,9895285932,11,Phase-11,410,REC-1629,TWR-0008,call_records_synthetic
CALL-1630,P041,P012,9849621470,9895285932,11,Phase-11,140,REC-1630,TWR-0013,call_records_synthetic
CALL-1631,P027,P012,9868820204,9895285932,11,Phase-11,721,REC-1631,TWR-0021,call_records_synthetic
CALL-1632,P027,P012,9868820204,9895285932,11,Phase-11,269,REC-1632,TWR-0029,call_records_synthetic
CALL-1633,P042,P012,9553778756,9895285932,11,Phase-11,512,REC-1633,TWR-0001,call_records_synthetic
CALL-1634,P042,P012,9553778756,9895285932,11,Phase-11,55,REC-1634,TWR-0009,call_records_synthetic
CALL-1635,P065,P012,9506448196,9895285932,11,Phase-11,664,REC-1635,TWR-0018,call_records_synthetic
CALL-1636,P065,P012,9506448196,9895285932,11,Phase-11,604,REC-1636,TWR-0026,call_records_synthetic
CALL-1637,P065,P012,9506448196,9895285932,11,Phase-11,365,REC-1637,TWR-0009,call_records_synthetic
CALL-1638,P065,P012,9506448196,9895285932,11,Phase-11,654,REC-1638,TWR-0024,call_records_synthetic
CALL-1639,P065,P012,9506448196,9895285932,11,Phase-11,256,REC-1639,TWR-0025,call_records_synthetic
CALL-1640,P012,P014,9895285932,9193349856,11,Phase-11,693,REC-1640,TWR-0004,call_records_synthetic
CALL-1641,P012,P014,9895285932,9193349856,11,Phase-11,94,REC-1641,TWR-0016,call_records_synthetic
CALL-1642,P012,P014,9895285932,9193349856,11,Phase-11,680,REC-1642,TWR-0004,call_records_synthetic
CALL-1643,P012,P014,9895285932,9193349856,11,Phase-11,873,REC-1643,TWR-0003,call_records_synthetic
CALL-1644,P012,P014,9895285932,9193349856,11,Phase-11,505,REC-1644,TWR-0001,call_records_synthetic
CALL-1645,P058,P014,9966647391,9193349856,11,Phase-11,747,REC-1645,TWR-0015,call_records_synthetic
CALL-1646,P058,P014,9966647391,9193349856,11,Phase-11,339,REC-1646,TWR-0013,call_records_synthetic
CALL-1647,P058,P014,9966647391,9193349856,11,Phase-11,694,REC-1647,TWR-0017,call_records_synthetic
CALL-1648,P058,P014,9966647391,9193349856,11,Phase-11,448,REC-1648,TWR-0030,call_records_synthetic
CALL-1649,P058,P014,9966647391,9193349856,11,Phase-11,149,REC-1649,TWR-0013,call_records_synthetic
CALL-1650,P012,P018,9895285932,9131994523,11,Phase-11,173,REC-1650,TWR-0025,call_records_synthetic
CALL-1651,P012,P018,9895285932,9131994523,11,Phase-11,76,REC-1651,TWR-0028,call_records_synthetic
CALL-1652,P012,P018,9895285932,9131994523,11,Phase-11,68,REC-1652,TWR-0027,call_records_synthetic
CALL-1653,P012,P017,9895285932,9134126396,11,Phase-11,341,REC-1653,TWR-0004,call_records_synthetic
CALL-1654,P012,P017,9895285932,9134126396,11,Phase-11,534,REC-1654,TWR-0022,call_records_synthetic
CALL-1655,P027,P017,9868820204,9134126396,11,Phase-11,148,REC-1655,TWR-0002,call_records_synthetic
CALL-1656,P001,P082,9786579303,9185675980,11,Phase-11,129,REC-1656,TWR-0011,call_records_synthetic
CALL-1657,P001,P082,9786579303,9185675980,11,Phase-11,270,REC-1657,TWR-0015,call_records_synthetic
CALL-1658,P001,P082,9786579303,9185675980,11,Phase-11,580,REC-1658,TWR-0020,call_records_synthetic
CALL-1659,P001,P082,9786579303,9185675980,11,Phase-11,168,REC-1659,TWR-0031,call_records_synthetic
CALL-1660,P001,P082,9786579303,9185675980,11,Phase-11,427,REC-1660,TWR-0013,call_records_synthetic
CALL-1661,P087,P082,9586845604,9185675980,11,Phase-11,494,REC-1661,TWR-0014,call_records_synthetic
CALL-1662,P096,P082,9386665249,9185675980,11,Phase-11,409,REC-1662,TWR-0006,call_records_synthetic
CALL-1663,P096,P082,9386665249,9185675980,11,Phase-11,716,REC-1663,TWR-0017,call_records_synthetic
CALL-1664,P096,P082,9386665249,9185675980,11,Phase-11,790,REC-1664,TWR-0010,call_records_synthetic
CALL-1665,P096,P082,9386665249,9185675980,11,Phase-11,743,REC-1665,TWR-0004,call_records_synthetic
CALL-1666,P096,P082,9386665249,9185675980,11,Phase-11,583,REC-1666,TWR-0031,call_records_synthetic
CALL-1667,P079,P078,9344703907,9810026086,11,Phase-11,459,REC-1667,TWR-0001,call_records_synthetic
CALL-1668,P079,P078,9344703907,9810026086,11,Phase-11,631,REC-1668,TWR-0025,call_records_synthetic
CALL-1669,P001,P087,9786579303,9586845604,11,Phase-11,790,REC-1669,TWR-0007,call_records_synthetic
CALL-1670,P001,P087,9786579303,9586845604,11,Phase-11,774,REC-1670,TWR-0012,call_records_synthetic
CALL-1671,P001,P087,9786579303,9586845604,11,Phase-11,188,REC-1671,TWR-0011,call_records_synthetic
CALL-1672,P076,P087,9174684276,9586845604,11,Phase-11,454,REC-1672,TWR-0003,call_records_synthetic
CALL-1673,P076,P087,9174684276,9586845604,11,Phase-11,700,REC-1673,TWR-0012,call_records_synthetic
CALL-1674,P082,P087,9185675980,9586845604,11,Phase-11,131,REC-1674,TWR-0003,call_records_synthetic
CALL-1675,P082,P087,9185675980,9586845604,11,Phase-11,883,REC-1675,TWR-0027,call_records_synthetic
CALL-1676,P082,P087,9185675980,9586845604,11,Phase-11,531,REC-1676,TWR-0022,call_records_synthetic
CALL-1677,P076,P079,9174684276,9344703907,11,Phase-11,660,REC-1677,TWR-0012,call_records_synthetic
CALL-1678,P076,P079,9174684276,9344703907,11,Phase-11,447,REC-1678,TWR-0021,call_records_synthetic
CALL-1679,P076,P079,9174684276,9344703907,11,Phase-11,316,REC-1679,TWR-0006,call_records_synthetic
CALL-1680,P076,P079,9174684276,9344703907,11,Phase-11,63,REC-1680,TWR-0008,call_records_synthetic
CALL-1681,P078,P079,9810026086,9344703907,11,Phase-11,736,REC-1681,TWR-0015,call_records_synthetic
CALL-1682,P059,P079,9146654552,9344703907,11,Phase-11,409,REC-1682,TWR-0025,call_records_synthetic
CALL-1683,P059,P079,9146654552,9344703907,11,Phase-11,252,REC-1683,TWR-0019,call_records_synthetic
CALL-1684,P059,P079,9146654552,9344703907,11,Phase-11,484,REC-1684,TWR-0014,call_records_synthetic
CALL-1685,P059,P079,9146654552,9344703907,11,Phase-11,485,REC-1685,TWR-0030,call_records_synthetic
CALL-1686,P059,P079,9146654552,9344703907,11,Phase-11,271,REC-1686,TWR-0019,call_records_synthetic
CALL-1687,P101,P079,9754049436,9344703907,11,Phase-11,401,REC-1687,TWR-0017,call_records_synthetic
CALL-1688,P101,P079,9754049436,9344703907,11,Phase-11,131,REC-1688,TWR-0027,call_records_synthetic
CALL-1689,P101,P079,9754049436,9344703907,11,Phase-11,732,REC-1689,TWR-0019,call_records_synthetic
CALL-1690,P101,P079,9754049436,9344703907,11,Phase-11,406,REC-1690,TWR-0014,call_records_synthetic
CALL-1691,P101,P079,9754049436,9344703907,11,Phase-11,587,REC-1691,TWR-0032,call_records_synthetic
CALL-1692,P102,P079,9781802744,9344703907,11,Phase-11,690,REC-1692,TWR-0028,call_records_synthetic
CALL-1693,P102,P079,9781802744,9344703907,11,Phase-11,397,REC-1693,TWR-0020,call_records_synthetic
CALL-1694,P076,P061,9174684276,9883543540,11,Phase-11,92,REC-1694,TWR-0010,call_records_synthetic
CALL-1695,P076,P061,9174684276,9883543540,11,Phase-11,437,REC-1695,TWR-0006,call_records_synthetic
CALL-1696,P076,P061,9174684276,9883543540,11,Phase-11,312,REC-1696,TWR-0025,call_records_synthetic
CALL-1697,P012,P016,9895285932,9553035110,11,Phase-11,224,REC-1697,TWR-0011,call_records_synthetic
CALL-1698,P012,P016,9895285932,9553035110,11,Phase-11,155,REC-1698,TWR-0015,call_records_synthetic
CALL-1699,P012,P016,9895285932,9553035110,11,Phase-11,898,REC-1699,TWR-0009,call_records_synthetic
CALL-1700,P012,P016,9895285932,9553035110,11,Phase-11,873,REC-1700,TWR-0013,call_records_synthetic
CALL-1701,P012,P016,9895285932,9553035110,11,Phase-11,495,REC-1701,TWR-0028,call_records_synthetic
CALL-1702,P087,P081,9586845604,9410727955,11,Phase-11,123,REC-1702,TWR-0017,call_records_synthetic
CALL-1703,P087,P081,9586845604,9410727955,11,Phase-11,708,REC-1703,TWR-0010,call_records_synthetic
CALL-1704,P079,P059,9344703907,9146654552,11,Phase-11,247,REC-1704,TWR-0008,call_records_synthetic
CALL-1705,P079,P059,9344703907,9146654552,11,Phase-11,687,REC-1705,TWR-0010,call_records_synthetic
CALL-1706,P102,P059,9781802744,9146654552,11,Phase-11,684,REC-1706,TWR-0032,call_records_synthetic
CALL-1707,P041,P037,9849621470,9106977991,11,Phase-11,641,REC-1707,TWR-0024,call_records_synthetic
CALL-1708,P041,P037,9849621470,9106977991,11,Phase-11,51,REC-1708,TWR-0014,call_records_synthetic
CALL-1709,P041,P037,9849621470,9106977991,11,Phase-11,81,REC-1709,TWR-0029,call_records_synthetic
CALL-1710,P041,P037,9849621470,9106977991,11,Phase-11,835,REC-1710,TWR-0010,call_records_synthetic
CALL-1711,P041,P037,9849621470,9106977991,11,Phase-11,371,REC-1711,TWR-0016,call_records_synthetic
CALL-1712,P093,P037,9481469012,9106977991,11,Phase-11,279,REC-1712,TWR-0004,call_records_synthetic
CALL-1713,P082,P036,9185675980,9969119330,11,Phase-11,158,REC-1713,TWR-0002,call_records_synthetic
CALL-1714,P082,P036,9185675980,9969119330,11,Phase-11,835,REC-1714,TWR-0022,call_records_synthetic
CALL-1715,P082,P036,9185675980,9969119330,11,Phase-11,608,REC-1715,TWR-0027,call_records_synthetic
CALL-1716,P082,P036,9185675980,9969119330,11,Phase-11,240,REC-1716,TWR-0003,call_records_synthetic
CALL-1717,P058,P024,9966647391,9128492780,11,Phase-11,100,REC-1717,TWR-0012,call_records_synthetic
CALL-1718,P058,P024,9966647391,9128492780,11,Phase-11,879,REC-1718,TWR-0001,call_records_synthetic
CALL-1719,P058,P024,9966647391,9128492780,11,Phase-11,813,REC-1719,TWR-0006,call_records_synthetic
CALL-1720,P014,P058,9193349856,9966647391,11,Phase-11,597,REC-1720,TWR-0013,call_records_synthetic
CALL-1721,P014,P058,9193349856,9966647391,11,Phase-11,242,REC-1721,TWR-0019,call_records_synthetic
CALL-1722,P014,P058,9193349856,9966647391,11,Phase-11,630,REC-1722,TWR-0025,call_records_synthetic
CALL-1723,P014,P058,9193349856,9966647391,11,Phase-11,251,REC-1723,TWR-0019,call_records_synthetic
CALL-1724,P082,P096,9185675980,9386665249,11,Phase-11,862,REC-1724,TWR-0018,call_records_synthetic
CALL-1725,P082,P096,9185675980,9386665249,11,Phase-11,268,REC-1725,TWR-0001,call_records_synthetic
CALL-1726,P082,P096,9185675980,9386665249,11,Phase-11,366,REC-1726,TWR-0023,call_records_synthetic
CALL-1727,P082,P096,9185675980,9386665249,11,Phase-11,822,REC-1727,TWR-0015,call_records_synthetic
CALL-1728,P082,P096,9185675980,9386665249,11,Phase-11,181,REC-1728,TWR-0006,call_records_synthetic
CALL-1729,P096,P046,9386665249,9331191390,11,Phase-11,837,REC-1729,TWR-0025,call_records_synthetic
CALL-1730,P096,P046,9386665249,9331191390,11,Phase-11,640,REC-1730,TWR-0027,call_records_synthetic
CALL-1731,P001,P041,9786579303,9849621470,11,Phase-11,32,REC-1731,TWR-0030,call_records_synthetic
CALL-1732,P001,P041,9786579303,9849621470,11,Phase-11,313,REC-1732,TWR-0007,call_records_synthetic
CALL-1733,P037,P041,9106977991,9849621470,11,Phase-11,178,REC-1733,TWR-0017,call_records_synthetic
CALL-1734,P037,P041,9106977991,9849621470,11,Phase-11,163,REC-1734,TWR-0018,call_records_synthetic
CALL-1735,P037,P041,9106977991,9849621470,11,Phase-11,583,REC-1735,TWR-0011,call_records_synthetic
CALL-1736,P037,P041,9106977991,9849621470,11,Phase-11,286,REC-1736,TWR-0020,call_records_synthetic
CALL-1737,P037,P041,9106977991,9849621470,11,Phase-11,847,REC-1737,TWR-0016,call_records_synthetic
CALL-1738,P093,P041,9481469012,9849621470,11,Phase-11,208,REC-1738,TWR-0001,call_records_synthetic
CALL-1739,P043,P041,9465341213,9849621470,11,Phase-11,142,REC-1739,TWR-0007,call_records_synthetic
CALL-1740,P012,P027,9895285932,9868820204,11,Phase-11,706,REC-1740,TWR-0027,call_records_synthetic
CALL-1741,P012,P027,9895285932,9868820204,11,Phase-11,56,REC-1741,TWR-0016,call_records_synthetic
CALL-1742,P037,P027,9106977991,9868820204,11,Phase-11,164,REC-1742,TWR-0015,call_records_synthetic
CALL-1743,P037,P027,9106977991,9868820204,11,Phase-11,45,REC-1743,TWR-0008,call_records_synthetic
CALL-1744,P037,P027,9106977991,9868820204,11,Phase-11,396,REC-1744,TWR-0011,call_records_synthetic
CALL-1745,P037,P027,9106977991,9868820204,11,Phase-11,838,REC-1745,TWR-0022,call_records_synthetic
CALL-1746,P041,P027,9849621470,9868820204,11,Phase-11,837,REC-1746,TWR-0003,call_records_synthetic
CALL-1747,P041,P027,9849621470,9868820204,11,Phase-11,273,REC-1747,TWR-0005,call_records_synthetic
CALL-1748,P041,P027,9849621470,9868820204,11,Phase-11,632,REC-1748,TWR-0006,call_records_synthetic
CALL-1749,P041,P027,9849621470,9868820204,11,Phase-11,361,REC-1749,TWR-0022,call_records_synthetic
CALL-1750,P037,P093,9106977991,9481469012,11,Phase-11,46,REC-1750,TWR-0006,call_records_synthetic
CALL-1751,P037,P093,9106977991,9481469012,11,Phase-11,208,REC-1751,TWR-0027,call_records_synthetic
CALL-1752,P037,P093,9106977991,9481469012,11,Phase-11,301,REC-1752,TWR-0013,call_records_synthetic
CALL-1753,P037,P093,9106977991,9481469012,11,Phase-11,83,REC-1753,TWR-0012,call_records_synthetic
CALL-1754,P037,P093,9106977991,9481469012,11,Phase-11,159,REC-1754,TWR-0002,call_records_synthetic
CALL-1755,P041,P093,9849621470,9481469012,11,Phase-11,789,REC-1755,TWR-0007,call_records_synthetic
CALL-1756,P041,P093,9849621470,9481469012,11,Phase-11,461,REC-1756,TWR-0012,call_records_synthetic
CALL-1757,P041,P093,9849621470,9481469012,11,Phase-11,568,REC-1757,TWR-0026,call_records_synthetic
CALL-1758,P079,P102,9344703907,9781802744,11,Phase-11,146,REC-1758,TWR-0032,call_records_synthetic
CALL-1759,P101,P102,9754049436,9781802744,11,Phase-11,793,REC-1759,TWR-0019,call_records_synthetic
CALL-1760,P101,P102,9754049436,9781802744,11,Phase-11,95,REC-1760,TWR-0024,call_records_synthetic
CALL-1761,P101,P102,9754049436,9781802744,11,Phase-11,517,REC-1761,TWR-0009,call_records_synthetic
CALL-1762,P076,P072,9174684276,9488302652,11,Phase-11,489,REC-1762,TWR-0023,call_records_synthetic
CALL-1763,P076,P072,9174684276,9488302652,11,Phase-11,826,REC-1763,TWR-0019,call_records_synthetic
CALL-1764,P012,P026,9895285932,9313500298,11,Phase-11,400,REC-1764,TWR-0012,call_records_synthetic
CALL-1765,P012,P026,9895285932,9313500298,11,Phase-11,555,REC-1765,TWR-0008,call_records_synthetic
CALL-1766,P041,P094,9849621470,9324956459,11,Phase-11,637,REC-1766,TWR-0016,call_records_synthetic
CALL-1767,P041,P094,9849621470,9324956459,11,Phase-11,141,REC-1767,TWR-0006,call_records_synthetic
CALL-1768,P041,P094,9849621470,9324956459,11,Phase-11,492,REC-1768,TWR-0029,call_records_synthetic
CALL-1769,P041,P094,9849621470,9324956459,11,Phase-11,545,REC-1769,TWR-0032,call_records_synthetic
CALL-1770,P041,P094,9849621470,9324956459,11,Phase-11,256,REC-1770,TWR-0030,call_records_synthetic
CALL-1771,P041,P092,9849621470,9497478786,11,Phase-11,659,REC-1771,TWR-0020,call_records_synthetic
CALL-1772,P041,P092,9849621470,9497478786,11,Phase-11,74,REC-1772,TWR-0018,call_records_synthetic
CALL-1773,P041,P092,9849621470,9497478786,11,Phase-11,774,REC-1773,TWR-0007,call_records_synthetic
CALL-1774,P041,P092,9849621470,9497478786,11,Phase-11,832,REC-1774,TWR-0023,call_records_synthetic
CALL-1775,P041,P092,9849621470,9497478786,11,Phase-11,704,REC-1775,TWR-0017,call_records_synthetic
CALL-1776,P012,P066,9895285932,9184611066,11,Phase-11,563,REC-1776,TWR-0027,call_records_synthetic
CALL-1777,P012,P066,9895285932,9184611066,11,Phase-11,338,REC-1777,TWR-0011,call_records_synthetic
CALL-1778,P012,P066,9895285932,9184611066,11,Phase-11,499,REC-1778,TWR-0032,call_records_synthetic
CALL-1779,P012,P066,9895285932,9184611066,11,Phase-11,688,REC-1779,TWR-0014,call_records_synthetic
CALL-1780,P012,P065,9895285932,9506448196,11,Phase-11,61,REC-1780,TWR-0004,call_records_synthetic
