source_id,relationship,target_id,source,confidence
P001,USES,PH579303,persons_synthetic,1.0
P001,INVOLVED_IN,CASE-1001,persons_synthetic,1.0
P002,USES,PH540831,persons_synthetic,1.0
P002,INVOLVED_IN,CASE-1002,persons_synthetic,1.0
P003,USES,PH855092,persons_synthetic,1.0
P003,INVOLVED_IN,CASE-1003,persons_synthetic,1.0
P004,USES,PH233790,persons_synthetic,1.0
P004,INVOLVED_IN,CASE-1004,persons_synthetic,1.0
P005,USES,PH310485,persons_synthetic,1.0
P005,INVOLVED_IN,CASE-1005,persons_synthetic,1.0
P006,USES,PH950628,persons_synthetic,1.0
P006,INVOLVED_IN,CASE-1006,persons_synthetic,1.0
P007,USES,PH670711,persons_synthetic,1.0
P007,INVOLVED_IN,CASE-1007,persons_synthetic,1.0
P008,USES,PH827706,persons_synthetic,1.0
P008,INVOLVED_IN,CASE-1008,persons_synthetic,1.0
P009,USES,PH779946,persons_synthetic,1.0
P009,INVOLVED_IN,CASE-1009,persons_synthetic,1.0
P010,USES,PH053353,persons_synthetic,1.0
P010,INVOLVED_IN,CASE-1010,persons_synthetic,1.0
P011,USES,PH600539,persons_synthetic,1.0
P011,INVOLVED_IN,CASE-1011,persons_synthetic,1.0
P012,USES,PH285932,persons_synthetic,1.0
P012,INVOLVED_IN,CASE-1012,persons_synthetic,1.0
P013,USES,PH582861,persons_synthetic,1.0
P013,INVOLVED_IN,CASE-1013,persons_synthetic,1.0
P014,USES,PH349856,persons_synthetic,1.0
P014,INVOLVED_IN,CASE-1014,persons_synthetic,1.0
P015,USES,PH036506,persons_synthetic,1.0
P015,INVOLVED_IN,CASE-1015,persons_synthetic,1.0
P016,USES,PH035110,persons_synthetic,1.0
P016,INVOLVED_IN,CASE-1016,persons_synthetic,1.0
P017,USES,PH126396,persons_synthetic,1.0
P017,INVOLVED_IN,CASE-1017,persons_synthetic,1.0
P018,USES,PH994523,persons_synthetic,1.0
P018,INVOLVED_IN,CASE-1018,persons_synthetic,1.0
P019,USES,PH604502,persons_synthetic,1.0
P019,INVOLVED_IN,CASE-1019,persons_synthetic,1.0
P020,USES,PH760738,persons_synthetic,1.0
P020,INVOLVED_IN,CASE-1020,persons_synthetic,1.0
P021,USES,PH817734,persons_synthetic,1.0
P021,INVOLVED_IN,CASE-1021,persons_synthetic,1.0
P022,USES,PH621108,persons_synthetic,1.0
P022,INVOLVED_IN,CASE-1022,persons_synthetic,1.0
P023,USES,PH412689,persons_synthetic,1.0
P023,INVOLVED_IN,CASE-1023,persons_synthetic,1.0
P024,USES,PH492780,persons_synthetic,1.0
P024,INVOLVED_IN,CASE-1024,persons_synthetic,1.0
P025,USES,PH632297,persons_synthetic,1.0
P025,INVOLVED_IN,CASE-1025,persons_synthetic,1.0
P026,USES,PH500298,persons_synthetic,1.0
P026,INVOLVED_IN,CASE-1026,persons_synthetic,1.0
P027,USES,PH820204,persons_synthetic,1.0
P027,INVOLVED_IN,CASE-1027,persons_synthetic,1.0
P028,USES,PH808098,persons_synthetic,1.0
P028,INVOLVED_IN,CASE-1028,persons_synthetic,1.0
P029,USES,PH041955,persons_synthetic,1.0
P029,INVOLVED_IN,CASE-1029,persons_synthetic,1.0
P030,USES,PH126461,persons_synthetic,1.0
P030,INVOLVED_IN,CASE-1030,persons_synthetic,1.0
P031,USES,PH455977,persons_synthetic,1.0
P031,INVOLVED_IN,CASE-1031,persons_synthetic,1.0
P032,USES,PH696312,persons_synthetic,1.0
P032,INVOLVED_IN,CASE-1032,persons_synthetic,1.0
P033,USES,PH334538,persons_synthetic,1.0
P033,INVOLVED_IN,CASE-1033,persons_synthetic,1.0
P034,USES,PH719211,persons_synthetic,1.0
P034,INVOLVED_IN,CASE-1034,persons_synthetic,1.0
P035,USES,PH704996,persons_synthetic,1.0
P035,INVOLVED_IN,CASE-1035,persons_synthetic,1.0
P036,USES,PH119330,persons_synthetic,1.0
P036,INVOLVED_IN,CASE-1036,persons_synthetic,1.0
P037,USES,PH977991,persons_synthetic,1.0
P037,INVOLVED_IN,CASE-1037,persons_synthetic,1.0
P038,USES,PH763202,persons_synthetic,1.0
P038,INVOLVED_IN,CASE-1038,persons_synthetic,1.0
P039,USES,PH241839,persons_synthetic,1.0
P039,INVOLVED_IN,CASE-1039,persons_synthetic,1.0
P040,USES,PH432881,persons_synthetic,1.0
P040,INVOLVED_IN,CASE-1040,persons_synthetic,1.0
P041,USES,PH621470,persons_synthetic,1.0
P041,INVOLVED_IN,CASE-1041,persons_synthetic,1.0
P042,USES,PH778756,persons_synthetic,1.0
P042,INVOLVED_IN,CASE-1042,persons_synthetic,1.0
P043,USES,PH341213,persons_synthetic,1.0
P043,INVOLVED_IN,CASE-1043,persons_synthetic,1.0
P044,USES,PH362082,persons_synthetic,1.0
P044,INVOLVED_IN,CASE-1044,persons_synthetic,1.0
P045,USES,PH944844,persons_synthetic,1.0
P045,INVOLVED_IN,CASE-1045,persons_synthetic,1.0
P046,USES,PH191390,persons_synthetic,1.0
P046,INVOLVED_IN,CASE-1046,persons_synthetic,1.0
P047,USES,PH795579,persons_synthetic,1.0
P047,INVOLVED_IN,CASE-1047,persons_synthetic,1.0
P048,USES,PH415646,persons_synthetic,1.0
P048,INVOLVED_IN,CASE-1048,persons_synthetic,1.0
P049,USES,PH747451,persons_synthetic,1.0
P049,INVOLVED_IN,CASE-1049,persons_synthetic,1.0
P050,USES,PH585092,persons_synthetic,1.0
P050,INVOLVED_IN,CASE-1050,persons_synthetic,1.0
P051,USES,PH943839,persons_synthetic,1.0
P051,INVOLVED_IN,CASE-1051,persons_synthetic,1.0
P052,USES,PH848421,persons_synthetic,1.0
P052,INVOLVED_IN,CASE-1052,persons_synthetic,1.0
P053,USES,PH451171,persons_synthetic,1.0
P053,INVOLVED_IN,CASE-1053,persons_synthetic,1.0
P054,USES,PH319644,persons_synthetic,1.0
P054,INVOLVED_IN,CASE-1054,persons_synthetic,1.0
P055,USES,PH245888,persons_synthetic,1.0
P055,INVOLVED_IN,CASE-1055,persons_synthetic,1.0
P056,USES,PH027113,persons_synthetic,1.0
P056,INVOLVED_IN,CASE-1056,persons_synthetic,1.0
P058,USES,PH647391,persons_synthetic,1.0
P058,INVOLVED_IN,CASE-1058,persons_synthetic,1.0
P059,USES,PH654552,persons_synthetic,1.0
P059,INVOLVED_IN,CASE-1059,persons_synthetic,1.0
P061,USES,PH543540,persons_synthetic,1.0
P061,INVOLVED_IN,CASE-1061,persons_synthetic,1.0
P062,USES,PH303705,persons_synthetic,1.0
P062,INVOLVED_IN,CASE-1062,persons_synthetic,1.0
P063,USES,PH770529,persons_synthetic,1.0
P063,INVOLVED_IN,CASE-1063,persons_synthetic,1.0
P064,USES,PH031070,persons_synthetic,1.0
P064,INVOLVED_IN,CASE-1064,persons_synthetic,1.0
P065,USES,PH448196,persons_synthetic,1.0
P065,INVOLVED_IN,CASE-1065,persons_synthetic,1.0
P066,USES,PH611066,persons_synthetic,1.0
P066,INVOLVED_IN,CASE-1066,persons_synthetic,1.0
P067,USES,PH749116,persons_synthetic,1.0
P067,INVOLVED_IN,CASE-1067,persons_synthetic,1.0
P068,USES,PH797776,persons_synthetic,1.0
P068,INVOLVED_IN,CASE-1068,persons_synthetic,1.0
P069,USES,PH566476,persons_synthetic,1.0
P069,INVOLVED_IN,CASE-1069,persons_synthetic,1.0
P070,USES,PH996843,persons_synthetic,1.0
P070,INVOLVED_IN,CASE-1070,persons_synthetic,1.0
P071,USES,PH130526,persons_synthetic,1.0
P071,INVOLVED_IN,CASE-1071,persons_synthetic,1.0
P072,USES,PH302652,persons_synthetic,1.0
P072,INVOLVED_IN,CASE-1072,persons_synthetic,1.0
P073,USES,PH927151,persons_synthetic,1.0
P073,INVOLVED_IN,CASE-1073,persons_synthetic,1.0
P074,USES,PH468299,persons_synthetic,1.0
P074,INVOLVED_IN,CASE-1074,persons_synthetic,1.0
P075,USES,PH528252,persons_synthetic,1.0
P075,INVOLVED_IN,CASE-1075,persons_synthetic,1.0
P076,USES,PH684276,persons_synthetic,1.0
P076,INVOLVED_IN,CASE-1076,persons_synthetic,1.0
P077,USES,PH203558,persons_synthetic,1.0
P077,INVOLVED_IN,CASE-1077,persons_synthetic,1.0
P078,USES,PH026086,persons_synthetic,1.0
P078,INVOLVED_IN,CASE-1078,persons_synthetic,1.0
P079,USES,PH703907,persons_synthetic,1.0
P079,INVOLVED_IN,CASE-1079,persons_synthetic,1.0
P080,USES,PH075810,persons_synthetic,1.0
P080,INVOLVED_IN,CASE-1080,persons_synthetic,1.0
P081,USES,PH727955,persons_synthetic,1.0
P081,INVOLVED_IN,CASE-1081,persons_synthetic,1.0
P082,USES,PH675980,persons_synthetic,1.0
P082,INVOLVED_IN,CASE-1082,persons_synthetic,1.0
P083,USES,PH957310,persons_synthetic,1.0
P083,INVOLVED_IN,CASE-1083,persons_synthetic,1.0
P084,USES,PH449460,persons_synthetic,1.0
P084,INVOLVED_IN,CASE-1084,persons_synthetic,1.0
P085,USES,PH157429,persons_synthetic,1.0
P085,INVOLVED_IN,CASE-1085,persons_synthetic,1.0
P086,USES,PH471886,persons_synthetic,1.0
P086,INVOLVED_IN,CASE-1086,persons_synthetic,1.0
P087,USES,PH845604,persons_synthetic,1.0
P087,INVOLVED_IN,CASE-1087,persons_synthetic,1.0
P088,USES,PH560971,persons_synthetic,1.0
P088,INVOLVED_IN,CASE-1088,persons_synthetic,1.0
P089,USES,PH619255,persons_synthetic,1.0
P089,INVOLVED_IN,CASE-1089,persons_synthetic,1.0
P090,USES,PH735568,persons_synthetic,1.0
P090,INVOLVED_IN,CASE-1090,persons_synthetic,1.0
P091,USES,PH648506,persons_synthetic,1.0
P091,INVOLVED_IN,CASE-1091,persons_synthetic,1.0
P092,USES,PH478786,persons_synthetic,1.0
P092,INVOLVED_IN,CASE-1092,persons_synthetic,1.0
P093,USES,PH469012,persons_synthetic,1.0
P093,INVOLVED_IN,CASE-1093,persons_synthetic,1.0
P094,USES,PH956459,persons_synthetic,1.0
P094,INVOLVED_IN,CASE-1094,persons_synthetic,1.0
P095,USES,PH595113,persons_synthetic,1.0
P095,INVOLVED_IN,CASE-1095,persons_synthetic,1.0
P096,USES,PH665249,persons_synthetic,1.0
P096,INVOLVED_IN,CASE-1096,persons_synthetic,1.0
P097,USES,PH573823,persons_synthetic,1.0
P097,INVOLVED_IN,CASE-1097,persons_synthetic,1.0
P098,USES,PH953718,persons_synthetic,1.0
P098,INVOLVED_IN,CASE-1098,persons_synthetic,1.0
P099,USES,PH822698,persons_synthetic,1.0
P099,INVOLVED_IN,CASE-1099,persons_synthetic,1.0
P100,USES,PH667861,persons_synthetic,1.0
P100,INVOLVED_IN,CASE-1100,persons_synthetic,1.0
P101,USES,PH049436,persons_synthetic,1.0
P101,INVOLVED_IN,CASE-1101,persons_synthetic,1.0
P102,USES,PH802744,persons_synthetic,1.0
P102,INVOLVED_IN,CASE-1102,persons_synthetic,1.0
P103,USES,PH758720,persons_synthetic,1.0
P103,INVOLVED_IN,CASE-1103,persons_synthetic,1.0
P104,USES,PH528321,persons_synthetic,1.0
P104,INVOLVED_IN,CASE-1104,persons_synthetic,1.0
P105,USES,PH893941,persons_synthetic,1.0
P105,INVOLVED_IN,CASE-1105,persons_synthetic,1.0
P106,USES,PH863730,persons_synthetic,1.0
P106,INVOLVED_IN,CASE-1106,persons_synthetic,1.0
P107,USES,PH452091,persons_synthetic,1.0
P107,INVOLVED_IN,CASE-1107,persons_synthetic,1.0
P108,USES,PH348124,persons_synthetic,1.0
P108,INVOLVED_IN,CASE-1108,persons_synthetic,1.0
P109,USES,PH437181,persons_synthetic,1.0
P109,INVOLVED_IN,CASE-1109,persons_synthetic,1.0
P089,CALLED,P001,call_records_synthetic,1.0
P083,CALLED,P001,call_records_synthetic,1.0
P003,CALLED,P001,call_records_synthetic,1.0
P003,CALLED,P001,call_records_synthetic,1.0
P088,CALLED,P001,call_records_synthetic,1.0
P085,CALLED,P001,call_records_synthetic,1.0
P001,CALLED,P004,call_records_synthetic,1.0
P001,CALLED,P089,call_records_synthetic,1.0
P001,CALLED,P089,call_records_synthetic,1.0
P001,CALLED,P089,call_records_synthetic,1.0
P001,CALLED,P089,call_records_synthetic,1.0
P007,CALLED,P089,call_records_synthetic,1.0
P007,CALLED,P089,call_records_synthetic,1.0
P001,CALLED,P003,call_records_synthetic,1.0
P001,CALLED,P003,call_records_synthetic,1.0
P001,CALLED,P003,call_records_synthetic,1.0
P001,CALLED,P003,call_records_synthetic,1.0
P088,CALLED,P003,call_records_synthetic,1.0
P001,CALLED,P005,call_records_synthetic,1.0
P001,CALLED,P005,call_records_synthetic,1.0
P001,CALLED,P088,call_records_synthetic,1.0
P001,CALLED,P088,call_records_synthetic,1.0
P003,CALLED,P088,call_records_synthetic,1.0
P085,CALLED,P088,call_records_synthetic,1.0
P085,CALLED,P088,call_records_synthetic,1.0
P006,CALLED,P088,call_records_synthetic,1.0
P001,CALLED,P085,call_records_synthetic,1.0
P001,CALLED,P085,call_records_synthetic,1.0
P001,CALLED,P085,call_records_synthetic,1.0
P001,CALLED,P085,call_records_synthetic,1.0
P001,CALLED,P085,call_records_synthetic,1.0
P088,CALLED,P085,call_records_synthetic,1.0
P088,CALLED,P085,call_records_synthetic,1.0
P088,CALLED,P085,call_records_synthetic,1.0
P001,CALLED,P090,call_records_synthetic,1.0
P001,CALLED,P002,call_records_synthetic,1.0
P001,CALLED,P002,call_records_synthetic,1.0
P089,CALLED,P007,call_records_synthetic,1.0
P089,CALLED,P007,call_records_synthetic,1.0
P089,CALLED,P007,call_records_synthetic,1.0
P001,CALLED,P054,call_records_synthetic,1.0
P001,CALLED,P054,call_records_synthetic,1.0
P083,CALLED,P006,call_records_synthetic,1.0
P083,CALLED,P006,call_records_synthetic,1.0
P083,CALLED,P006,call_records_synthetic,1.0
P083,CALLED,P006,call_records_synthetic,1.0
P083,CALLED,P006,call_records_synthetic,1.0
P088,CALLED,P006,call_records_synthetic,1.0
P085,CALLED,P006,call_records_synthetic,1.0
P085,CALLED,P006,call_records_synthetic,1.0
P085,CALLED,P006,call_records_synthetic,1.0
P085,CALLED,P006,call_records_synthetic,1.0
P085,CALLED,P006,call_records_synthetic,1.0
P001,CALLED,P064,call_records_synthetic,1.0
P001,CALLED,P008,call_records_synthetic,1.0
P088,CALLED,P001,call_records_synthetic,1.0
P086,CALLED,P001,call_records_synthetic,1.0
P002,CALLED,P001,call_records_synthetic,1.0
P002,CALLED,P001,call_records_synthetic,1.0
P002,CALLED,P001,call_records_synthetic,1.0
P002,CALLED,P001,call_records_synthetic,1.0
P002,CALLED,P001,call_records_synthetic,1.0
P008,CALLED,P001,call_records_synthetic,1.0
P008,CALLED,P001,call_records_synthetic,1.0
P008,CALLED,P001,call_records_synthetic,1.0
P008,CALLED,P001,call_records_synthetic,1.0
P008,CALLED,P001,call_records_synthetic,1.0
P055,CALLED,P001,call_records_synthetic,1.0
P047,CALLED,P001,call_records_synthetic,1.0
P098,CALLED,P001,call_records_synthetic,1.0
P012,CALLED,P001,call_records_synthetic,1.0
P012,CALLED,P001,call_records_synthetic,1.0
P001,CALLED,P089,call_records_synthetic,1.0
P001,CALLED,P089,call_records_synthetic,1.0
P001,CALLED,P089,call_records_synthetic,1.0
P001,CALLED,P089,call_records_synthetic,1.0
P001,CALLED,P089,call_records_synthetic,1.0
P007,CALLED,P089,call_records_synthetic,1.0
P001,CALLED,P083,call_records_synthetic,1.0
P001,CALLED,P083,call_records_synthetic,1.0
P001,CALLED,P083,call_records_synthetic,1.0
P001,CALLED,P083,call_records_synthetic,1.0
P001,CALLED,P083,call_records_synthetic,1.0
P006,CALLED,P083,call_records_synthetic,1.0
P001,CALLED,P003,call_records_synthetic,1.0
P001,CALLED,P003,call_records_synthetic,1.0
P001,CALLED,P003,call_records_synthetic,1.0
P001,CALLED,P003,call_records_synthetic,1.0
P001,CALLED,P003,call_records_synthetic,1.0
P001,CALLED,P005,call_records_synthetic,1.0
P001,CALLED,P005,call_records_synthetic,1.0
P001,CALLED,P005,call_records_synthetic,1.0
P001,CALLED,P005,call_records_synthetic,1.0
P001,CALLED,P005,call_records_synthetic,1.0
P001,CALLED,P088,call_records_synthetic,1.0
P085,CALLED,P088,call_records_synthetic,1.0
P001,CALLED,P090,call_records_synthetic,1.0
P001,CALLED,P090,call_records_synthetic,1.0
P001,CALLED,P090,call_records_synthetic,1.0
P001,CALLED,P002,call_records_synthetic,1.0
P001,CALLED,P002,call_records_synthetic,1.0
P001,CALLED,P002,call_records_synthetic,1.0
P001,CALLED,P002,call_records_synthetic,1.0
P001,CALLED,P002,call_records_synthetic,1.0
P089,CALLED,P007,call_records_synthetic,1.0
P001,CALLED,P064,call_records_synthetic,1.0
P001,CALLED,P064,call_records_synthetic,1.0
P001,CALLED,P064,call_records_synthetic,1.0
P008,CALLED,P064,call_records_synthetic,1.0
P008,CALLED,P064,call_records_synthetic,1.0
P001,CALLED,P008,call_records_synthetic,1.0
P001,CALLED,P008,call_records_synthetic,1.0
P001,CALLED,P008,call_records_synthetic,1.0
P001,CALLED,P008,call_records_synthetic,1.0
P001,CALLED,P008,call_records_synthetic,1.0
P003,CALLED,P008,call_records_synthetic,1.0
P001,CALLED,P055,call_records_synthetic,1.0
P001,CALLED,P055,call_records_synthetic,1.0
P001,CALLED,P055,call_records_synthetic,1.0
P001,CALLED,P055,call_records_synthetic,1.0
P001,CALLED,P010,call_records_synthetic,1.0
P001,CALLED,P010,call_records_synthetic,1.0
P001,CALLED,P010,call_records_synthetic,1.0
P003,CALLED,P010,call_records_synthetic,1.0
P001,CALLED,P056,call_records_synthetic,1.0
P001,CALLED,P097,call_records_synthetic,1.0
P001,CALLED,P097,call_records_synthetic,1.0
P001,CALLED,P047,call_records_synthetic,1.0
P001,CALLED,P098,call_records_synthetic,1.0
P001,CALLED,P076,call_records_synthetic,1.0
P001,CALLED,P076,call_records_synthetic,1.0
P001,CALLED,P076,call_records_synthetic,1.0
P001,CALLED,P076,call_records_synthetic,1.0
P085,CALLED,P076,call_records_synthetic,1.0
P001,CALLED,P009,call_records_synthetic,1.0
P001,CALLED,P009,call_records_synthetic,1.0
P001,CALLED,P009,call_records_synthetic,1.0
P001,CALLED,P009,call_records_synthetic,1.0
P001,CALLED,P009,call_records_synthetic,1.0
P089,CALLED,P011,call_records_synthetic,1.0
P088,CALLED,P011,call_records_synthetic,1.0
P083,CALLED,P001,call_records_synthetic,1.0
P083,CALLED,P001,call_records_synthetic,1.0
P083,CALLED,P001,call_records_synthetic,1.0
P083,CALLED,P001,call_records_synthetic,1.0
P003,CALLED,P001,call_records_synthetic,1.0
P086,CALLED,P001,call_records_synthetic,1.0
P086,CALLED,P001,call_records_synthetic,1.0
P086,CALLED,P001,call_records_synthetic,1.0
P006,CALLED,P001,call_records_synthetic,1.0
P006,CALLED,P001,call_records_synthetic,1.0
P006,CALLED,P001,call_records_synthetic,1.0
P076,CALLED,P001,call_records_synthetic,1.0
P009,CALLED,P001,call_records_synthetic,1.0
P011,CALLED,P001,call_records_synthetic,1.0
P011,CALLED,P001,call_records_synthetic,1.0
P011,CALLED,P001,call_records_synthetic,1.0
P011,CALLED,P001,call_records_synthetic,1.0
P011,CALLED,P001,call_records_synthetic,1.0
P084,CALLED,P001,call_records_synthetic,1.0
P084,CALLED,P001,call_records_synthetic,1.0
P084,CALLED,P001,call_records_synthetic,1.0
P084,CALLED,P001,call_records_synthetic,1.0
P049,CALLED,P001,call_records_synthetic,1.0
P049,CALLED,P001,call_records_synthetic,1.0
P050,CALLED,P001,call_records_synthetic,1.0
P001,CALLED,P089,call_records_synthetic,1.0
P001,CALLED,P089,call_records_synthetic,1.0
P001,CALLED,P089,call_records_synthetic,1.0
P001,CALLED,P089,call_records_synthetic,1.0
P001,CALLED,P089,call_records_synthetic,1.0
P001,CALLED,P083,call_records_synthetic,1.0
P001,CALLED,P083,call_records_synthetic,1.0
P001,CALLED,P083,call_records_synthetic,1.0
P001,CALLED,P083,call_records_synthetic,1.0
P001,CALLED,P083,call_records_synthetic,1.0
P086,CALLED,P083,call_records_synthetic,1.0
P086,CALLED,P083,call_records_synthetic,1.0
P049,CALLED,P083,call_records_synthetic,1.0
P049,CALLED,P083,call_records_synthetic,1.0
P049,CALLED,P083,call_records_synthetic,1.0
P001,CALLED,P003,call_records_synthetic,1.0
P001,CALLED,P003,call_records_synthetic,1.0
P001,CALLED,P003,call_records_synthetic,1.0
P001,CALLED,P003,call_records_synthetic,1.0
P001,CALLED,P003,call_records_synthetic,1.0
P086,CALLED,P003,call_records_synthetic,1.0
P006,CALLED,P003,call_records_synthetic,1.0
P011,CALLED,P003,call_records_synthetic,1.0
P049,CALLED,P003,call_records_synthetic,1.0
P099,CALLED,P003,call_records_synthetic,1.0
P001,CALLED,P005,call_records_synthetic,1.0
P001,CALLED,P005,call_records_synthetic,1.0
P001,CALLED,P005,call_records_synthetic,1.0
P001,CALLED,P005,call_records_synthetic,1.0
P001,CALLED,P005,call_records_synthetic,1.0
P004,CALLED,P005,call_records_synthetic,1.0
P001,CALLED,P048,call_records_synthetic,1.0
P001,CALLED,P048,call_records_synthetic,1.0
P001,CALLED,P085,call_records_synthetic,1.0
P001,CALLED,P085,call_records_synthetic,1.0
P001,CALLED,P085,call_records_synthetic,1.0
P001,CALLED,P085,call_records_synthetic,1.0
P001,CALLED,P085,call_records_synthetic,1.0
P003,CALLED,P085,call_records_synthetic,1.0
P003,CALLED,P085,call_records_synthetic,1.0
P003,CALLED,P085,call_records_synthetic,1.0
P003,CALLED,P085,call_records_synthetic,1.0
P088,CALLED,P085,call_records_synthetic,1.0
P088,CALLED,P085,call_records_synthetic,1.0
P088,CALLED,P085,call_records_synthetic,1.0
P076,CALLED,P085,call_records_synthetic,1.0
P076,CALLED,P085,call_records_synthetic,1.0
P001,CALLED,P090,call_records_synthetic,1.0
P001,CALLED,P090,call_records_synthetic,1.0
P049,CALLED,P090,call_records_synthetic,1.0
P001,CALLED,P086,call_records_synthetic,1.0
P001,CALLED,P086,call_records_synthetic,1.0
P001,CALLED,P086,call_records_synthetic,1.0
P001,CALLED,P086,call_records_synthetic,1.0
P001,CALLED,P086,call_records_synthetic,1.0
P083,CALLED,P086,call_records_synthetic,1.0
P083,CALLED,P086,call_records_synthetic,1.0
P083,CALLED,P086,call_records_synthetic,1.0
P083,CALLED,P086,call_records_synthetic,1.0
P083,CALLED,P086,call_records_synthetic,1.0
P003,CALLED,P086,call_records_synthetic,1.0
P003,CALLED,P086,call_records_synthetic,1.0
P003,CALLED,P086,call_records_synthetic,1.0
P001,CALLED,P002,call_records_synthetic,1.0
P001,CALLED,P002,call_records_synthetic,1.0
P001,CALLED,P002,call_records_synthetic,1.0
P001,CALLED,P002,call_records_synthetic,1.0
P001,CALLED,P002,call_records_synthetic,1.0
P001,CALLED,P007,call_records_synthetic,1.0
P089,CALLED,P007,call_records_synthetic,1.0
P001,CALLED,P006,call_records_synthetic,1.0
P001,CALLED,P006,call_records_synthetic,1.0
P001,CALLED,P006,call_records_synthetic,1.0
P001,CALLED,P006,call_records_synthetic,1.0
P083,CALLED,P006,call_records_synthetic,1.0
P083,CALLED,P006,call_records_synthetic,1.0
P088,CALLED,P006,call_records_synthetic,1.0
P001,CALLED,P008,call_records_synthetic,1.0
P001,CALLED,P008,call_records_synthetic,1.0
P001,CALLED,P008,call_records_synthetic,1.0
P009,CALLED,P008,call_records_synthetic,1.0
P001,CALLED,P055,call_records_synthetic,1.0
P001,CALLED,P055,call_records_synthetic,1.0
P001,CALLED,P055,call_records_synthetic,1.0
P001,CALLED,P010,call_records_synthetic,1.0
P001,CALLED,P010,call_records_synthetic,1.0
P001,CALLED,P010,call_records_synthetic,1.0
P001,CALLED,P056,call_records_synthetic,1.0
P001,CALLED,P056,call_records_synthetic,1.0
P001,CALLED,P076,call_records_synthetic,1.0
P001,CALLED,P076,call_records_synthetic,1.0
P001,CALLED,P076,call_records_synthetic,1.0
P001,CALLED,P076,call_records_synthetic,1.0
P001,CALLED,P076,call_records_synthetic,1.0
P001,CALLED,P009,call_records_synthetic,1.0
P001,CALLED,P009,call_records_synthetic,1.0
P001,CALLED,P009,call_records_synthetic,1.0
P001,CALLED,P009,call_records_synthetic,1.0
P001,CALLED,P009,call_records_synthetic,1.0
P003,CALLED,P009,call_records_synthetic,1.0
P003,CALLED,P009,call_records_synthetic,1.0
P003,CALLED,P009,call_records_synthetic,1.0
P003,CALLED,P009,call_records_synthetic,1.0
P003,CALLED,P009,call_records_synthetic,1.0
P013,CALLED,P009,call_records_synthetic,1.0
P013,CALLED,P009,call_records_synthetic,1.0
P051,CALLED,P009,call_records_synthetic,1.0
P001,CALLED,P034,call_records_synthetic,1.0
P001,CALLED,P034,call_records_synthetic,1.0
P001,CALLED,P034,call_records_synthetic,1.0
P002,CALLED,P034,call_records_synthetic,1.0
P001,CALLED,P035,call_records_synthetic,1.0
P083,CALLED,P011,call_records_synthetic,1.0
P001,CALLED,P032,call_records_synthetic,1.0
P002,CALLED,P032,call_records_synthetic,1.0
P001,CALLED,P084,call_records_synthetic,1.0
P001,CALLED,P084,call_records_synthetic,1.0
P001,CALLED,P084,call_records_synthetic,1.0
P001,CALLED,P084,call_records_synthetic,1.0
P083,CALLED,P084,call_records_synthetic,1.0
P083,CALLED,P084,call_records_synthetic,1.0
P083,CALLED,P084,call_records_synthetic,1.0
P049,CALLED,P084,call_records_synthetic,1.0
P049,CALLED,P084,call_records_synthetic,1.0
P001,CALLED,P049,call_records_synthetic,1.0
P001,CALLED,P049,call_records_synthetic,1.0
P001,CALLED,P049,call_records_synthetic,1.0
P083,CALLED,P107,call_records_synthetic,1.0
P083,CALLED,P107,call_records_synthetic,1.0
P083,CALLED,P107,call_records_synthetic,1.0
P086,CALLED,P107,call_records_synthetic,1.0
P001,CALLED,P050,call_records_synthetic,1.0
P001,CALLED,P050,call_records_synthetic,1.0
P001,CALLED,P050,call_records_synthetic,1.0
P003,CALLED,P099,call_records_synthetic,1.0
P001,CALLED,P013,call_records_synthetic,1.0
P001,CALLED,P013,call_records_synthetic,1.0
P001,CALLED,P012,call_records_synthetic,1.0
P001,CALLED,P012,call_records_synthetic,1.0
P003,CALLED,P012,call_records_synthetic,1.0
P003,CALLED,P012,call_records_synthetic,1.0
P001,CALLED,P052,call_records_synthetic,1.0
P083,CALLED,P052,call_records_synthetic,1.0
P083,CALLED,P052,call_records_synthetic,1.0
P084,CALLED,P052,call_records_synthetic,1.0
P084,CALLED,P052,call_records_synthetic,1.0
P089,CALLED,P001,call_records_synthetic,1.0
P003,CALLED,P001,call_records_synthetic,1.0
P003,CALLED,P001,call_records_synthetic,1.0
P003,CALLED,P001,call_records_synthetic,1.0
P003,CALLED,P001,call_records_synthetic,1.0
P003,CALLED,P001,call_records_synthetic,1.0
P005,CALLED,P001,call_records_synthetic,1.0
P005,CALLED,P001,call_records_synthetic,1.0
P005,CALLED,P001,call_records_synthetic,1.0
P085,CALLED,P001,call_records_synthetic,1.0
P085,CALLED,P001,call_records_synthetic,1.0
P085,CALLED,P001,call_records_synthetic,1.0
P085,CALLED,P001,call_records_synthetic,1.0
P085,CALLED,P001,call_records_synthetic,1.0
P090,CALLED,P001,call_records_synthetic,1.0
P086,CALLED,P001,call_records_synthetic,1.0
P086,CALLED,P001,call_records_synthetic,1.0
P086,CALLED,P001,call_records_synthetic,1.0
P002,CALLED,P001,call_records_synthetic,1.0
P002,CALLED,P001,call_records_synthetic,1.0
P002,CALLED,P001,call_records_synthetic,1.0
P006,CALLED,P001,call_records_synthetic,1.0
P006,CALLED,P001,call_records_synthetic,1.0
P006,CALLED,P001,call_records_synthetic,1.0
P006,CALLED,P001,call_records_synthetic,1.0
P006,CALLED,P001,call_records_synthetic,1.0
P011,CALLED,P001,call_records_synthetic,1.0
P011,CALLED,P001,call_records_synthetic,1.0
P011,CALLED,P001,call_records_synthetic,1.0
P011,CALLED,P001,call_records_synthetic,1.0
P011,CALLED,P001,call_records_synthetic,1.0
P053,CALLED,P001,call_records_synthetic,1.0
P084,CALLED,P001,call_records_synthetic,1.0
P001,CALLED,P004,call_records_synthetic,1.0
P001,CALLED,P089,call_records_synthetic,1.0
P001,CALLED,P089,call_records_synthetic,1.0
P001,CALLED,P089,call_records_synthetic,1.0
P001,CALLED,P089,call_records_synthetic,1.0
P001,CALLED,P089,call_records_synthetic,1.0
P007,CALLED,P089,call_records_synthetic,1.0
P007,CALLED,P089,call_records_synthetic,1.0
P007,CALLED,P089,call_records_synthetic,1.0
P001,CALLED,P083,call_records_synthetic,1.0
P001,CALLED,P083,call_records_synthetic,1.0
P001,CALLED,P083,call_records_synthetic,1.0
P001,CALLED,P083,call_records_synthetic,1.0
P001,CALLED,P083,call_records_synthetic,1.0
P086,CALLED,P083,call_records_synthetic,1.0
P086,CALLED,P083,call_records_synthetic,1.0
P086,CALLED,P083,call_records_synthetic,1.0
P086,CALLED,P083,call_records_synthetic,1.0
P086,CALLED,P083,call_records_synthetic,1.0
P084,CALLED,P083,call_records_synthetic,1.0
P052,CALLED,P083,call_records_synthetic,1.0
P052,CALLED,P083,call_records_synthetic,1.0
P052,CALLED,P083,call_records_synthetic,1.0
P052,CALLED,P083,call_records_synthetic,1.0
P001,CALLED,P003,call_records_synthetic,1.0
P001,CALLED,P003,call_records_synthetic,1.0
P001,CALLED,P003,call_records_synthetic,1.0
P001,CALLED,P003,call_records_synthetic,1.0
P001,CALLED,P003,call_records_synthetic,1.0
P085,CALLED,P003,call_records_synthetic,1.0
P085,CALLED,P003,call_records_synthetic,1.0
P090,CALLED,P003,call_records_synthetic,1.0
P012,CALLED,P003,call_records_synthetic,1.0
P001,CALLED,P005,call_records_synthetic,1.0
P001,CALLED,P005,call_records_synthetic,1.0
P001,CALLED,P005,call_records_synthetic,1.0
P001,CALLED,P005,call_records_synthetic,1.0
P001,CALLED,P005,call_records_synthetic,1.0
P001,CALLED,P088,call_records_synthetic,1.0
P001,CALLED,P088,call_records_synthetic,1.0
P001,CALLED,P088,call_records_synthetic,1.0
P001,CALLED,P088,call_records_synthetic,1.0
P001,CALLED,P088,call_records_synthetic,1.0
P085,CALLED,P088,call_records_synthetic,1.0
P085,CALLED,P088,call_records_synthetic,1.0
P085,CALLED,P088,call_records_synthetic,1.0
P085,CALLED,P088,call_records_synthetic,1.0
P085,CALLED,P088,call_records_synthetic,1.0
P001,CALLED,P085,call_records_synthetic,1.0
P001,CALLED,P085,call_records_synthetic,1.0
P001,CALLED,P085,call_records_synthetic,1.0
P001,CALLED,P085,call_records_synthetic,1.0
P001,CALLED,P085,call_records_synthetic,1.0
P083,CALLED,P085,call_records_synthetic,1.0
P003,CALLED,P085,call_records_synthetic,1.0
P003,CALLED,P085,call_records_synthetic,1.0
P003,CALLED,P085,call_records_synthetic,1.0
P088,CALLED,P085,call_records_synthetic,1.0
P088,CALLED,P085,call_records_synthetic,1.0
P076,CALLED,P085,call_records_synthetic,1.0
P076,CALLED,P085,call_records_synthetic,1.0
P076,CALLED,P085,call_records_synthetic,1.0
P076,CALLED,P085,call_records_synthetic,1.0
P076,CALLED,P085,call_records_synthetic,1.0
P001,CALLED,P090,call_records_synthetic,1.0
P001,CALLED,P086,call_records_synthetic,1.0
P001,CALLED,P086,call_records_synthetic,1.0
P001,CALLED,P086,call_records_synthetic,1.0
P083,CALLED,P086,call_records_synthetic,1.0
P083,CALLED,P086,call_records_synthetic,1.0
P083,CALLED,P086,call_records_synthetic,1.0
P083,CALLED,P086,call_records_synthetic,1.0
P083,CALLED,P086,call_records_synthetic,1.0
P001,CALLED,P002,call_records_synthetic,1.0
P001,CALLED,P002,call_records_synthetic,1.0
P001,CALLED,P002,call_records_synthetic,1.0
P001,CALLED,P002,call_records_synthetic,1.0
P001,CALLED,P002,call_records_synthetic,1.0
P089,CALLED,P007,call_records_synthetic,1.0
P089,CALLED,P007,call_records_synthetic,1.0
P001,CALLED,P006,call_records_synthetic,1.0
P001,CALLED,P006,call_records_synthetic,1.0
P001,CALLED,P006,call_records_synthetic,1.0
P001,CALLED,P006,call_records_synthetic,1.0
P001,CALLED,P006,call_records_synthetic,1.0
P001,CALLED,P008,call_records_synthetic,1.0
P001,CALLED,P008,call_records_synthetic,1.0
P001,CALLED,P008,call_records_synthetic,1.0
P001,CALLED,P008,call_records_synthetic,1.0
P001,CALLED,P008,call_records_synthetic,1.0
P003,CALLED,P008,call_records_synthetic,1.0
P001,CALLED,P047,call_records_synthetic,1.0
P001,CALLED,P076,call_records_synthetic,1.0
P001,CALLED,P076,call_records_synthetic,1.0
P001,CALLED,P076,call_records_synthetic,1.0
P001,CALLED,P076,call_records_synthetic,1.0
P001,CALLED,P076,call_records_synthetic,1.0
P085,CALLED,P076,call_records_synthetic,1.0
P085,CALLED,P076,call_records_synthetic,1.0
P085,CALLED,P076,call_records_synthetic,1.0
P001,CALLED,P009,call_records_synthetic,1.0
P001,CALLED,P009,call_records_synthetic,1.0
P001,CALLED,P009,call_records_synthetic,1.0
P001,CALLED,P009,call_records_synthetic,1.0
P001,CALLED,P009,call_records_synthetic,1.0
P003,CALLED,P009,call_records_synthetic,1.0
P003,CALLED,P009,call_records_synthetic,1.0
P003,CALLED,P009,call_records_synthetic,1.0
P003,CALLED,P009,call_records_synthetic,1.0
P003,CALLED,P009,call_records_synthetic,1.0
P008,CALLED,P009,call_records_synthetic,1.0
P008,CALLED,P009,call_records_synthetic,1.0
P008,CALLED,P009,call_records_synthetic,1.0
P008,CALLED,P009,call_records_synthetic,1.0
P031,CALLED,P009,call_records_synthetic,1.0
P008,CALLED,P035,call_records_synthetic,1.0
P001,CALLED,P011,call_records_synthetic,1.0
P001,CALLED,P011,call_records_synthetic,1.0
P001,CALLED,P011,call_records_synthetic,1.0
P083,CALLED,P084,call_records_synthetic,1.0
P001,CALLED,P049,call_records_synthetic,1.0
P089,CALLED,P049,call_records_synthetic,1.0
P083,CALLED,P107,call_records_synthetic,1.0
P086,CALLED,P107,call_records_synthetic,1.0
P086,CALLED,P107,call_records_synthetic,1.0
P001,CALLED,P013,call_records_synthetic,1.0
P001,CALLED,P013,call_records_synthetic,1.0
P001,CALLED,P013,call_records_synthetic,1.0
P001,CALLED,P013,call_records_synthetic,1.0
P001,CALLED,P013,call_records_synthetic,1.0
P013,CALLED,P051,call_records_synthetic,1.0
P107,CALLED,P063,call_records_synthetic,1.0
P107,CALLED,P063,call_records_synthetic,1.0
P107,CALLED,P063,call_records_synthetic,1.0
P107,CALLED,P063,call_records_synthetic,1.0
P107,CALLED,P063,call_records_synthetic,1.0
P089,CALLED,P109,call_records_synthetic,1.0
P089,CALLED,P109,call_records_synthetic,1.0
P089,CALLED,P031,call_records_synthetic,1.0
P003,CALLED,P031,call_records_synthetic,1.0
P003,CALLED,P031,call_records_synthetic,1.0
P003,CALLED,P031,call_records_synthetic,1.0
P003,CALLED,P031,call_records_synthetic,1.0
P003,CALLED,P031,call_records_synthetic,1.0
P003,CALLED,P012,call_records_synthetic,1.0
P003,CALLED,P012,call_records_synthetic,1.0
P089,CALLED,P014,call_records_synthetic,1.0
P001,CALLED,P052,call_records_synthetic,1.0
P001,CALLED,P052,call_records_synthetic,1.0
P083,CALLED,P052,call_records_synthetic,1.0
P083,CALLED,P052,call_records_synthetic,1.0
P001,CALLED,P106,call_records_synthetic,1.0
P083,CALLED,P106,call_records_synthetic,1.0
P001,CALLED,P015,call_records_synthetic,1.0
P001,CALLED,P015,call_records_synthetic,1.0
P001,CALLED,P015,call_records_synthetic,1.0
P001,CALLED,P015,call_records_synthetic,1.0
P001,CALLED,P015,call_records_synthetic,1.0
P003,CALLED,P001,call_records_synthetic,1.0
P002,CALLED,P001,call_records_synthetic,1.0
P006,CALLED,P001,call_records_synthetic,1.0
P006,CALLED,P001,call_records_synthetic,1.0
P006,CALLED,P001,call_records_synthetic,1.0
P006,CALLED,P001,call_records_synthetic,1.0
P006,CALLED,P001,call_records_synthetic,1.0
P076,CALLED,P001,call_records_synthetic,1.0
P076,CALLED,P001,call_records_synthetic,1.0
P011,CALLED,P001,call_records_synthetic,1.0
P011,CALLED,P001,call_records_synthetic,1.0
P011,CALLED,P001,call_records_synthetic,1.0
P011,CALLED,P001,call_records_synthetic,1.0
P011,CALLED,P001,call_records_synthetic,1.0
P084,CALLED,P001,call_records_synthetic,1.0
P084,CALLED,P001,call_records_synthetic,1.0
P031,CALLED,P001,call_records_synthetic,1.0
P031,CALLED,P001,call_records_synthetic,1.0
P031,CALLED,P001,call_records_synthetic,1.0
P108,CALLED,P001,call_records_synthetic,1.0
P108,CALLED,P001,call_records_synthetic,1.0
P108,CALLED,P001,call_records_synthetic,1.0
P108,CALLED,P001,call_records_synthetic,1.0
P100,CALLED,P001,call_records_synthetic,1.0
P082,CALLED,P001,call_records_synthetic,1.0
P019,CALLED,P001,call_records_synthetic,1.0
P001,CALLED,P004,call_records_synthetic,1.0
P001,CALLED,P004,call_records_synthetic,1.0
P001,CALLED,P004,call_records_synthetic,1.0
P001,CALLED,P089,call_records_synthetic,1.0
P001,CALLED,P089,call_records_synthetic,1.0
P007,CALLED,P089,call_records_synthetic,1.0
P076,CALLED,P089,call_records_synthetic,1.0
P001,CALLED,P083,call_records_synthetic,1.0
P001,CALLED,P083,call_records_synthetic,1.0
P086,CALLED,P083,call_records_synthetic,1.0
P086,CALLED,P083,call_records_synthetic,1.0
P001,CALLED,P003,call_records_synthetic,1.0
P001,CALLED,P003,call_records_synthetic,1.0
P001,CALLED,P003,call_records_synthetic,1.0
P001,CALLED,P003,call_records_synthetic,1.0
P001,CALLED,P003,call_records_synthetic,1.0
P085,CALLED,P003,call_records_synthetic,1.0
P012,CALLED,P003,call_records_synthetic,1.0
P001,CALLED,P005,call_records_synthetic,1.0
P001,CALLED,P005,call_records_synthetic,1.0
P001,CALLED,P005,call_records_synthetic,1.0
P008,CALLED,P005,call_records_synthetic,1.0
P085,CALLED,P088,call_records_synthetic,1.0
P085,CALLED,P088,call_records_synthetic,1.0
P001,CALLED,P085,call_records_synthetic,1.0
P001,CALLED,P085,call_records_synthetic,1.0
P001,CALLED,P085,call_records_synthetic,1.0
P001,CALLED,P085,call_records_synthetic,1.0
P001,CALLED,P085,call_records_synthetic,1.0
P088,CALLED,P085,call_records_synthetic,1.0
P083,CALLED,P086,call_records_synthetic,1.0
P083,CALLED,P086,call_records_synthetic,1.0
P001,CALLED,P002,call_records_synthetic,1.0
P001,CALLED,P002,call_records_synthetic,1.0
P001,CALLED,P002,call_records_synthetic,1.0
P001,CALLED,P006,call_records_synthetic,1.0
P001,CALLED,P006,call_records_synthetic,1.0
P001,CALLED,P006,call_records_synthetic,1.0
P108,CALLED,P006,call_records_synthetic,1.0
P001,CALLED,P008,call_records_synthetic,1.0
P001,CALLED,P055,call_records_synthetic,1.0
P001,CALLED,P055,call_records_synthetic,1.0
P001,CALLED,P055,call_records_synthetic,1.0
P001,CALLED,P047,call_records_synthetic,1.0
P001,CALLED,P076,call_records_synthetic,1.0
P001,CALLED,P076,call_records_synthetic,1.0
P001,CALLED,P076,call_records_synthetic,1.0
P001,CALLED,P076,call_records_synthetic,1.0
P001,CALLED,P076,call_records_synthetic,1.0
P003,CALLED,P009,call_records_synthetic,1.0
P003,CALLED,P009,call_records_synthetic,1.0
P012,CALLED,P009,call_records_synthetic,1.0
P012,CALLED,P009,call_records_synthetic,1.0
P001,CALLED,P034,call_records_synthetic,1.0
P031,CALLED,P013,call_records_synthetic,1.0
P001,CALLED,P031,call_records_synthetic,1.0
P003,CALLED,P031,call_records_synthetic,1.0
P003,CALLED,P031,call_records_synthetic,1.0
P003,CALLED,P031,call_records_synthetic,1.0
P003,CALLED,P031,call_records_synthetic,1.0
P012,CALLED,P031,call_records_synthetic,1.0
P012,CALLED,P031,call_records_synthetic,1.0
P012,CALLED,P031,call_records_synthetic,1.0
P001,CALLED,P012,call_records_synthetic,1.0
P001,CALLED,P012,call_records_synthetic,1.0
P003,CALLED,P012,call_records_synthetic,1.0
P003,CALLED,P012,call_records_synthetic,1.0
P003,CALLED,P012,call_records_synthetic,1.0
P003,CALLED,P012,call_records_synthetic,1.0
P032,CALLED,P012,call_records_synthetic,1.0
P018,CALLED,P012,call_records_synthetic,1.0
P018,CALLED,P012,call_records_synthetic,1.0
P018,CALLED,P012,call_records_synthetic,1.0
P017,CALLED,P012,call_records_synthetic,1.0
P017,CALLED,P012,call_records_synthetic,1.0
P012,CALLED,P018,call_records_synthetic,1.0
P012,CALLED,P025,call_records_synthetic,1.0
P001,CALLED,P082,call_records_synthetic,1.0
P001,CALLED,P019,call_records_synthetic,1.0
P001,CALLED,P015,call_records_synthetic,1.0
P001,CALLED,P015,call_records_synthetic,1.0
P083,CALLED,P001,call_records_synthetic,1.0
P003,CALLED,P001,call_records_synthetic,1.0
P003,CALLED,P001,call_records_synthetic,1.0
P003,CALLED,P001,call_records_synthetic,1.0
P003,CALLED,P001,call_records_synthetic,1.0
P003,CALLED,P001,call_records_synthetic,1.0
P005,CALLED,P001,call_records_synthetic,1.0
P005,CALLED,P001,call_records_synthetic,1.0
P005,CALLED,P001,call_records_synthetic,1.0
P005,CALLED,P001,call_records_synthetic,1.0
P005,CALLED,P001,call_records_synthetic,1.0
P085,CALLED,P001,call_records_synthetic,1.0
P085,CALLED,P001,call_records_synthetic,1.0
P002,CALLED,P001,call_records_synthetic,1.0
P002,CALLED,P001,call_records_synthetic,1.0
P002,CALLED,P001,call_records_synthetic,1.0
P002,CALLED,P001,call_records_synthetic,1.0
P002,CALLED,P001,call_records_synthetic,1.0
P006,CALLED,P001,call_records_synthetic,1.0
P006,CALLED,P001,call_records_synthetic,1.0
P006,CALLED,P001,call_records_synthetic,1.0
P006,CALLED,P001,call_records_synthetic,1.0
P006,CALLED,P001,call_records_synthetic,1.0
P008,CALLED,P001,call_records_synthetic,1.0
P008,CALLED,P001,call_records_synthetic,1.0
P076,CALLED,P001,call_records_synthetic,1.0
P076,CALLED,P001,call_records_synthetic,1.0
P076,CALLED,P001,call_records_synthetic,1.0
P076,CALLED,P001,call_records_synthetic,1.0
P076,CALLED,P001,call_records_synthetic,1.0
P011,CALLED,P001,call_records_synthetic,1.0
P011,CALLED,P001,call_records_synthetic,1.0
P011,CALLED,P001,call_records_synthetic,1.0
P011,CALLED,P001,call_records_synthetic,1.0
P011,CALLED,P001,call_records_synthetic,1.0
P084,CALLED,P001,call_records_synthetic,1.0
P084,CALLED,P001,call_records_synthetic,1.0
P012,CALLED,P001,call_records_synthetic,1.0
P012,CALLED,P001,call_records_synthetic,1.0
P082,CALLED,P001,call_records_synthetic,1.0
P019,CALLED,P001,call_records_synthetic,1.0
P019,CALLED,P001,call_records_synthetic,1.0
P019,CALLED,P001,call_records_synthetic,1.0
P019,CALLED,P001,call_records_synthetic,1.0
P019,CALLED,P001,call_records_synthetic,1.0
P077,CALLED,P001,call_records_synthetic,1.0
P077,CALLED,P001,call_records_synthetic,1.0
P087,CALLED,P001,call_records_synthetic,1.0
P087,CALLED,P001,call_records_synthetic,1.0
P087,CALLED,P001,call_records_synthetic,1.0
P020,CALLED,P001,call_records_synthetic,1.0
P020,CALLED,P001,call_records_synthetic,1.0
P020,CALLED,P001,call_records_synthetic,1.0
P020,CALLED,P001,call_records_synthetic,1.0
P020,CALLED,P001,call_records_synthetic,1.0
P015,CALLED,P001,call_records_synthetic,1.0
P001,CALLED,P004,call_records_synthetic,1.0
P001,CALLED,P083,call_records_synthetic,1.0
P001,CALLED,P083,call_records_synthetic,1.0
P001,CALLED,P083,call_records_synthetic,1.0
P001,CALLED,P083,call_records_synthetic,1.0
P001,CALLED,P083,call_records_synthetic,1.0
P003,CALLED,P083,call_records_synthetic,1.0
P001,CALLED,P003,call_records_synthetic,1.0
P001,CALLED,P003,call_records_synthetic,1.0
P001,CALLED,P003,call_records_synthetic,1.0
P001,CALLED,P003,call_records_synthetic,1.0
P001,CALLED,P003,call_records_synthetic,1.0
P005,CALLED,P003,call_records_synthetic,1.0
P005,CALLED,P003,call_records_synthetic,1.0
P005,CALLED,P003,call_records_synthetic,1.0
P002,CALLED,P003,call_records_synthetic,1.0
P002,CALLED,P003,call_records_synthetic,1.0
P076,CALLED,P003,call_records_synthetic,1.0
P076,CALLED,P003,call_records_synthetic,1.0
P076,CALLED,P003,call_records_synthetic,1.0
P076,CALLED,P003,call_records_synthetic,1.0
P012,CALLED,P003,call_records_synthetic,1.0
P012,CALLED,P003,call_records_synthetic,1.0
P012,CALLED,P003,call_records_synthetic,1.0
P012,CALLED,P003,call_records_synthetic,1.0
P012,CALLED,P003,call_records_synthetic,1.0
P019,CALLED,P003,call_records_synthetic,1.0
P077,CALLED,P003,call_records_synthetic,1.0
P077,CALLED,P003,call_records_synthetic,1.0
P087,CALLED,P003,call_records_synthetic,1.0
P015,CALLED,P003,call_records_synthetic,1.0
P001,CALLED,P005,call_records_synthetic,1.0
P001,CALLED,P005,call_records_synthetic,1.0
P001,CALLED,P005,call_records_synthetic,1.0
P001,CALLED,P005,call_records_synthetic,1.0
P001,CALLED,P005,call_records_synthetic,1.0
P001,CALLED,P085,call_records_synthetic,1.0
P001,CALLED,P085,call_records_synthetic,1.0
P001,CALLED,P085,call_records_synthetic,1.0
P001,CALLED,P085,call_records_synthetic,1.0
P001,CALLED,P085,call_records_synthetic,1.0
P003,CALLED,P085,call_records_synthetic,1.0
P084,CALLED,P085,call_records_synthetic,1.0
P001,CALLED,P002,call_records_synthetic,1.0
P001,CALLED,P002,call_records_synthetic,1.0
P001,CALLED,P002,call_records_synthetic,1.0
P001,CALLED,P002,call_records_synthetic,1.0
P001,CALLED,P002,call_records_synthetic,1.0
P001,CALLED,P008,call_records_synthetic,1.0
P001,CALLED,P008,call_records_synthetic,1.0
P001,CALLED,P008,call_records_synthetic,1.0
P001,CALLED,P008,call_records_synthetic,1.0
P001,CALLED,P008,call_records_synthetic,1.0
P003,CALLED,P008,call_records_synthetic,1.0
P003,CALLED,P008,call_records_synthetic,1.0
P005,CALLED,P008,call_records_synthetic,1.0
P005,CALLED,P008,call_records_synthetic,1.0
P085,CALLED,P008,call_records_synthetic,1.0
P001,CALLED,P076,call_records_synthetic,1.0
P001,CALLED,P076,call_records_synthetic,1.0
P001,CALLED,P076,call_records_synthetic,1.0
P001,CALLED,P076,call_records_synthetic,1.0
P001,CALLED,P076,call_records_synthetic,1.0
P003,CALLED,P076,call_records_synthetic,1.0
P003,CALLED,P076,call_records_synthetic,1.0
P003,CALLED,P076,call_records_synthetic,1.0
P003,CALLED,P076,call_records_synthetic,1.0
P003,CALLED,P076,call_records_synthetic,1.0
P085,CALLED,P076,call_records_synthetic,1.0
P012,CALLED,P076,call_records_synthetic,1.0
P012,CALLED,P076,call_records_synthetic,1.0
P012,CALLED,P076,call_records_synthetic,1.0
P012,CALLED,P076,call_records_synthetic,1.0
P012,CALLED,P076,call_records_synthetic,1.0
P078,CALLED,P076,call_records_synthetic,1.0
P078,CALLED,P076,call_records_synthetic,1.0
P078,CALLED,P076,call_records_synthetic,1.0
P078,CALLED,P076,call_records_synthetic,1.0
P078,CALLED,P076,call_records_synthetic,1.0
P015,CALLED,P076,call_records_synthetic,1.0
P015,CALLED,P076,call_records_synthetic,1.0
P003,CALLED,P009,call_records_synthetic,1.0
P003,CALLED,P009,call_records_synthetic,1.0
P003,CALLED,P009,call_records_synthetic,1.0
P012,CALLED,P009,call_records_synthetic,1.0
P012,CALLED,P013,call_records_synthetic,1.0
P012,CALLED,P013,call_records_synthetic,1.0
P012,CALLED,P013,call_records_synthetic,1.0
P012,CALLED,P031,call_records_synthetic,1.0
P001,CALLED,P012,call_records_synthetic,1.0
P001,CALLED,P012,call_records_synthetic,1.0
P003,CALLED,P012,call_records_synthetic,1.0
P003,CALLED,P012,call_records_synthetic,1.0
P003,CALLED,P012,call_records_synthetic,1.0
P003,CALLED,P012,call_records_synthetic,1.0
P003,CALLED,P012,call_records_synthetic,1.0
P013,CALLED,P012,call_records_synthetic,1.0
P013,CALLED,P012,call_records_synthetic,1.0
P014,CALLED,P012,call_records_synthetic,1.0
P018,CALLED,P012,call_records_synthetic,1.0
P018,CALLED,P012,call_records_synthetic,1.0
P018,CALLED,P012,call_records_synthetic,1.0
P018,CALLED,P012,call_records_synthetic,1.0
P018,CALLED,P012,call_records_synthetic,1.0
P017,CALLED,P012,call_records_synthetic,1.0
P017,CALLED,P012,call_records_synthetic,1.0
P017,CALLED,P012,call_records_synthetic,1.0
P017,CALLED,P012,call_records_synthetic,1.0
P017,CALLED,P012,call_records_synthetic,1.0
P025,CALLED,P012,call_records_synthetic,1.0
P003,CALLED,P014,call_records_synthetic,1.0
P012,CALLED,P014,call_records_synthetic,1.0
P012,CALLED,P014,call_records_synthetic,1.0
P012,CALLED,P014,call_records_synthetic,1.0
P012,CALLED,P014,call_records_synthetic,1.0
P012,CALLED,P018,call_records_synthetic,1.0
P012,CALLED,P018,call_records_synthetic,1.0
P012,CALLED,P018,call_records_synthetic,1.0
P012,CALLED,P018,call_records_synthetic,1.0
P012,CALLED,P018,call_records_synthetic,1.0
P012,CALLED,P017,call_records_synthetic,1.0
P012,CALLED,P017,call_records_synthetic,1.0
P012,CALLED,P017,call_records_synthetic,1.0
P012,CALLED,P017,call_records_synthetic,1.0
P012,CALLED,P017,call_records_synthetic,1.0
P012,CALLED,P025,call_records_synthetic,1.0
P012,CALLED,P025,call_records_synthetic,1.0
P012,CALLED,P025,call_records_synthetic,1.0
P001,CALLED,P082,call_records_synthetic,1.0
P001,CALLED,P019,call_records_synthetic,1.0
P001,CALLED,P019,call_records_synthetic,1.0
P001,CALLED,P019,call_records_synthetic,1.0
P001,CALLED,P019,call_records_synthetic,1.0
P001,CALLED,P019,call_records_synthetic,1.0
P076,CALLED,P019,call_records_synthetic,1.0
P076,CALLED,P078,call_records_synthetic,1.0
P076,CALLED,P078,call_records_synthetic,1.0
P076,CALLED,P078,call_records_synthetic,1.0
P001,CALLED,P077,call_records_synthetic,1.0
P001,CALLED,P077,call_records_synthetic,1.0
P003,CALLED,P077,call_records_synthetic,1.0
P011,CALLED,P020,call_records_synthetic,1.0
P011,CALLED,P020,call_records_synthetic,1.0
P011,CALLED,P020,call_records_synthetic,1.0
P011,CALLED,P020,call_records_synthetic,1.0
P011,CALLED,P020,call_records_synthetic,1.0
P001,CALLED,P015,call_records_synthetic,1.0
P001,CALLED,P015,call_records_synthetic,1.0
P003,CALLED,P001,call_records_synthetic,1.0
P003,CALLED,P001,call_records_synthetic,1.0
P003,CALLED,P001,call_records_synthetic,1.0
P003,CALLED,P001,call_records_synthetic,1.0
P003,CALLED,P001,call_records_synthetic,1.0
P085,CALLED,P001,call_records_synthetic,1.0
P085,CALLED,P001,call_records_synthetic,1.0
P085,CALLED,P001,call_records_synthetic,1.0
P085,CALLED,P001,call_records_synthetic,1.0
P002,CALLED,P001,call_records_synthetic,1.0
P002,CALLED,P001,call_records_synthetic,1.0
P002,CALLED,P001,call_records_synthetic,1.0
P002,CALLED,P001,call_records_synthetic,1.0
P002,CALLED,P001,call_records_synthetic,1.0
P006,CALLED,P001,call_records_synthetic,1.0
P006,CALLED,P001,call_records_synthetic,1.0
P006,CALLED,P001,call_records_synthetic,1.0
P006,CALLED,P001,call_records_synthetic,1.0
P055,CALLED,P001,call_records_synthetic,1.0
P076,CALLED,P001,call_records_synthetic,1.0
P076,CALLED,P001,call_records_synthetic,1.0
P076,CALLED,P001,call_records_synthetic,1.0
P076,CALLED,P001,call_records_synthetic,1.0
P034,CALLED,P001,call_records_synthetic,1.0
P011,CALLED,P001,call_records_synthetic,1.0
P011,CALLED,P001,call_records_synthetic,1.0
P011,CALLED,P001,call_records_synthetic,1.0
P011,CALLED,P001,call_records_synthetic,1.0
P011,CALLED,P001,call_records_synthetic,1.0
P019,CALLED,P001,call_records_synthetic,1.0
P019,CALLED,P001,call_records_synthetic,1.0
P019,CALLED,P001,call_records_synthetic,1.0
P019,CALLED,P001,call_records_synthetic,1.0
P019,CALLED,P001,call_records_synthetic,1.0
P077,CALLED,P001,call_records_synthetic,1.0
P077,CALLED,P001,call_records_synthetic,1.0
P077,CALLED,P001,call_records_synthetic,1.0
P077,CALLED,P001,call_records_synthetic,1.0
P077,CALLED,P001,call_records_synthetic,1.0
P087,CALLED,P001,call_records_synthetic,1.0
P087,CALLED,P001,call_records_synthetic,1.0
P087,CALLED,P001,call_records_synthetic,1.0
P087,CALLED,P001,call_records_synthetic,1.0
P087,CALLED,P001,call_records_synthetic,1.0
P020,CALLED,P001,call_records_synthetic,1.0
P020,CALLED,P001,call_records_synthetic,1.0
P020,CALLED,P001,call_records_synthetic,1.0
P020,CALLED,P001,call_records_synthetic,1.0
P020,CALLED,P001,call_records_synthetic,1.0
P069,CALLED,P001,call_records_synthetic,1.0
P069,CALLED,P001,call_records_synthetic,1.0
P069,CALLED,P001,call_records_synthetic,1.0
P069,CALLED,P001,call_records_synthetic,1.0
P069,CALLED,P001,call_records_synthetic,1.0
P068,CALLED,P001,call_records_synthetic,1.0
P068,CALLED,P001,call_records_synthetic,1.0
P068,CALLED,P001,call_records_synthetic,1.0
P068,CALLED,P001,call_records_synthetic,1.0
P068,CALLED,P001,call_records_synthetic,1.0
P015,CALLED,P001,call_records_synthetic,1.0
P001,CALLED,P004,call_records_synthetic,1.0
P001,CALLED,P083,call_records_synthetic,1.0
P003,CALLED,P083,call_records_synthetic,1.0
P003,CALLED,P083,call_records_synthetic,1.0
P003,CALLED,P083,call_records_synthetic,1.0
P003,CALLED,P083,call_records_synthetic,1.0
P009,CALLED,P083,call_records_synthetic,1.0
P009,CALLED,P083,call_records_synthetic,1.0
P009,CALLED,P083,call_records_synthetic,1.0
P009,CALLED,P083,call_records_synthetic,1.0
P009,CALLED,P083,call_records_synthetic,1.0
P001,CALLED,P003,call_records_synthetic,1.0
P001,CALLED,P003,call_records_synthetic,1.0
P001,CALLED,P003,call_records_synthetic,1.0
P001,CALLED,P003,call_records_synthetic,1.0
P001,CALLED,P003,call_records_synthetic,1.0
P087,CALLED,P003,call_records_synthetic,1.0
P087,CALLED,P003,call_records_synthetic,1.0
P001,CALLED,P005,call_records_synthetic,1.0
P001,CALLED,P005,call_records_synthetic,1.0
P001,CALLED,P005,call_records_synthetic,1.0
P003,CALLED,P088,call_records_synthetic,1.0
P085,CALLED,P088,call_records_synthetic,1.0
P001,CALLED,P085,call_records_synthetic,1.0
P001,CALLED,P085,call_records_synthetic,1.0
P003,CALLED,P085,call_records_synthetic,1.0
P003,CALLED,P085,call_records_synthetic,1.0
P003,CALLED,P085,call_records_synthetic,1.0
P003,CALLED,P085,call_records_synthetic,1.0
P074,CALLED,P085,call_records_synthetic,1.0
P001,CALLED,P062,call_records_synthetic,1.0
P001,CALLED,P009,call_records_synthetic,1.0
P083,CALLED,P009,call_records_synthetic,1.0
P003,CALLED,P009,call_records_synthetic,1.0
P003,CALLED,P009,call_records_synthetic,1.0
P003,CALLED,P009,call_records_synthetic,1.0
P003,CALLED,P009,call_records_synthetic,1.0
P003,CALLED,P009,call_records_synthetic,1.0
P001,CALLED,P002,call_records_synthetic,1.0
P001,CALLED,P002,call_records_synthetic,1.0
P001,CALLED,P002,call_records_synthetic,1.0
P001,CALLED,P002,call_records_synthetic,1.0
P001,CALLED,P002,call_records_synthetic,1.0
P003,CALLED,P002,call_records_synthetic,1.0
P001,CALLED,P006,call_records_synthetic,1.0
P001,CALLED,P006,call_records_synthetic,1.0
P001,CALLED,P006,call_records_synthetic,1.0
P001,CALLED,P006,call_records_synthetic,1.0
P001,CALLED,P006,call_records_synthetic,1.0
P001,CALLED,P008,call_records_synthetic,1.0
P001,CALLED,P076,call_records_synthetic,1.0
P001,CALLED,P076,call_records_synthetic,1.0
P001,CALLED,P076,call_records_synthetic,1.0
P001,CALLED,P076,call_records_synthetic,1.0
P001,CALLED,P076,call_records_synthetic,1.0
P019,CALLED,P076,call_records_synthetic,1.0
P078,CALLED,P076,call_records_synthetic,1.0
P078,CALLED,P076,call_records_synthetic,1.0
P078,CALLED,P076,call_records_synthetic,1.0
P078,CALLED,P076,call_records_synthetic,1.0
P078,CALLED,P076,call_records_synthetic,1.0
P001,CALLED,P011,call_records_synthetic,1.0
P018,CALLED,P012,call_records_synthetic,1.0
P018,CALLED,P012,call_records_synthetic,1.0
P018,CALLED,P012,call_records_synthetic,1.0
P018,CALLED,P012,call_records_synthetic,1.0
P018,CALLED,P012,call_records_synthetic,1.0
P017,CALLED,P012,call_records_synthetic,1.0
P022,CALLED,P012,call_records_synthetic,1.0
P016,CALLED,P012,call_records_synthetic,1.0
P016,CALLED,P012,call_records_synthetic,1.0
P016,CALLED,P012,call_records_synthetic,1.0
P016,CALLED,P012,call_records_synthetic,1.0
P075,CALLED,P012,call_records_synthetic,1.0
P001,CALLED,P014,call_records_synthetic,1.0
P001,CALLED,P014,call_records_synthetic,1.0
P001,CALLED,P019,call_records_synthetic,1.0
P001,CALLED,P019,call_records_synthetic,1.0
P001,CALLED,P019,call_records_synthetic,1.0
P001,CALLED,P019,call_records_synthetic,1.0
P003,CALLED,P019,call_records_synthetic,1.0
P076,CALLED,P019,call_records_synthetic,1.0
P077,CALLED,P019,call_records_synthetic,1.0
P076,CALLED,P078,call_records_synthetic,1.0
P076,CALLED,P078,call_records_synthetic,1.0
P076,CALLED,P078,call_records_synthetic,1.0
P076,CALLED,P078,call_records_synthetic,1.0
P076,CALLED,P078,call_records_synthetic,1.0
P079,CALLED,P078,call_records_synthetic,1.0
P079,CALLED,P078,call_records_synthetic,1.0
P079,CALLED,P078,call_records_synthetic,1.0
P001,CALLED,P077,call_records_synthetic,1.0
P001,CALLED,P077,call_records_synthetic,1.0
P001,CALLED,P077,call_records_synthetic,1.0
P001,CALLED,P077,call_records_synthetic,1.0
P001,CALLED,P077,call_records_synthetic,1.0
P003,CALLED,P077,call_records_synthetic,1.0
P003,CALLED,P077,call_records_synthetic,1.0
P001,CALLED,P087,call_records_synthetic,1.0
P001,CALLED,P087,call_records_synthetic,1.0
P011,CALLED,P020,call_records_synthetic,1.0
P011,CALLED,P020,call_records_synthetic,1.0
P011,CALLED,P020,call_records_synthetic,1.0
P011,CALLED,P020,call_records_synthetic,1.0
P011,CALLED,P020,call_records_synthetic,1.0
P012,CALLED,P022,call_records_synthetic,1.0
P003,CALLED,P074,call_records_synthetic,1.0
P003,CALLED,P074,call_records_synthetic,1.0
P003,CALLED,P074,call_records_synthetic,1.0
P076,CALLED,P079,call_records_synthetic,1.0
P078,CALLED,P079,call_records_synthetic,1.0
P076,CALLED,P061,call_records_synthetic,1.0
P076,CALLED,P061,call_records_synthetic,1.0
P001,CALLED,P028,call_records_synthetic,1.0
P001,CALLED,P081,call_records_synthetic,1.0
P087,CALLED,P081,call_records_synthetic,1.0
P087,CALLED,P081,call_records_synthetic,1.0
P004,CALLED,P001,call_records_synthetic,1.0
P003,CALLED,P001,call_records_synthetic,1.0
P003,CALLED,P001,call_records_synthetic,1.0
P003,CALLED,P001,call_records_synthetic,1.0
P003,CALLED,P001,call_records_synthetic,1.0
P003,CALLED,P001,call_records_synthetic,1.0
P085,CALLED,P001,call_records_synthetic,1.0
P002,CALLED,P001,call_records_synthetic,1.0
P002,CALLED,P001,call_records_synthetic,1.0
P006,CALLED,P001,call_records_synthetic,1.0
P076,CALLED,P001,call_records_synthetic,1.0
P014,CALLED,P001,call_records_synthetic,1.0
P019,CALLED,P001,call_records_synthetic,1.0
P087,CALLED,P001,call_records_synthetic,1.0
P087,CALLED,P001,call_records_synthetic,1.0
P087,CALLED,P001,call_records_synthetic,1.0
P087,CALLED,P001,call_records_synthetic,1.0
P087,CALLED,P001,call_records_synthetic,1.0
P028,CALLED,P001,call_records_synthetic,1.0
P001,CALLED,P004,call_records_synthetic,1.0
P001,CALLED,P004,call_records_synthetic,1.0
P001,CALLED,P083,call_records_synthetic,1.0
P001,CALLED,P083,call_records_synthetic,1.0
P001,CALLED,P003,call_records_synthetic,1.0
P001,CALLED,P003,call_records_synthetic,1.0
P001,CALLED,P003,call_records_synthetic,1.0
P001,CALLED,P003,call_records_synthetic,1.0
P001,CALLED,P003,call_records_synthetic,1.0
P085,CALLED,P003,call_records_synthetic,1.0
P085,CALLED,P003,call_records_synthetic,1.0
P085,CALLED,P003,call_records_synthetic,1.0
P085,CALLED,P003,call_records_synthetic,1.0
P085,CALLED,P003,call_records_synthetic,1.0
P002,CALLED,P003,call_records_synthetic,1.0
P076,CALLED,P003,call_records_synthetic,1.0
P011,CALLED,P003,call_records_synthetic,1.0
P014,CALLED,P003,call_records_synthetic,1.0
P087,CALLED,P003,call_records_synthetic,1.0
P022,CALLED,P003,call_records_synthetic,1.0
P022,CALLED,P003,call_records_synthetic,1.0
P022,CALLED,P003,call_records_synthetic,1.0
P001,CALLED,P085,call_records_synthetic,1.0
P001,CALLED,P085,call_records_synthetic,1.0
P001,CALLED,P085,call_records_synthetic,1.0
P001,CALLED,P085,call_records_synthetic,1.0
P001,CALLED,P085,call_records_synthetic,1.0
P003,CALLED,P085,call_records_synthetic,1.0
P003,CALLED,P085,call_records_synthetic,1.0
P003,CALLED,P085,call_records_synthetic,1.0
P003,CALLED,P085,call_records_synthetic,1.0
P003,CALLED,P086,call_records_synthetic,1.0
P001,CALLED,P002,call_records_synthetic,1.0
P001,CALLED,P002,call_records_synthetic,1.0
P001,CALLED,P002,call_records_synthetic,1.0
P001,CALLED,P002,call_records_synthetic,1.0
P034,CALLED,P002,call_records_synthetic,1.0
P001,CALLED,P008,call_records_synthetic,1.0
P001,CALLED,P008,call_records_synthetic,1.0
P003,CALLED,P008,call_records_synthetic,1.0
P003,CALLED,P008,call_records_synthetic,1.0
P003,CALLED,P008,call_records_synthetic,1.0
P003,CALLED,P008,call_records_synthetic,1.0
P003,CALLED,P008,call_records_synthetic,1.0
P085,CALLED,P008,call_records_synthetic,1.0
P001,CALLED,P076,call_records_synthetic,1.0
P078,CALLED,P076,call_records_synthetic,1.0
P001,CALLED,P009,call_records_synthetic,1.0
P087,CALLED,P009,call_records_synthetic,1.0
P003,CALLED,P034,call_records_synthetic,1.0
P003,CALLED,P034,call_records_synthetic,1.0
P002,CALLED,P034,call_records_synthetic,1.0
P002,CALLED,P035,call_records_synthetic,1.0
P001,CALLED,P011,call_records_synthetic,1.0
P001,CALLED,P011,call_records_synthetic,1.0
P001,CALLED,P011,call_records_synthetic,1.0
P001,CALLED,P011,call_records_synthetic,1.0
P001,CALLED,P011,call_records_synthetic,1.0
P001,CALLED,P084,call_records_synthetic,1.0
P012,CALLED,P013,call_records_synthetic,1.0
P014,CALLED,P012,call_records_synthetic,1.0
P018,CALLED,P012,call_records_synthetic,1.0
P018,CALLED,P012,call_records_synthetic,1.0
P018,CALLED,P012,call_records_synthetic,1.0
P018,CALLED,P012,call_records_synthetic,1.0
P018,CALLED,P012,call_records_synthetic,1.0
P017,CALLED,P012,call_records_synthetic,1.0
P017,CALLED,P012,call_records_synthetic,1.0
P017,CALLED,P012,call_records_synthetic,1.0
P017,CALLED,P012,call_records_synthetic,1.0
P017,CALLED,P012,call_records_synthetic,1.0
P025,CALLED,P012,call_records_synthetic,1.0
P025,CALLED,P012,call_records_synthetic,1.0
P025,CALLED,P012,call_records_synthetic,1.0
P016,CALLED,P012,call_records_synthetic,1.0
P016,CALLED,P012,call_records_synthetic,1.0
P016,CALLED,P012,call_records_synthetic,1.0
P016,CALLED,P012,call_records_synthetic,1.0
P016,CALLED,P012,call_records_synthetic,1.0
P023,CALLED,P012,call_records_synthetic,1.0
P023,CALLED,P012,call_records_synthetic,1.0
P023,CALLED,P012,call_records_synthetic,1.0
P023,CALLED,P012,call_records_synthetic,1.0
P023,CALLED,P012,call_records_synthetic,1.0
P033,CALLED,P012,call_records_synthetic,1.0
P080,CALLED,P012,call_records_synthetic,1.0
P001,CALLED,P014,call_records_synthetic,1.0
P003,CALLED,P014,call_records_synthetic,1.0
P012,CALLED,P014,call_records_synthetic,1.0
P012,CALLED,P014,call_records_synthetic,1.0
P012,CALLED,P014,call_records_synthetic,1.0
P012,CALLED,P014,call_records_synthetic,1.0
P012,CALLED,P014,call_records_synthetic,1.0
P001,CALLED,P082,call_records_synthetic,1.0
P001,CALLED,P082,call_records_synthetic,1.0
P001,CALLED,P082,call_records_synthetic,1.0
P001,CALLED,P082,call_records_synthetic,1.0
P001,CALLED,P082,call_records_synthetic,1.0
P003,CALLED,P082,call_records_synthetic,1.0
P001,CALLED,P019,call_records_synthetic,1.0
P001,CALLED,P019,call_records_synthetic,1.0
P001,CALLED,P019,call_records_synthetic,1.0
P076,CALLED,P019,call_records_synthetic,1.0
P076,CALLED,P019,call_records_synthetic,1.0
P076,CALLED,P019,call_records_synthetic,1.0
P001,CALLED,P077,call_records_synthetic,1.0
P001,CALLED,P077,call_records_synthetic,1.0
P001,CALLED,P077,call_records_synthetic,1.0
P001,CALLED,P077,call_records_synthetic,1.0
P001,CALLED,P077,call_records_synthetic,1.0
P001,CALLED,P087,call_records_synthetic,1.0
P001,CALLED,P087,call_records_synthetic,1.0
P001,CALLED,P087,call_records_synthetic,1.0
P001,CALLED,P087,call_records_synthetic,1.0
P001,CALLED,P087,call_records_synthetic,1.0
P003,CALLED,P087,call_records_synthetic,1.0
P003,CALLED,P087,call_records_synthetic,1.0
P003,CALLED,P087,call_records_synthetic,1.0
P038,CALLED,P087,call_records_synthetic,1.0
P037,CALLED,P087,call_records_synthetic,1.0
P037,CALLED,P087,call_records_synthetic,1.0
P001,CALLED,P020,call_records_synthetic,1.0
P001,CALLED,P020,call_records_synthetic,1.0
P001,CALLED,P020,call_records_synthetic,1.0
P001,CALLED,P020,call_records_synthetic,1.0
P001,CALLED,P020,call_records_synthetic,1.0
P086,CALLED,P020,call_records_synthetic,1.0
P012,CALLED,P022,call_records_synthetic,1.0
P012,CALLED,P022,call_records_synthetic,1.0
P012,CALLED,P022,call_records_synthetic,1.0
P001,CALLED,P028,call_records_synthetic,1.0
P001,CALLED,P028,call_records_synthetic,1.0
P001,CALLED,P028,call_records_synthetic,1.0
P001,CALLED,P081,call_records_synthetic,1.0
P001,CALLED,P081,call_records_synthetic,1.0
P087,CALLED,P081,call_records_synthetic,1.0
P087,CALLED,P081,call_records_synthetic,1.0
P087,CALLED,P081,call_records_synthetic,1.0
P087,CALLED,P081,call_records_synthetic,1.0
P001,CALLED,P067,call_records_synthetic,1.0
P001,CALLED,P067,call_records_synthetic,1.0
P001,CALLED,P067,call_records_synthetic,1.0
P087,CALLED,P038,call_records_synthetic,1.0
P076,CALLED,P073,call_records_synthetic,1.0
P087,CALLED,P073,call_records_synthetic,1.0
P087,CALLED,P039,call_records_synthetic,1.0
P087,CALLED,P039,call_records_synthetic,1.0
P087,CALLED,P039,call_records_synthetic,1.0
P087,CALLED,P039,call_records_synthetic,1.0
P087,CALLED,P039,call_records_synthetic,1.0
P076,CALLED,P059,call_records_synthetic,1.0
P076,CALLED,P059,call_records_synthetic,1.0
P076,CALLED,P059,call_records_synthetic,1.0
P003,CALLED,P037,call_records_synthetic,1.0
P003,CALLED,P037,call_records_synthetic,1.0
P003,CALLED,P037,call_records_synthetic,1.0
P003,CALLED,P037,call_records_synthetic,1.0
P003,CALLED,P037,call_records_synthetic,1.0
P087,CALLED,P037,call_records_synthetic,1.0
P087,CALLED,P037,call_records_synthetic,1.0
P087,CALLED,P037,call_records_synthetic,1.0
P087,CALLED,P037,call_records_synthetic,1.0
P012,CALLED,P023,call_records_synthetic,1.0
P087,CALLED,P091,call_records_synthetic,1.0
P087,CALLED,P091,call_records_synthetic,1.0
P087,CALLED,P091,call_records_synthetic,1.0
P011,CALLED,P036,call_records_synthetic,1.0
P011,CALLED,P036,call_records_synthetic,1.0
P011,CALLED,P036,call_records_synthetic,1.0
P003,CALLED,P001,call_records_synthetic,1.0
P085,CALLED,P001,call_records_synthetic,1.0
P085,CALLED,P001,call_records_synthetic,1.0
P085,CALLED,P001,call_records_synthetic,1.0
P085,CALLED,P001,call_records_synthetic,1.0
P008,CALLED,P001,call_records_synthetic,1.0
P008,CALLED,P001,call_records_synthetic,1.0
P082,CALLED,P001,call_records_synthetic,1.0
P082,CALLED,P001,call_records_synthetic,1.0
P082,CALLED,P001,call_records_synthetic,1.0
P082,CALLED,P001,call_records_synthetic,1.0
P082,CALLED,P001,call_records_synthetic,1.0
P087,CALLED,P001,call_records_synthetic,1.0
P087,CALLED,P001,call_records_synthetic,1.0
P087,CALLED,P001,call_records_synthetic,1.0
P087,CALLED,P001,call_records_synthetic,1.0
P003,CALLED,P089,call_records_synthetic,1.0
P001,CALLED,P083,call_records_synthetic,1.0
P001,CALLED,P083,call_records_synthetic,1.0
P001,CALLED,P083,call_records_synthetic,1.0
P085,CALLED,P003,call_records_synthetic,1.0
P085,CALLED,P003,call_records_synthetic,1.0
P085,CALLED,P003,call_records_synthetic,1.0
P085,CALLED,P003,call_records_synthetic,1.0
P085,CALLED,P003,call_records_synthetic,1.0
P008,CALLED,P003,call_records_synthetic,1.0
P076,CALLED,P003,call_records_synthetic,1.0
P012,CALLED,P003,call_records_synthetic,1.0
P087,CALLED,P003,call_records_synthetic,1.0
P087,CALLED,P003,call_records_synthetic,1.0
P087,CALLED,P003,call_records_synthetic,1.0
P087,CALLED,P003,call_records_synthetic,1.0
P087,CALLED,P003,call_records_synthetic,1.0
P001,CALLED,P085,call_records_synthetic,1.0
P001,CALLED,P085,call_records_synthetic,1.0
P001,CALLED,P085,call_records_synthetic,1.0
P001,CALLED,P085,call_records_synthetic,1.0
P001,CALLED,P085,call_records_synthetic,1.0
P003,CALLED,P085,call_records_synthetic,1.0
P003,CALLED,P085,call_records_synthetic,1.0
P003,CALLED,P085,call_records_synthetic,1.0
P003,CALLED,P085,call_records_synthetic,1.0
P003,CALLED,P085,call_records_synthetic,1.0
P088,CALLED,P085,call_records_synthetic,1.0
P003,CALLED,P090,call_records_synthetic,1.0
P003,CALLED,P002,call_records_synthetic,1.0
P003,CALLED,P007,call_records_synthetic,1.0
P001,CALLED,P006,call_records_synthetic,1.0
P001,CALLED,P008,call_records_synthetic,1.0
P003,CALLED,P008,call_records_synthetic,1.0
P003,CALLED,P008,call_records_synthetic,1.0
P003,CALLED,P008,call_records_synthetic,1.0
P003,CALLED,P008,call_records_synthetic,1.0
P003,CALLED,P008,call_records_synthetic,1.0
P001,CALLED,P076,call_records_synthetic,1.0
P001,CALLED,P076,call_records_synthetic,1.0
P001,CALLED,P076,call_records_synthetic,1.0
P001,CALLED,P076,call_records_synthetic,1.0
P001,CALLED,P076,call_records_synthetic,1.0
P003,CALLED,P076,call_records_synthetic,1.0
P003,CALLED,P076,call_records_synthetic,1.0
P003,CALLED,P076,call_records_synthetic,1.0
P078,CALLED,P076,call_records_synthetic,1.0
P001,CALLED,P011,call_records_synthetic,1.0
P012,CALLED,P013,call_records_synthetic,1.0
P012,CALLED,P013,call_records_synthetic,1.0
P003,CALLED,P012,call_records_synthetic,1.0
P018,CALLED,P012,call_records_synthetic,1.0
P018,CALLED,P012,call_records_synthetic,1.0
P018,CALLED,P012,call_records_synthetic,1.0
P018,CALLED,P012,call_records_synthetic,1.0
P018,CALLED,P012,call_records_synthetic,1.0
P017,CALLED,P012,call_records_synthetic,1.0
P017,CALLED,P012,call_records_synthetic,1.0
P016,CALLED,P012,call_records_synthetic,1.0
P016,CALLED,P012,call_records_synthetic,1.0
P016,CALLED,P012,call_records_synthetic,1.0
P016,CALLED,P012,call_records_synthetic,1.0
P016,CALLED,P012,call_records_synthetic,1.0
P029,CALLED,P012,call_records_synthetic,1.0
P012,CALLED,P014,call_records_synthetic,1.0
P012,CALLED,P014,call_records_synthetic,1.0
P012,CALLED,P014,call_records_synthetic,1.0
P012,CALLED,P014,call_records_synthetic,1.0
P012,CALLED,P014,call_records_synthetic,1.0
P012,CALLED,P017,call_records_synthetic,1.0
P012,CALLED,P017,call_records_synthetic,1.0
P012,CALLED,P017,call_records_synthetic,1.0
P012,CALLED,P017,call_records_synthetic,1.0
P001,CALLED,P082,call_records_synthetic,1.0
P001,CALLED,P082,call_records_synthetic,1.0
P001,CALLED,P082,call_records_synthetic,1.0
P001,CALLED,P082,call_records_synthetic,1.0
P001,CALLED,P082,call_records_synthetic,1.0
P003,CALLED,P082,call_records_synthetic,1.0
P003,CALLED,P082,call_records_synthetic,1.0
P087,CALLED,P082,call_records_synthetic,1.0
P087,CALLED,P082,call_records_synthetic,1.0
P087,CALLED,P082,call_records_synthetic,1.0
P087,CALLED,P082,call_records_synthetic,1.0
P087,CALLED,P082,call_records_synthetic,1.0
P046,CALLED,P082,call_records_synthetic,1.0
P046,CALLED,P082,call_records_synthetic,1.0
P046,CALLED,P082,call_records_synthetic,1.0
P046,CALLED,P082,call_records_synthetic,1.0
P046,CALLED,P082,call_records_synthetic,1.0
P079,CALLED,P078,call_records_synthetic,1.0
P001,CALLED,P087,call_records_synthetic,1.0
P001,CALLED,P087,call_records_synthetic,1.0
P001,CALLED,P087,call_records_synthetic,1.0
P001,CALLED,P087,call_records_synthetic,1.0
P001,CALLED,P087,call_records_synthetic,1.0
P003,CALLED,P087,call_records_synthetic,1.0
P003,CALLED,P087,call_records_synthetic,1.0
P003,CALLED,P087,call_records_synthetic,1.0
P003,CALLED,P087,call_records_synthetic,1.0
P003,CALLED,P087,call_records_synthetic,1.0
P076,CALLED,P087,call_records_synthetic,1.0
P082,CALLED,P087,call_records_synthetic,1.0
P081,CALLED,P087,call_records_synthetic,1.0
P007,CALLED,P079,call_records_synthetic,1.0
P012,CALLED,P016,call_records_synthetic,1.0
P012,CALLED,P016,call_records_synthetic,1.0
P012,CALLED,P016,call_records_synthetic,1.0
P012,CALLED,P016,call_records_synthetic,1.0
P012,CALLED,P016,call_records_synthetic,1.0
P087,CALLED,P081,call_records_synthetic,1.0
P087,CALLED,P081,call_records_synthetic,1.0
P087,CALLED,P081,call_records_synthetic,1.0
P087,CALLED,P081,call_records_synthetic,1.0
P087,CALLED,P081,call_records_synthetic,1.0
P076,CALLED,P059,call_records_synthetic,1.0
P087,CALLED,P037,call_records_synthetic,1.0
P087,CALLED,P037,call_records_synthetic,1.0
P087,CALLED,P037,call_records_synthetic,1.0
P087,CALLED,P037,call_records_synthetic,1.0
P087,CALLED,P037,call_records_synthetic,1.0
P082,CALLED,P036,call_records_synthetic,1.0
P001,CALLED,P096,call_records_synthetic,1.0
P082,CALLED,P096,call_records_synthetic,1.0
P082,CALLED,P096,call_records_synthetic,1.0
P082,CALLED,P096,call_records_synthetic,1.0
P082,CALLED,P096,call_records_synthetic,1.0
P046,CALLED,P096,call_records_synthetic,1.0
P046,CALLED,P096,call_records_synthetic,1.0
P046,CALLED,P096,call_records_synthetic,1.0
P046,CALLED,P096,call_records_synthetic,1.0
P082,CALLED,P046,call_records_synthetic,1.0
P082,CALLED,P046,call_records_synthetic,1.0
P082,CALLED,P046,call_records_synthetic,1.0
P082,CALLED,P046,call_records_synthetic,1.0
P082,CALLED,P046,call_records_synthetic,1.0
P096,CALLED,P046,call_records_synthetic,1.0
P096,CALLED,P046,call_records_synthetic,1.0
P096,CALLED,P046,call_records_synthetic,1.0
P096,CALLED,P046,call_records_synthetic,1.0
P012,CALLED,P029,call_records_synthetic,1.0
P012,CALLED,P029,call_records_synthetic,1.0
P012,CALLED,P029,call_records_synthetic,1.0
P012,CALLED,P029,call_records_synthetic,1.0
P012,CALLED,P029,call_records_synthetic,1.0
P012,CALLED,P030,call_records_synthetic,1.0
P096,CALLED,P030,call_records_synthetic,1.0
P087,CALLED,P105,call_records_synthetic,1.0
P087,CALLED,P105,call_records_synthetic,1.0
P079,CALLED,P101,call_records_synthetic,1.0
P087,CALLED,P041,call_records_synthetic,1.0
P087,CALLED,P041,call_records_synthetic,1.0
P087,CALLED,P041,call_records_synthetic,1.0
P083,CALLED,P001,call_records_synthetic,1.0
P003,CALLED,P001,call_records_synthetic,1.0
P003,CALLED,P001,call_records_synthetic,1.0
P085,CALLED,P001,call_records_synthetic,1.0
P085,CALLED,P001,call_records_synthetic,1.0
P085,CALLED,P001,call_records_synthetic,1.0
P085,CALLED,P001,call_records_synthetic,1.0
P085,CALLED,P001,call_records_synthetic,1.0
P008,CALLED,P001,call_records_synthetic,1.0
P076,CALLED,P001,call_records_synthetic,1.0
P076,CALLED,P001,call_records_synthetic,1.0
P076,CALLED,P001,call_records_synthetic,1.0
P076,CALLED,P001,call_records_synthetic,1.0
P076,CALLED,P001,call_records_synthetic,1.0
P082,CALLED,P001,call_records_synthetic,1.0
P082,CALLED,P001,call_records_synthetic,1.0
P082,CALLED,P001,call_records_synthetic,1.0
P087,CALLED,P001,call_records_synthetic,1.0
P087,CALLED,P001,call_records_synthetic,1.0
P087,CALLED,P001,call_records_synthetic,1.0
P087,CALLED,P001,call_records_synthetic,1.0
P087,CALLED,P001,call_records_synthetic,1.0
P037,CALLED,P001,call_records_synthetic,1.0
P001,CALLED,P004,call_records_synthetic,1.0
P001,CALLED,P083,call_records_synthetic,1.0
P001,CALLED,P083,call_records_synthetic,1.0
P001,CALLED,P083,call_records_synthetic,1.0
P001,CALLED,P083,call_records_synthetic,1.0
P001,CALLED,P003,call_records_synthetic,1.0
P001,CALLED,P003,call_records_synthetic,1.0
P001,CALLED,P003,call_records_synthetic,1.0
P001,CALLED,P085,call_records_synthetic,1.0
P001,CALLED,P085,call_records_synthetic,1.0
P001,CALLED,P085,call_records_synthetic,1.0
P001,CALLED,P085,call_records_synthetic,1.0
P001,CALLED,P085,call_records_synthetic,1.0
P084,CALLED,P085,call_records_synthetic,1.0
P084,CALLED,P085,call_records_synthetic,1.0
P084,CALLED,P085,call_records_synthetic,1.0
P084,CALLED,P085,call_records_synthetic,1.0
P084,CALLED,P085,call_records_synthetic,1.0
P083,CALLED,P086,call_records_synthetic,1.0
P083,CALLED,P086,call_records_synthetic,1.0
P083,CALLED,P086,call_records_synthetic,1.0
P083,CALLED,P086,call_records_synthetic,1.0
P001,CALLED,P008,call_records_synthetic,1.0
P001,CALLED,P008,call_records_synthetic,1.0
P001,CALLED,P008,call_records_synthetic,1.0
P001,CALLED,P008,call_records_synthetic,1.0
P001,CALLED,P008,call_records_synthetic,1.0
P001,CALLED,P076,call_records_synthetic,1.0
P001,CALLED,P076,call_records_synthetic,1.0
P001,CALLED,P076,call_records_synthetic,1.0
P085,CALLED,P076,call_records_synthetic,1.0
P071,CALLED,P076,call_records_synthetic,1.0
P071,CALLED,P076,call_records_synthetic,1.0
P071,CALLED,P076,call_records_synthetic,1.0
P008,CALLED,P009,call_records_synthetic,1.0
P008,CALLED,P009,call_records_synthetic,1.0
P008,CALLED,P009,call_records_synthetic,1.0
P001,CALLED,P084,call_records_synthetic,1.0
P014,CALLED,P012,call_records_synthetic,1.0
P014,CALLED,P012,call_records_synthetic,1.0
P014,CALLED,P012,call_records_synthetic,1.0
P014,CALLED,P012,call_records_synthetic,1.0
P014,CALLED,P012,call_records_synthetic,1.0
P016,CALLED,P012,call_records_synthetic,1.0
P016,CALLED,P012,call_records_synthetic,1.0
P016,CALLED,P012,call_records_synthetic,1.0
P016,CALLED,P012,call_records_synthetic,1.0
P016,CALLED,P012,call_records_synthetic,1.0
P065,CALLED,P012,call_records_synthetic,1.0
P012,CALLED,P014,call_records_synthetic,1.0
P012,CALLED,P014,call_records_synthetic,1.0
P012,CALLED,P014,call_records_synthetic,1.0
P012,CALLED,P014,call_records_synthetic,1.0
P012,CALLED,P014,call_records_synthetic,1.0
P024,CALLED,P014,call_records_synthetic,1.0
P058,CALLED,P014,call_records_synthetic,1.0
P058,CALLED,P014,call_records_synthetic,1.0
P058,CALLED,P014,call_records_synthetic,1.0
P058,CALLED,P014,call_records_synthetic,1.0
P058,CALLED,P014,call_records_synthetic,1.0
P012,CALLED,P018,call_records_synthetic,1.0
P012,CALLED,P018,call_records_synthetic,1.0
P012,CALLED,P017,call_records_synthetic,1.0
P001,CALLED,P082,call_records_synthetic,1.0
P001,CALLED,P082,call_records_synthetic,1.0
P001,CALLED,P082,call_records_synthetic,1.0
P001,CALLED,P082,call_records_synthetic,1.0
P001,CALLED,P082,call_records_synthetic,1.0
P087,CALLED,P082,call_records_synthetic,1.0
P087,CALLED,P082,call_records_synthetic,1.0
P087,CALLED,P082,call_records_synthetic,1.0
P087,CALLED,P082,call_records_synthetic,1.0
P087,CALLED,P082,call_records_synthetic,1.0
P037,CALLED,P082,call_records_synthetic,1.0
P037,CALLED,P082,call_records_synthetic,1.0
P037,CALLED,P082,call_records_synthetic,1.0
P037,CALLED,P082,call_records_synthetic,1.0
P037,CALLED,P082,call_records_synthetic,1.0
P096,CALLED,P082,call_records_synthetic,1.0
P046,CALLED,P082,call_records_synthetic,1.0
P001,CALLED,P087,call_records_synthetic,1.0
P001,CALLED,P087,call_records_synthetic,1.0
P001,CALLED,P087,call_records_synthetic,1.0
P001,CALLED,P087,call_records_synthetic,1.0
P001,CALLED,P087,call_records_synthetic,1.0
P081,CALLED,P087,call_records_synthetic,1.0
P037,CALLED,P087,call_records_synthetic,1.0
P037,CALLED,P087,call_records_synthetic,1.0
P037,CALLED,P087,call_records_synthetic,1.0
P037,CALLED,P087,call_records_synthetic,1.0
P037,CALLED,P087,call_records_synthetic,1.0
P012,CALLED,P022,call_records_synthetic,1.0
P012,CALLED,P016,call_records_synthetic,1.0
P012,CALLED,P016,call_records_synthetic,1.0
P012,CALLED,P016,call_records_synthetic,1.0
P012,CALLED,P016,call_records_synthetic,1.0
P012,CALLED,P016,call_records_synthetic,1.0
P001,CALLED,P081,call_records_synthetic,1.0
P001,CALLED,P081,call_records_synthetic,1.0
P001,CALLED,P081,call_records_synthetic,1.0
P001,CALLED,P081,call_records_synthetic,1.0
P087,CALLED,P081,call_records_synthetic,1.0
P087,CALLED,P081,call_records_synthetic,1.0
P087,CALLED,P081,call_records_synthetic,1.0
P087,CALLED,P081,call_records_synthetic,1.0
P087,CALLED,P081,call_records_synthetic,1.0
P087,CALLED,P038,call_records_synthetic,1.0
P087,CALLED,P073,call_records_synthetic,1.0
P001,CALLED,P037,call_records_synthetic,1.0
P001,CALLED,P037,call_records_synthetic,1.0
P087,CALLED,P037,call_records_synthetic,1.0
P087,CALLED,P037,call_records_synthetic,1.0
P087,CALLED,P037,call_records_synthetic,1.0
P087,CALLED,P037,call_records_synthetic,1.0
P087,CALLED,P037,call_records_synthetic,1.0
P041,CALLED,P037,call_records_synthetic,1.0
P041,CALLED,P037,call_records_synthetic,1.0
P041,CALLED,P037,call_records_synthetic,1.0
P041,CALLED,P037,call_records_synthetic,1.0
P041,CALLED,P037,call_records_synthetic,1.0
P044,CALLED,P037,call_records_synthetic,1.0
P044,CALLED,P037,call_records_synthetic,1.0
P045,CALLED,P037,call_records_synthetic,1.0
P045,CALLED,P037,call_records_synthetic,1.0
P045,CALLED,P037,call_records_synthetic,1.0
P045,CALLED,P037,call_records_synthetic,1.0
P045,CALLED,P037,call_records_synthetic,1.0
P012,CALLED,P024,call_records_synthetic,1.0
P014,CALLED,P024,call_records_synthetic,1.0
P058,CALLED,P024,call_records_synthetic,1.0
P058,CALLED,P024,call_records_synthetic,1.0
P058,CALLED,P024,call_records_synthetic,1.0
P014,CALLED,P058,call_records_synthetic,1.0
P014,CALLED,P058,call_records_synthetic,1.0
P014,CALLED,P058,call_records_synthetic,1.0
P014,CALLED,P058,call_records_synthetic,1.0
P014,CALLED,P058,call_records_synthetic,1.0
P082,CALLED,P096,call_records_synthetic,1.0
P082,CALLED,P096,call_records_synthetic,1.0
P082,CALLED,P096,call_records_synthetic,1.0
P082,CALLED,P096,call_records_synthetic,1.0
P082,CALLED,P096,call_records_synthetic,1.0
P046,CALLED,P096,call_records_synthetic,1.0
P082,CALLED,P046,call_records_synthetic,1.0
P082,CALLED,P046,call_records_synthetic,1.0
P082,CALLED,P046,call_records_synthetic,1.0
P001,CALLED,P105,call_records_synthetic,1.0
P087,CALLED,P105,call_records_synthetic,1.0
P087,CALLED,P105,call_records_synthetic,1.0
P087,CALLED,P105,call_records_synthetic,1.0
P087,CALLED,P041,call_records_synthetic,1.0
P087,CALLED,P041,call_records_synthetic,1.0
P087,CALLED,P041,call_records_synthetic,1.0
P037,CALLED,P041,call_records_synthetic,1.0
P037,CALLED,P041,call_records_synthetic,1.0
P037,CALLED,P041,call_records_synthetic,1.0
P037,CALLED,P041,call_records_synthetic,1.0
P037,CALLED,P041,call_records_synthetic,1.0
P087,CALLED,P021,call_records_synthetic,1.0
P087,CALLED,P021,call_records_synthetic,1.0
P087,CALLED,P021,call_records_synthetic,1.0
P087,CALLED,P021,call_records_synthetic,1.0
P087,CALLED,P021,call_records_synthetic,1.0
P104,CALLED,P103,call_records_synthetic,1.0
P087,CALLED,P027,call_records_synthetic,1.0
P037,CALLED,P095,call_records_synthetic,1.0
P037,CALLED,P095,call_records_synthetic,1.0
P037,CALLED,P095,call_records_synthetic,1.0
P037,CALLED,P095,call_records_synthetic,1.0
P037,CALLED,P095,call_records_synthetic,1.0
P037,CALLED,P093,call_records_synthetic,1.0
P037,CALLED,P093,call_records_synthetic,1.0
P037,CALLED,P093,call_records_synthetic,1.0
P037,CALLED,P093,call_records_synthetic,1.0
P037,CALLED,P093,call_records_synthetic,1.0
P037,CALLED,P042,call_records_synthetic,1.0
P037,CALLED,P042,call_records_synthetic,1.0
P037,CALLED,P042,call_records_synthetic,1.0
P037,CALLED,P042,call_records_synthetic,1.0
P019,CALLED,P071,call_records_synthetic,1.0
P087,CALLED,P040,call_records_synthetic,1.0
P037,CALLED,P044,call_records_synthetic,1.0
P037,CALLED,P044,call_records_synthetic,1.0
P037,CALLED,P044,call_records_synthetic,1.0
P037,CALLED,P044,call_records_synthetic,1.0
P037,CALLED,P044,call_records_synthetic,1.0
P001,CALLED,P070,call_records_synthetic,1.0
P001,CALLED,P070,call_records_synthetic,1.0
P001,CALLED,P070,call_records_synthetic,1.0
P001,CALLED,P070,call_records_synthetic,1.0
P001,CALLED,P070,call_records_synthetic,1.0
P085,CALLED,P001,call_records_synthetic,1.0
P085,CALLED,P001,call_records_synthetic,1.0
P085,CALLED,P001,call_records_synthetic,1.0
P076,CALLED,P001,call_records_synthetic,1.0
P076,CALLED,P001,call_records_synthetic,1.0
P076,CALLED,P001,call_records_synthetic,1.0
P076,CALLED,P001,call_records_synthetic,1.0
P076,CALLED,P001,call_records_synthetic,1.0
P011,CALLED,P001,call_records_synthetic,1.0
P084,CALLED,P001,call_records_synthetic,1.0
P082,CALLED,P001,call_records_synthetic,1.0
P087,CALLED,P001,call_records_synthetic,1.0
P087,CALLED,P001,call_records_synthetic,1.0
P076,CALLED,P088,call_records_synthetic,1.0
P001,CALLED,P085,call_records_synthetic,1.0
P001,CALLED,P085,call_records_synthetic,1.0
P001,CALLED,P085,call_records_synthetic,1.0
P001,CALLED,P085,call_records_synthetic,1.0
P001,CALLED,P085,call_records_synthetic,1.0
P076,CALLED,P085,call_records_synthetic,1.0
P076,CALLED,P085,call_records_synthetic,1.0
P076,CALLED,P085,call_records_synthetic,1.0
P076,CALLED,P085,call_records_synthetic,1.0
P076,CALLED,P085,call_records_synthetic,1.0
P084,CALLED,P085,call_records_synthetic,1.0
P083,CALLED,P086,call_records_synthetic,1.0
P083,CALLED,P086,call_records_synthetic,1.0
P083,CALLED,P086,call_records_synthetic,1.0
P001,CALLED,P076,call_records_synthetic,1.0
P001,CALLED,P076,call_records_synthetic,1.0
P001,CALLED,P076,call_records_synthetic,1.0
P001,CALLED,P076,call_records_synthetic,1.0
P001,CALLED,P076,call_records_synthetic,1.0
P085,CALLED,P076,call_records_synthetic,1.0
P085,CALLED,P076,call_records_synthetic,1.0
P085,CALLED,P076,call_records_synthetic,1.0
P085,CALLED,P076,call_records_synthetic,1.0
P087,CALLED,P076,call_records_synthetic,1.0
P087,CALLED,P076,call_records_synthetic,1.0
P001,CALLED,P011,call_records_synthetic,1.0
P012,CALLED,P013,call_records_synthetic,1.0
P041,CALLED,P013,call_records_synthetic,1.0
P041,CALLED,P013,call_records_synthetic,1.0
P041,CALLED,P013,call_records_synthetic,1.0
P041,CALLED,P013,call_records_synthetic,1.0
P041,CALLED,P013,call_records_synthetic,1.0
P003,CALLED,P012,call_records_synthetic,1.0
P003,CALLED,P012,call_records_synthetic,1.0
P003,CALLED,P012,call_records_synthetic,1.0
P014,CALLED,P012,call_records_synthetic,1.0
P014,CALLED,P012,call_records_synthetic,1.0
P014,CALLED,P012,call_records_synthetic,1.0
P014,CALLED,P012,call_records_synthetic,1.0
P014,CALLED,P012,call_records_synthetic,1.0
P018,CALLED,P012,call_records_synthetic,1.0
P018,CALLED,P012,call_records_synthetic,1.0
P017,CALLED,P012,call_records_synthetic,1.0
P017,CALLED,P012,call_records_synthetic,1.0
P017,CALLED,P012,call_records_synthetic,1.0
P017,CALLED,P012,call_records_synthetic,1.0
P017,CALLED,P012,call_records_synthetic,1.0
P016,CALLED,P012,call_records_synthetic,1.0
P016,CALLED,P012,call_records_synthetic,1.0
P016,CALLED,P012,call_records_synthetic,1.0
P016,CALLED,P012,call_records_synthetic,1.0
P016,CALLED,P012,call_records_synthetic,1.0
P041,CALLED,P012,call_records_synthetic,1.0
P041,CALLED,P012,call_records_synthetic,1.0
P027,CALLED,P012,call_records_synthetic,1.0
P027,CALLED,P012,call_records_synthetic,1.0
P042,CALLED,P012,call_records_synthetic,1.0
P042,CALLED,P012,call_records_synthetic,1.0
P065,CALLED,P012,call_records_synthetic,1.0
P065,CALLED,P012,call_records_synthetic,1.0
P065,CALLED,P012,call_records_synthetic,1.0
P065,CALLED,P012,call_records_synthetic,1.0
P065,CALLED,P012,call_records_synthetic,1.0
P012,CALLED,P014,call_records_synthetic,1.0
P012,CALLED,P014,call_records_synthetic,1.0
P012,CALLED,P014,call_records_synthetic,1.0
P012,CALLED,P014,call_records_synthetic,1.0
P012,CALLED,P014,call_records_synthetic,1.0
P058,CALLED,P014,call_records_synthetic,1.0
P058,CALLED,P014,call_records_synthetic,1.0
P058,CALLED,P014,call_records_synthetic,1.0
P058,CALLED,P014,call_records_synthetic,1.0
P058,CALLED,P014,call_records_synthetic,1.0
P012,CALLED,P018,call_records_synthetic,1.0
P012,CALLED,P018,call_records_synthetic,1.0
P012,CALLED,P018,call_records_synthetic,1.0
P012,CALLED,P017,call_records_synthetic,1.0
P012,CALLED,P017,call_records_synthetic,1.0
P027,CALLED,P017,call_records_synthetic,1.0
P001,CALLED,P082,call_records_synthetic,1.0
P001,CALLED,P082,call_records_synthetic,1.0
P001,CALLED,P082,call_records_synthetic,1.0
P001,CALLED,P082,call_records_synthetic,1.0
P001,CALLED,P082,call_records_synthetic,1.0
P087,CALLED,P082,call_records_synthetic,1.0
P096,CALLED,P082,call_records_synthetic,1.0
P096,CALLED,P082,call_records_synthetic,1.0
P096,CALLED,P082,call_records_synthetic,1.0
P096,CALLED,P082,call_records_synthetic,1.0
P096,CALLED,P082,call_records_synthetic,1.0
P079,CALLED,P078,call_records_synthetic,1.0
P079,CALLED,P078,call_records_synthetic,1.0
P001,CALLED,P087,call_records_synthetic,1.0
P001,CALLED,P087,call_records_synthetic,1.0
P001,CALLED,P087,call_records_synthetic,1.0
P076,CALLED,P087,call_records_synthetic,1.0
P076,CALLED,P087,call_records_synthetic,1.0
P082,CALLED,P087,call_records_synthetic,1.0
P082,CALLED,P087,call_records_synthetic,1.0
P082,CALLED,P087,call_records_synthetic,1.0
P076,CALLED,P079,call_records_synthetic,1.0
P076,CALLED,P079,call_records_synthetic,1.0
P076,CALLED,P079,call_records_synthetic,1.0
P076,CALLED,P079,call_records_synthetic,1.0
P078,CALLED,P079,call_records_synthetic,1.0
P059,CALLED,P079,call_records_synthetic,1.0
P059,CALLED,P079,call_records_synthetic,1.0
P059,CALLED,P079,call_records_synthetic,1.0
P059,CALLED,P079,call_records_synthetic,1.0
P059,CALLED,P079,call_records_synthetic,1.0
P101,CALLED,P079,call_records_synthetic,1.0
P101,CALLED,P079,call_records_synthetic,1.0
P101,CALLED,P079,call_records_synthetic,1.0
P101,CALLED,P079,call_records_synthetic,1.0
P101,CALLED,P079,call_records_synthetic,1.0
P102,CALLED,P079,call_records_synthetic,1.0
P102,CALLED,P079,call_records_synthetic,1.0
P076,CALLED,P061,call_records_synthetic,1.0
P076,CALLED,P061,call_records_synthetic,1.0
P076,CALLED,P061,call_records_synthetic,1.0
P012,CALLED,P016,call_records_synthetic,1.0
P012,CALLED,P016,call_records_synthetic,1.0
P012,CALLED,P016,call_records_synthetic,1.0
P012,CALLED,P016,call_records_synthetic,1.0
P012,CALLED,P016,call_records_synthetic,1.0
P087,CALLED,P081,call_records_synthetic,1.0
P087,CALLED,P081,call_records_synthetic,1.0
P079,CALLED,P059,call_records_synthetic,1.0
P079,CALLED,P059,call_records_synthetic,1.0
P102,CALLED,P059,call_records_synthetic,1.0
P041,CALLED,P037,call_records_synthetic,1.0
P041,CALLED,P037,call_records_synthetic,1.0
P041,CALLED,P037,call_records_synthetic,1.0
P041,CALLED,P037,call_records_synthetic,1.0
P041,CALLED,P037,call_records_synthetic,1.0
P093,CALLED,P037,call_records_synthetic,1.0
P082,CALLED,P036,call_records_synthetic,1.0
P082,CALLED,P036,call_records_synthetic,1.0
P082,CALLED,P036,call_records_synthetic,1.0
P082,CALLED,P036,call_records_synthetic,1.0
P058,CALLED,P024,call_records_synthetic,1.0
P058,CALLED,P024,call_records_synthetic,1.0
P058,CALLED,P024,call_records_synthetic,1.0
P014,CALLED,P058,call_records_synthetic,1.0
P014,CALLED,P058,call_records_synthetic,1.0
P014,CALLED,P058,call_records_synthetic,1.0
P014,CALLED,P058,call_records_synthetic,1.0
P082,CALLED,P096,call_records_synthetic,1.0
P082,CALLED,P096,call_records_synthetic,1.0
P082,CALLED,P096,call_records_synthetic,1.0
P082,CALLED,P096,call_records_synthetic,1.0
P082,CALLED,P096,call_records_synthetic,1.0
P096,CALLED,P046,call_records_synthetic,1.0
P096,CALLED,P046,call_records_synthetic,1.0
P001,CALLED,P041,call_records_synthetic,1.0
P001,CALLED,P041,call_records_synthetic,1.0
P037,CALLED,P041,call_records_synthetic,1.0
P037,CALLED,P041,call_records_synthetic,1.0
P037,CALLED,P041,call_records_synthetic,1.0
P037,CALLED,P041,call_records_synthetic,1.0
P037,CALLED,P041,call_records_synthetic,1.0
P093,CALLED,P041,call_records_synthetic,1.0
P043,CALLED,P041,call_records_synthetic,1.0
P012,CALLED,P027,call_records_synthetic,1.0
P012,CALLED,P027,call_records_synthetic,1.0
P037,CALLED,P027,call_records_synthetic,1.0
P037,CALLED,P027,call_records_synthetic,1.0
P037,CALLED,P027,call_records_synthetic,1.0
P037,CALLED,P027,call_records_synthetic,1.0
P041,CALLED,P027,call_records_synthetic,1.0
P041,CALLED,P027,call_records_synthetic,1.0
P041,CALLED,P027,call_records_synthetic,1.0
P041,CALLED,P027,call_records_synthetic,1.0
P037,CALLED,P093,call_records_synthetic,1.0
P037,CALLED,P093,call_records_synthetic,1.0
P037,CALLED,P093,call_records_synthetic,1.0
P037,CALLED,P093,call_records_synthetic,1.0
P037,CALLED,P093,call_records_synthetic,1.0
P041,CALLED,P093,call_records_synthetic,1.0
P041,CALLED,P093,call_records_synthetic,1.0
P041,CALLED,P093,call_records_synthetic,1.0
P079,CALLED,P102,call_records_synthetic,1.0
P101,CALLED,P102,call_records_synthetic,1.0
P101,CALLED,P102,call_records_synthetic,1.0
P101,CALLED,P102,call_records_synthetic,1.0
P076,CALLED,P072,call_records_synthetic,1.0
P076,CALLED,P072,call_records_synthetic,1.0
P012,CALLED,P026,call_records_synthetic,1.0
P012,CALLED,P026,call_records_synthetic,1.0
P041,CALLED,P094,call_records_synthetic,1.0
P041,CALLED,P094,call_records_synthetic,1.0
P041,CALLED,P094,call_records_synthetic,1.0
P041,CALLED,P094,call_records_synthetic,1.0
P041,CALLED,P094,call_records_synthetic,1.0
P041,CALLED,P092,call_records_synthetic,1.0
P041,CALLED,P092,call_records_synthetic,1.0
P041,CALLED,P092,call_records_synthetic,1.0
P041,CALLED,P092,call_records_synthetic,1.0
P041,CALLED,P092,call_records_synthetic,1.0
P012,CALLED,P066,call_records_synthetic,1.0
P012,CALLED,P066,call_records_synthetic,1.0
P012,CALLED,P066,call_records_synthetic,1.0
P012,CALLED,P066,call_records_synthetic,1.0
P012,CALLED,P065,call_records_synthetic,1.0
P001,LOCATED_AT,LOC-0001,locations_synthetic,1.0
P001,LOCATED_AT,LOC-0002,locations_synthetic,1.0
P001,LOCATED_AT,LOC-0003,locations_synthetic,1.0
P002,LOCATED_AT,LOC-0004,locations_synthetic,1.0
P002,LOCATED_AT,LOC-0005,locations_synthetic,1.0
P002,LOCATED_AT,LOC-0006,locations_synthetic,1.0
P003,LOCATED_AT,LOC-0007,locations_synthetic,1.0
P003,LOCATED_AT,LOC-0008,locations_synthetic,1.0
P003,LOCATED_AT,LOC-0009,locations_synthetic,1.0
P004,LOCATED_AT,LOC-0010,locations_synthetic,1.0
P004,LOCATED_AT,LOC-0011,locations_synthetic,1.0
P004,LOCATED_AT,LOC-0012,locations_synthetic,1.0
P005,LOCATED_AT,LOC-0013,locations_synthetic,1.0
P005,LOCATED_AT,LOC-0014,locations_synthetic,1.0
P005,LOCATED_AT,LOC-0015,locations_synthetic,1.0
P006,LOCATED_AT,LOC-0016,locations_synthetic,1.0
P006,LOCATED_AT,LOC-0017,locations_synthetic,1.0
P006,LOCATED_AT,LOC-0018,locations_synthetic,1.0
P007,LOCATED_AT,LOC-0019,locations_synthetic,1.0
P007,LOCATED_AT,LOC-0020,locations_synthetic,1.0
P007,LOCATED_AT,LOC-0021,locations_synthetic,1.0
P008,LOCATED_AT,LOC-0022,locations_synthetic,1.0
P008,LOCATED_AT,LOC-0023,locations_synthetic,1.0
P008,LOCATED_AT,LOC-0024,locations_synthetic,1.0
P009,LOCATED_AT,LOC-0025,locations_synthetic,1.0
P009,LOCATED_AT,LOC-0026,locations_synthetic,1.0
P009,LOCATED_AT,LOC-0027,locations_synthetic,1.0
P010,LOCATED_AT,LOC-0028,locations_synthetic,1.0
P010,LOCATED_AT,LOC-0029,locations_synthetic,1.0
P010,LOCATED_AT,LOC-0030,locations_synthetic,1.0
P011,LOCATED_AT,LOC-0031,locations_synthetic,1.0
P011,LOCATED_AT,LOC-0032,locations_synthetic,1.0
P011,LOCATED_AT,LOC-0033,locations_synthetic,1.0
P012,LOCATED_AT,LOC-0034,locations_synthetic,1.0
P012,LOCATED_AT,LOC-0035,locations_synthetic,1.0
P012,LOCATED_AT,LOC-0036,locations_synthetic,1.0
P013,LOCATED_AT,LOC-0037,locations_synthetic,1.0
P013,LOCATED_AT,LOC-0038,locations_synthetic,1.0
P013,LOCATED_AT,LOC-0039,locations_synthetic,1.0
P014,LOCATED_AT,LOC-0040,locations_synthetic,1.0
P014,LOCATED_AT,LOC-0041,locations_synthetic,1.0
P014,LOCATED_AT,LOC-0042,locations_synthetic,1.0
P015,LOCATED_AT,LOC-0043,locations_synthetic,1.0
P015,LOCATED_AT,LOC-0044,locations_synthetic,1.0
P015,LOCATED_AT,LOC-0045,locations_synthetic,1.0
P016,LOCATED_AT,LOC-0046,locations_synthetic,1.0
P016,LOCATED_AT,LOC-0047,locations_synthetic,1.0
P016,LOCATED_AT,LOC-0048,locations_synthetic,1.0
P017,LOCATED_AT,LOC-0049,locations_synthetic,1.0
P017,LOCATED_AT,LOC-0050,locations_synthetic,1.0
P017,LOCATED_AT,LOC-0051,locations_synthetic,1.0
P018,LOCATED_AT,LOC-0052,locations_synthetic,1.0
P018,LOCATED_AT,LOC-0053,locations_synthetic,1.0
P018,LOCATED_AT,LOC-0054,locations_synthetic,1.0
P019,LOCATED_AT,LOC-0055,locations_synthetic,1.0
P019,LOCATED_AT,LOC-0056,locations_synthetic,1.0
P019,LOCATED_AT,LOC-0057,locations_synthetic,1.0
P020,LOCATED_AT,LOC-0058,locations_synthetic,1.0
P020,LOCATED_AT,LOC-0059,locations_synthetic,1.0
P020,LOCATED_AT,LOC-0060,locations_synthetic,1.0
P021,LOCATED_AT,LOC-0061,locations_synthetic,1.0
P021,LOCATED_AT,LOC-0062,locations_synthetic,1.0
P021,LOCATED_AT,LOC-0063,locations_synthetic,1.0
P022,LOCATED_AT,LOC-0064,locations_synthetic,1.0
P022,LOCATED_AT,LOC-0065,locations_synthetic,1.0
P022,LOCATED_AT,LOC-0066,locations_synthetic,1.0
P023,LOCATED_AT,LOC-0067,locations_synthetic,1.0
P023,LOCATED_AT,LOC-0068,locations_synthetic,1.0
P023,LOCATED_AT,LOC-0069,locations_synthetic,1.0
P024,LOCATED_AT,LOC-0070,locations_synthetic,1.0
P024,LOCATED_AT,LOC-0071,locations_synthetic,1.0
P024,LOCATED_AT,LOC-0072,locations_synthetic,1.0
P025,LOCATED_AT,LOC-0073,locations_synthetic,1.0
P025,LOCATED_AT,LOC-0074,locations_synthetic,1.0
P025,LOCATED_AT,LOC-0075,locations_synthetic,1.0
P026,LOCATED_AT,LOC-0076,locations_synthetic,1.0
P026,LOCATED_AT,LOC-0077,locations_synthetic,1.0
P026,LOCATED_AT,LOC-0078,locations_synthetic,1.0
P027,LOCATED_AT,LOC-0079,locations_synthetic,1.0
P027,LOCATED_AT,LOC-0080,locations_synthetic,1.0
P027,LOCATED_AT,LOC-0081,locations_synthetic,1.0
P028,LOCATED_AT,LOC-0082,locations_synthetic,1.0
P028,LOCATED_AT,LOC-0083,locations_synthetic,1.0
P028,LOCATED_AT,LOC-0084,locations_synthetic,1.0
P029,LOCATED_AT,LOC-0085,locations_synthetic,1.0
P029,LOCATED_AT,LOC-0086,locations_synthetic,1.0
P029,LOCATED_AT,LOC-0087,locations_synthetic,1.0
P030,LOCATED_AT,LOC-0088,locations_synthetic,1.0
P030,LOCATED_AT,LOC-0089,locations_synthetic,1.0
P030,LOCATED_AT,LOC-0090,locations_synthetic,1.0
P031,LOCATED_AT,LOC-0091,locations_synthetic,1.0
P031,LOCATED_AT,LOC-0092,locations_synthetic,1.0
P031,LOCATED_AT,LOC-0093,locations_synthetic,1.0
P032,LOCATED_AT,LOC-0094,locations_synthetic,1.0
P032,LOCATED_AT,LOC-0095,locations_synthetic,1.0
P032,LOCATED_AT,LOC-0096,locations_synthetic,1.0
P033,LOCATED_AT,LOC-0097,locations_synthetic,1.0
P033,LOCATED_AT,LOC-0098,locations_synthetic,1.0
P033,LOCATED_AT,LOC-0099,locations_synthetic,1.0
P034,LOCATED_AT,LOC-0100,locations_synthetic,1.0
P034,LOCATED_AT,LOC-0101,locations_synthetic,1.0
P034,LOCATED_AT,LOC-0102,locations_synthetic,1.0
P035,LOCATED_AT,LOC-0103,locations_synthetic,1.0
P035,LOCATED_AT,LOC-0104,locations_synthetic,1.0
P035,LOCATED_AT,LOC-0105,locations_synthetic,1.0
P036,LOCATED_AT,LOC-0106,locations_synthetic,1.0
P036,LOCATED_AT,LOC-0107,locations_synthetic,1.0
P036,LOCATED_AT,LOC-0108,locations_synthetic,1.0
P037,LOCATED_AT,LOC-0109,locations_synthetic,1.0
P037,LOCATED_AT,LOC-0110,locations_synthetic,1.0
P037,LOCATED_AT,LOC-0111,locations_synthetic,1.0
P038,LOCATED_AT,LOC-0112,locations_synthetic,1.0
P038,LOCATED_AT,LOC-0113,locations_synthetic,1.0
P038,LOCATED_AT,LOC-0114,locations_synthetic,1.0
P039,LOCATED_AT,LOC-0115,locations_synthetic,1.0
P039,LOCATED_AT,LOC-0116,locations_synthetic,1.0
P039,LOCATED_AT,LOC-0117,locations_synthetic,1.0
P040,LOCATED_AT,LOC-0118,locations_synthetic,1.0
P040,LOCATED_AT,LOC-0119,locations_synthetic,1.0
P040,LOCATED_AT,LOC-0120,locations_synthetic,1.0
P041,LOCATED_AT,LOC-0121,locations_synthetic,1.0
P041,LOCATED_AT,LOC-0122,locations_synthetic,1.0
P041,LOCATED_AT,LOC-0123,locations_synthetic,1.0
P042,LOCATED_AT,LOC-0124,locations_synthetic,1.0
P042,LOCATED_AT,LOC-0125,locations_synthetic,1.0
P042,LOCATED_AT,LOC-0126,locations_synthetic,1.0
P043,LOCATED_AT,LOC-0127,locations_synthetic,1.0
P043,LOCATED_AT,LOC-0128,locations_synthetic,1.0
P043,LOCATED_AT,LOC-0129,locations_synthetic,1.0
P044,LOCATED_AT,LOC-0130,locations_synthetic,1.0
P044,LOCATED_AT,LOC-0131,locations_synthetic,1.0
P044,LOCATED_AT,LOC-0132,locations_synthetic,1.0
P045,LOCATED_AT,LOC-0133,locations_synthetic,1.0
P045,LOCATED_AT,LOC-0134,locations_synthetic,1.0
P045,LOCATED_AT,LOC-0135,locations_synthetic,1.0
P046,LOCATED_AT,LOC-0136,locations_synthetic,1.0
P046,LOCATED_AT,LOC-0137,locations_synthetic,1.0
P046,LOCATED_AT,LOC-0138,locations_synthetic,1.0
P047,LOCATED_AT,LOC-0139,locations_synthetic,1.0
P047,LOCATED_AT,LOC-0140,locations_synthetic,1.0
P047,LOCATED_AT,LOC-0141,locations_synthetic,1.0
P048,LOCATED_AT,LOC-0142,locations_synthetic,1.0
P048,LOCATED_AT,LOC-0143,locations_synthetic,1.0
P048,LOCATED_AT,LOC-0144,locations_synthetic,1.0
P049,LOCATED_AT,LOC-0145,locations_synthetic,1.0
P049,LOCATED_AT,LOC-0146,locations_synthetic,1.0
P049,LOCATED_AT,LOC-0147,locations_synthetic,1.0
P050,LOCATED_AT,LOC-0148,locations_synthetic,1.0
P050,LOCATED_AT,LOC-0149,locations_synthetic,1.0
P050,LOCATED_AT,LOC-0150,locations_synthetic,1.0
P051,LOCATED_AT,LOC-0151,locations_synthetic,1.0
P051,LOCATED_AT,LOC-0152,locations_synthetic,1.0
P051,LOCATED_AT,LOC-0153,locations_synthetic,1.0
P052,LOCATED_AT,LOC-0154,locations_synthetic,1.0
P052,LOCATED_AT,LOC-0155,locations_synthetic,1.0
P052,LOCATED_AT,LOC-0156,locations_synthetic,1.0
P053,LOCATED_AT,LOC-0157,locations_synthetic,1.0
P053,LOCATED_AT,LOC-0158,locations_synthetic,1.0
P053,LOCATED_AT,LOC-0159,locations_synthetic,1.0
P054,LOCATED_AT,LOC-0160,locations_synthetic,1.0
P054,LOCATED_AT,LOC-0161,locations_synthetic,1.0
P054,LOCATED_AT,LOC-0162,locations_synthetic,1.0
P055,LOCATED_AT,LOC-0163,locations_synthetic,1.0
P055,LOCATED_AT,LOC-0164,locations_synthetic,1.0
P055,LOCATED_AT,LOC-0165,locations_synthetic,1.0
P056,LOCATED_AT,LOC-0166,locations_synthetic,1.0
P056,LOCATED_AT,LOC-0167,locations_synthetic,1.0
P056,LOCATED_AT,LOC-0168,locations_synthetic,1.0
P058,LOCATED_AT,LOC-0169,locations_synthetic,1.0
P058,LOCATED_AT,LOC-0170,locations_synthetic,1.0
P058,LOCATED_AT,LOC-0171,locations_synthetic,1.0
P059,LOCATED_AT,LOC-0172,locations_synthetic,1.0
P059,LOCATED_AT,LOC-0173,locations_synthetic,1.0
P059,LOCATED_AT,LOC-0174,locations_synthetic,1.0
P061,LOCATED_AT,LOC-0175,locations_synthetic,1.0
P061,LOCATED_AT,LOC-0176,locations_synthetic,1.0
P061,LOCATED_AT,LOC-0177,locations_synthetic,1.0
P062,LOCATED_AT,LOC-0178,locations_synthetic,1.0
P062,LOCATED_AT,LOC-0179,locations_synthetic,1.0
P062,LOCATED_AT,LOC-0180,locations_synthetic,1.0
P063,LOCATED_AT,LOC-0181,locations_synthetic,1.0
P063,LOCATED_AT,LOC-0182,locations_synthetic,1.0
P063,LOCATED_AT,LOC-0183,locations_synthetic,1.0
P064,LOCATED_AT,LOC-0184,locations_synthetic,1.0
P064,LOCATED_AT,LOC-0185,locations_synthetic,1.0
P064,LOCATED_AT,LOC-0186,locations_synthetic,1.0
P065,LOCATED_AT,LOC-0187,locations_synthetic,1.0
P065,LOCATED_AT,LOC-0188,locations_synthetic,1.0
P065,LOCATED_AT,LOC-0189,locations_synthetic,1.0
P066,LOCATED_AT,LOC-0190,locations_synthetic,1.0
P066,LOCATED_AT,LOC-0191,locations_synthetic,1.0
P066,LOCATED_AT,LOC-0192,locations_synthetic,1.0
P067,LOCATED_AT,LOC-0193,locations_synthetic,1.0
P067,LOCATED_AT,LOC-0194,locations_synthetic,1.0
P067,LOCATED_AT,LOC-0195,locations_synthetic,1.0
P068,LOCATED_AT,LOC-0196,locations_synthetic,1.0
P068,LOCATED_AT,LOC-0197,locations_synthetic,1.0
P068,LOCATED_AT,LOC-0198,locations_synthetic,1.0
P069,LOCATED_AT,LOC-0199,locations_synthetic,1.0
P069,LOCATED_AT,LOC-0200,locations_synthetic,1.0
P069,LOCATED_AT,LOC-0201,locations_synthetic,1.0
P070,LOCATED_AT,LOC-0202,locations_synthetic,1.0
P070,LOCATED_AT,LOC-0203,locations_synthetic,1.0
P070,LOCATED_AT,LOC-0204,locations_synthetic,1.0
P071,LOCATED_AT,LOC-0205,locations_synthetic,1.0
P071,LOCATED_AT,LOC-0206,locations_synthetic,1.0
P071,LOCATED_AT,LOC-0207,locations_synthetic,1.0
P072,LOCATED_AT,LOC-0208,locations_synthetic,1.0
P072,LOCATED_AT,LOC-0209,locations_synthetic,1.0
P072,LOCATED_AT,LOC-0210,locations_synthetic,1.0
P073,LOCATED_AT,LOC-0211,locations_synthetic,1.0
P073,LOCATED_AT,LOC-0212,locations_synthetic,1.0
P073,LOCATED_AT,LOC-0213,locations_synthetic,1.0
P074,LOCATED_AT,LOC-0214,locations_synthetic,1.0
P074,LOCATED_AT,LOC-0215,locations_synthetic,1.0
P074,LOCATED_AT,LOC-0216,locations_synthetic,1.0
P075,LOCATED_AT,LOC-0217,locations_synthetic,1.0
P075,LOCATED_AT,LOC-0218,locations_synthetic,1.0
P075,LOCATED_AT,LOC-0219,locations_synthetic,1.0
P076,LOCATED_AT,LOC-0220,locations_synthetic,1.0
P076,LOCATED_AT,LOC-0221,locations_synthetic,1.0
P076,LOCATED_AT,LOC-0222,locations_synthetic,1.0
P077,LOCATED_AT,LOC-0223,locations_synthetic,1.0
P077,LOCATED_AT,LOC-0224,locations_synthetic,1.0
P077,LOCATED_AT,LOC-0225,locations_synthetic,1.0
P078,LOCATED_AT,LOC-0226,locations_synthetic,1.0
P078,LOCATED_AT,LOC-0227,locations_synthetic,1.0
P078,LOCATED_AT,LOC-0228,locations_synthetic,1.0
P079,LOCATED_AT,LOC-0229,locations_synthetic,1.0
P079,LOCATED_AT,LOC-0230,locations_synthetic,1.0
P079,LOCATED_AT,LOC-0231,locations_synthetic,1.0
P080,LOCATED_AT,LOC-0232,locations_synthetic,1.0
P080,LOCATED_AT,LOC-0233,locations_synthetic,1.0
P080,LOCATED_AT,LOC-0234,locations_synthetic,1.0
P081,LOCATED_AT,LOC-0235,locations_synthetic,1.0
P081,LOCATED_AT,LOC-0236,locations_synthetic,1.0
P081,LOCATED_AT,LOC-0237,locations_synthetic,1.0
P082,LOCATED_AT,LOC-0238,locations_synthetic,1.0
P082,LOCATED_AT,LOC-0239,locations_synthetic,1.0
P082,LOCATED_AT,LOC-0240,locations_synthetic,1.0
P083,LOCATED_AT,LOC-0241,locations_synthetic,1.0
P083,LOCATED_AT,LOC-0242,locations_synthetic,1.0
P083,LOCATED_AT,LOC-0243,locations_synthetic,1.0
P084,LOCATED_AT,LOC-0244,locations_synthetic,1.0
P084,LOCATED_AT,LOC-0245,locations_synthetic,1.0
P084,LOCATED_AT,LOC-0246,locations_synthetic,1.0
P085,LOCATED_AT,LOC-0247,locations_synthetic,1.0
P085,LOCATED_AT,LOC-0248,locations_synthetic,1.0
P085,LOCATED_AT,LOC-0249,locations_synthetic,1.0
P086,LOCATED_AT,LOC-0250,locations_synthetic,1.0
P086,LOCATED_AT,LOC-0251,locations_synthetic,1.0
P086,LOCATED_AT,LOC-0252,locations_synthetic,1.0
P087,LOCATED_AT,LOC-0253,locations_synthetic,1.0
P087,LOCATED_AT,LOC-0254,locations_synthetic,1.0
P087,LOCATED_AT,LOC-0255,locations_synthetic,1.0
P088,LOCATED_AT,LOC-0256,locations_synthetic,1.0
P088,LOCATED_AT,LOC-0257,locations_synthetic,1.0
P088,LOCATED_AT,LOC-0258,locations_synthetic,1.0
P089,LOCATED_AT,LOC-0259,locations_synthetic,1.0
P089,LOCATED_AT,LOC-0260,locations_synthetic,1.0
P089,LOCATED_AT,LOC-0261,locations_synthetic,1.0
P090,LOCATED_AT,LOC-0262,locations_synthetic,1.0
P090,LOCATED_AT,LOC-0263,locations_synthetic,1.0
P090,LOCATED_AT,LOC-0264,locations_synthetic,1.0
P091,LOCATED_AT,LOC-0265,locations_synthetic,1.0
P091,LOCATED_AT,LOC-0266,locations_synthetic,1.0
P091,LOCATED_AT,LOC-0267,locations_synthetic,1.0
P092,LOCATED_AT,LOC-0268,locations_synthetic,1.0
P092,LOCATED_AT,LOC-0269,locations_synthetic,1.0
P092,LOCATED_AT,LOC-0270,locations_synthetic,1.0
P093,LOCATED_AT,LOC-0271,locations_synthetic,1.0
P093,LOCATED_AT,LOC-0272,locations_synthetic,1.0
P093,LOCATED_AT,LOC-0273,locations_synthetic,1.0
P094,LOCATED_AT,LOC-0274,locations_synthetic,1.0
P094,LOCATED_AT,LOC-0275,locations_synthetic,1.0
P094,LOCATED_AT,LOC-0276,locations_synthetic,1.0
P095,LOCATED_AT,LOC-0277,locations_synthetic,1.0
P095,LOCATED_AT,LOC-0278,locations_synthetic,1.0
P095,LOCATED_AT,LOC-0279,locations_synthetic,1.0
P096,LOCATED_AT,LOC-0280,locations_synthetic,1.0
P096,LOCATED_AT,LOC-0281,locations_synthetic,1.0
P096,LOCATED_AT,LOC-0282,locations_synthetic,1.0
P097,LOCATED_AT,LOC-0283,locations_synthetic,1.0
P097,LOCATED_AT,LOC-0284,locations_synthetic,1.0
P097,LOCATED_AT,LOC-0285,locations_synthetic,1.0
P098,LOCATED_AT,LOC-0286,locations_synthetic,1.0
P098,LOCATED_AT,LOC-0287,locations_synthetic,1.0
P098,LOCATED_AT,LOC-0288,locations_synthetic,1.0
P099,LOCATED_AT,LOC-0289,locations_synthetic,1.0
P099,LOCATED_AT,LOC-0290,locations_synthetic,1.0
P099,LOCATED_AT,LOC-0291,locations_synthetic,1.0
P100,LOCATED_AT,LOC-0292,locations_synthetic,1.0
P100,LOCATED_AT,LOC-0293,locations_synthetic,1.0
P100,LOCATED_AT,LOC-0294,locations_synthetic,1.0
P101,LOCATED_AT,LOC-0295,locations_synthetic,1.0
P101,LOCATED_AT,LOC-0296,locations_synthetic,1.0
P101,LOCATED_AT,LOC-0297,locations_synthetic,1.0
P102,LOCATED_AT,LOC-0298,locations_synthetic,1.0
P102,LOCATED_AT,LOC-0299,locations_synthetic,1.0
P102,LOCATED_AT,LOC-0300,locations_synthetic,1.0
P103,LOCATED_AT,LOC-0301,locations_synthetic,1.0
P103,LOCATED_AT,LOC-0302,locations_synthetic,1.0
P103,LOCATED_AT,LOC-0303,locations_synthetic,1.0
P104,LOCATED_AT,LOC-0304,locations_synthetic,1.0
P104,LOCATED_AT,LOC-0305,locations_synthetic,1.0
P104,LOCATED_AT,LOC-0306,locations_synthetic,1.0
P105,LOCATED_AT,LOC-0307,locations_synthetic,1.0
P105,LOCATED_AT,LOC-0308,locations_synthetic,1.0
P105,LOCATED_AT,LOC-0309,locations_synthetic,1.0
P106,LOCATED_AT,LOC-0310,locations_synthetic,1.0
P106,LOCATED_AT,LOC-0311,locations_synthetic,1.0
P106,LOCATED_AT,LOC-0312,locations_synthetic,1.0
P107,LOCATED_AT,LOC-0313,locations_synthetic,1.0
P107,LOCATED_AT,LOC-0314,locations_synthetic,1.0
P107,LOCATED_AT,LOC-0315,locations_synthetic,1.0
P108,LOCATED_AT,LOC-0316,locations_synthetic,1.0
P108,LOCATED_AT,LOC-0317,locations_synthetic,1.0
P108,LOCATED_AT,LOC-0318,locations_synthetic,1.0
P109,LOCATED_AT,LOC-0319,locations_synthetic,1.0
P109,LOCATED_AT,LOC-0320,locations_synthetic,1.0
P109,LOCATED_AT,LOC-0321,locations_synthetic,1.0
