document_id,document_type,text,source,entity_id,vector_status
FIR-Airport-PSAIRPORT-0004-2017-2711-1-jpg,FIR,399/402 Ipc And 25(I)(A)/27 Arms Act | Si Sahabuddin Mondal,FIR_details.json,,PENDING
FIR-Airport-PSAIRPORT-0004-2018-3503-1-jpg,FIR,Airport | 2018 | 420/406/120B Ipc | Monodip Das Gupta,FIR_details.json,,PENDING
FIR-Airport-PSAIRPORT-0005-2017-3336-1-jpg,FIR,323/380/506/120B Ipc | Sri Indranil Roy,FIR_details.json,,PENDING
FIR-Airport-PSAIRPORT-0005-2018-1983-1-jpg,FIR,Airport | 2018 | Rubina Laskar,FIR_details.json,,PENDING
FIR-Airport-PSAIRPORT-0006-2017-3301-1-jpg,FIR,498A/448/326 Ipc,FIR_details.json,,PENDING
FIR-Airport-PSAIRPORT-0006-2018-1899-1-jpg,FIR,Airport | 2018 | 323/307/497/498A/406/506/34 And 3/4 Dp Act | Nasima Khatun,FIR_details.json,,PENDING
FIR-Airport-PSAIRPORT-0007-2017-3336-1-jpg,FIR,Airport | 341/354/354B Ipc | Susmita Ghosh,FIR_details.json,,PENDING
FIR-Airport-PSAIRPORT-0007-2018-1932-1-jpg,FIR,Airport | 2018 | Dipankar Sardar,FIR_details.json,,PENDING
FIR-Airport-PSAIRPORT-0008-2017-3243-1-jpg,FIR,Airport | 279/304A/427 Ipc | Bivash Kumar Jha,FIR_details.json,,PENDING
FIR-Airport-PSAIRPORT-0008-2018-2110-1-jpg,FIR,Shibashis Das,FIR_details.json,,PENDING
FIR-Airport-PSAIRPORT-0009-2017-3638-1-jpg,FIR,Airport | 2017 | Minoti Biswas,FIR_details.json,,PENDING
FIR-Airport-PSAIRPORT-0009-2018-3628-1-jpg,FIR,Airport | 2018 | 420/406/120B Ipc | Chiranjib Bhattacharjee,FIR_details.json,,PENDING
FIR-Airport-PSAIRPORT-0010-2017-3678-1-jpg,FIR,Airport | 399/402 Ipc And 25(I)A/27 Arms Act. | Si Sahabuddin Mondal,FIR_details.json,,PENDING
FIR-Airport-PSAIRPORT-0010-2018-3706-1-jpg,FIR,Airport | 2018 | 279/338 Ipc | Sudip Das,FIR_details.json,,PENDING
FIR-Airport-PSAIRPORT-0011-2017-4014-1-jpg,FIR,Airport | 2017 | 420/406/323/379/506/34 Ipc | Prabbajika Dayamata,FIR_details.json,,PENDING
FIR-Airport-PSAIRPORT-0011-2018-3453-1-jpg,FIR,Airport | 2018 | 399/402 Ipc | Sahabuddin Mondal,FIR_details.json,,PENDING
FIR-Airport-PSAIRPORT-0012-2017-4052-1-jpg,FIR,Airport | 2017 | 135(I)(A) Electricity Act 2003 Read With Amendment | Souvik Chakraborty,FIR_details.json,,PENDING
FIR-Airport-PSAIRPORT-0012-2018-3495-1-jpg,FIR,Airport | 2018 | 341/325/307/506/34 Ipc | Biswajit Ghosh,FIR_details.json,,PENDING
FIR-Airport-PSAIRPORT-0013-2017-4063-1-jpg,FIR,Airport | 2017 | Souvik Chakraborty,FIR_details.json,,PENDING
FIR-Airport-PSAIRPORT-0013-2018-3843-1-jpg,FIR,Airport | 2018 | Azizul Haque Tarafdar,FIR_details.json,,PENDING
FIR-Airport-PSAIRPORT-0014-2017-4221-1-jpg,FIR,Airport | 341/323/506 Ipc | Biswajit Halder,FIR_details.json,,PENDING
FIR-Airport-PSAIRPORT-0014-2018-4861-1-jpg,FIR,Airport | 2018 | 279/337/338/427 Ipc | Tarkeswar Mahato,FIR_details.json,,PENDING
FIR-Airport-PSAIRPORT-0015-2017-4215-1-jpg,FIR,Airport | 2017 | Souvik Chakraborty,FIR_details.json,,PENDING
FIR-Airport-PSAIRPORT-0015-2018-5219-1-jpg,FIR,Airport | 2018 | 354A/506 Ipc | Koyel Das,FIR_details.json,,PENDING
FIR-Airport-PSAIRPORT-0016-2017-4225-1-jpg,FIR,Airport | 2017 | 135(I)(A)And (B)Electritycity Act 2003 Read With Ammendment Of 2007 | Souvik Chakraborty,FIR_details.json,,PENDING
FIR-Airport-PSAIRPORT-0016-2018-5562-1-jpg,FIR,Airport | 2018 | 188 Ipc And 46 (A)(C) B.E. | Sahabuddin Mondal,FIR_details.json,,PENDING
FIR-Airport-PSAIRPORT-0017-2017-4472-1-jpg,FIR,Airport | 2017 | Sri Souvik Chakraborty,FIR_details.json,,PENDING
FIR-Airport-PSAIRPORT-0017-2018-6685-1-jpg,FIR,Airport | 2018 | 420/406/34 Ipc | Debdas Roy Chowdhury,FIR_details.json,,PENDING
FIR-Airport-PSAIRPORT-0018-2017-1390-1-jpg,FIR,Airport | 2017 | 418/420/406/506/120B | Haran Ul Rashid,FIR_details.json,,PENDING
FIR-Airport-PSAIRPORT-0018-2018-9649-1-jpg,FIR,Airport | 2018 | 379 Ipc,FIR_details.json,,PENDING
FIR-Airport-PSAIRPORT-0019-2017-4398-1-jpg,FIR,Airport | 420/406/323/120B/34 Ipc | Sri Deepak Kumar Kantilal,FIR_details.json,,PENDING
FIR-Airport-PSAIRPORT-0019-2018-1020-1-jpg,FIR,Airport | 2018 | 147/148/323/354/379/506 43 Ipc | Ashma Khatoon,FIR_details.json,,PENDING
FIR-Airport-PSAIRPORT-0020-2017-4612-1-jpg,FIR,Airport | 2017 | 14 Foreighners Act | Si Sahabuddin Mondal,FIR_details.json,,PENDING
FIR-Airport-PSAIRPORT-0020-2018-9535-1-jpg,FIR,Airport | 2018 | 447/385/506/34 Ipc And 25/27 Arms Act | Bijon Kumar Das,FIR_details.json,,PENDING
FIR-Airport-PSAIRPORT-0021-2017-4783-1-jpg,FIR,Airport | 2017 | 114/116/323/352/386/506 And 120B Ipc And 1860 Read With See 8 And 12 Of Posco Act | Abhijit Saha,FIR_details.json,,PENDING
FIR-Airport-PSAIRPORT-0021-2018-2312-1-jpg,FIR,Airport | 2018 | 341/323/325/506/34 Ipc | Tutun Podder,FIR_details.json,,PENDING
FIR-Airport-PSAIRPORT-0022-2017-4797-1-jpg,FIR,Airport | 2017 | 498A/406 Ipc | Sikha Das,FIR_details.json,,PENDING
FIR-Airport-PSAIRPORT-0022-2018-2306-1-jpg,FIR,Airport | 2018 | 341/323/325/506/34 Ipc | Arindam Mukherjee,FIR_details.json,,PENDING
FIR-Airport-PSAIRPORT-0023-2018-2380-1-jpg,FIR,Airport | 2018 | 279/337/338/427 Ipc | Abid Ali,FIR_details.json,,PENDING
FIR-Airport-PSAIRPORT-0024-2017-5230-1-jpg,FIR,Airport | 2017 | Birupakshya Sanyal,FIR_details.json,,PENDING
FIR-Airport-PSAIRPORT-0024-2018-2372-1-jpg,FIR,Airport | 2018 | 279/338 Ipc | Dilip Ghosh,FIR_details.json,,PENDING
FIR-Airport-PSAIRPORT-0025-2017-5144-1-jpg,FIR,Airport | 2017 | 341/323/279/338/186/322/506 Ipc | Bijoy Saha,FIR_details.json,,PENDING
FIR-Airport-PSAIRPORT-0026-2017-5762-1-jpg,FIR,Saraswati Das,FIR_details.json,,PENDING
FIR-Airport-PSAIRPORT-0026-2018-2718-1-jpg,FIR,Airport | 2018 | 341/325/354B/506/34 Ipc | Smt Nita De,FIR_details.json,,PENDING
FIR-Airport-PSAIRPORT-0027-2017-4310-1-jpg,FIR,Airport | 406/120B Ipc | Raghav Behal Proprietor Of Smp Traders,FIR_details.json,,PENDING
FIR-Airport-PSAIRPORT-0027-2018-3288-1-jpg,FIR,Airport | 2018 | 354 Ipc | Puja Mahali,FIR_details.json,,PENDING
FIR-Airport-PSAIRPORT-0028-2017-3873-1-jpg,FIR,Airport | 2017 | 279/338 Ipc | Tarsem Singh,FIR_details.json,,PENDING
FIR-Airport-PSAIRPORT-0028-2018-3687-1-jpg,FIR,Airport | 2018 | 341/325/354/506/34 Ipc | Salma Begam,FIR_details.json,,PENDING
FIR-Airport-PSAIRPORT-0029-2017-4006-1-jpg,FIR,Airport | 2017 | Sanjoy Singha Roy,FIR_details.json,,PENDING
FIR-Airport-PSAIRPORT-0029-2018-3721-1-jpg,FIR,Airport | 2018 | 147/148/149/448/427/354/435/436/380/506/120B Ipc | Sikander Chowdhury,FIR_details.json,,PENDING
FIR-Airport-PSAIRPORT-0030-2017-1970-1-jpg,FIR,Manas Kumar Gaswami,FIR_details.json,,PENDING
FIR-Airport-PSAIRPORT-0030-2018-3632-1-jpg,FIR,Airport | 2018 | Sampa Ghosh Palit,FIR_details.json,,PENDING
FIR-Airport-PSAIRPORT-0031-2018-3685-1-jpg,FIR,Airport | 2018 | 420/406 Ipc | Nemai Hazra,FIR_details.json,,PENDING
FIR-Airport-PSAIRPORT-0032-2017-1992-1-jpg,FIR,Airport,FIR_details.json,,PENDING
FIR-Airport-PSAIRPORT-0032-2018-3668-1-jpg,FIR,Airport | 2018 | 323/324/325/319/441/379/506 Ipc | Sree Bidhan Chandra Das,FIR_details.json,,PENDING
FIR-Airport-PSAIRPORT-0033-2017-1971-1-jpg,FIR,Smt Dola Chakraborty,FIR_details.json,,PENDING
FIR-Airport-PSAIRPORT-0033-2018-3668-1-jpg,FIR,Airport | 2018 | 420/468/471/120B Ipc | Md. Sirajul Islam,FIR_details.json,,PENDING
FIR-Airport-PSAIRPORT-0034-2017-1907-1-jpg,FIR,Airport | 2017 | 279/338/427 Ipc | Arun Bharati,FIR_details.json,,PENDING
FIR-Airport-PSAIRPORT-0034-2018-3706-1-jpg,FIR,Airport | 363/365 Ipc | Babram Parui,FIR_details.json,,PENDING
FIR-Airport-PSAIRPORT-0035-2017-1998-1-jpg,FIR,Airport | 2017 | Asim Chakraborty,FIR_details.json,,PENDING
FIR-Airport-PSAIRPORT-0035-2018-3809-1-jpg,FIR,Airport | 2018 | 341/323/325/354/427/506/34 Ipc | Mahasuna Begum,FIR_details.json,,PENDING
FIR-Airport-PSAIRPORT-0036-2017-2353-1-jpg,FIR,Airport | 2017 | Sourav Sarkar,FIR_details.json,,PENDING
FIR-Airport-PSAIRPORT-0036-2018-3858-1-jpg,FIR,Airport | 2018 | 341/324/307/120B/34 Ipc | Abdul Hannan,FIR_details.json,,PENDING
FIR-Airport-PSAIRPORT-0037-2017-2758-1-jpg,FIR,Airport | 2017 | 341/325/34 Ipc | Monirul Sapui,FIR_details.json,,PENDING
FIR-Airport-PSAIRPORT-0037-2018-3277-1-jpg,FIR,Airport | 2018 | Souvik Banerjee,FIR_details.json,,PENDING
FIR-Airport-PSAIRPORT-0038-2017-3070-1-jpg,FIR,Airport | 2017 | 341/326/307 Ipc | Debabrata Biswas,FIR_details.json,,PENDING
FIR-Airport-PSAIRPORT-0038-2018-3233-1-jpg,FIR,Airport | 2018 | 420/406/120B/34 Ipc | Prasanta Dey,FIR_details.json,,PENDING
FIR-Airport-PSAIRPORT-0039-2017-3123-1-jpg,FIR,Airport | 2017 | Si Basudeb Mokami,FIR_details.json,,PENDING
FIR-Airport-PSAIRPORT-0039-2018-3100-1-jpg,FIR,Airport | 2018,FIR_details.json,,PENDING
FIR-Airport-PSAIRPORT-0040-2017-3229-1-jpg,FIR,Airport | 279/338 | Sadhan Chatterjee,FIR_details.json,,PENDING
FIR-Airport-PSAIRPORT-0040-2018-3130-1-jpg,FIR,Airport | 2018 | 342/374/506 Ipc,FIR_details.json,,PENDING
FIR-Airport-PSAIRPORT-0041-2017-3309-1-jpg,FIR,Airport | 341/325/427/506/34 Ipc | Nazir Hossain,FIR_details.json,,PENDING
FIR-Airport-PSAIRPORT-0041-2018-3121-1-jpg,FIR,Airport | 2018 | 279/338/427 Ipc | Molla Saif Anjum,FIR_details.json,,PENDING
FIR-Airport-PSAIRPORT-0042-2017-3277-1-jpg,FIR,Airport | Sanjoy Ghosh,FIR_details.json,,PENDING
FIR-Airport-PSAIRPORT-0042-2018-3079-1-jpg,FIR,Airport | 2018 | 399/402 Ipc | Sahabuddin Mondal (Si Of Police),FIR_details.json,,PENDING
FIR-Airport-PSAIRPORT-0043-2017-3250-1-jpg,FIR,Airport | 2017 | 114/116/341/323/352/386/448/427/379/506 And 120B Ipc | Sri Abhijit Saha,FIR_details.json,,PENDING
FIR-Airport-PSAIRPORT-0043-2018-3085-1-jpg,FIR,Airport | 2018 | 279/338/427 Ipc | Ashwni Kumar (Constable Of Cisf),FIR_details.json,,PENDING
FIR-Airport-PSAIRPORT-0044-2017-4985-1-jpg,FIR,Nirmal Sarkar,FIR_details.json,,PENDING
FIR-Airport-PSAIRPORT-0044-2018-1206-1-jpg,FIR,Airport | 2018 | 379 | Krishna Kumar Gupta,FIR_details.json,,PENDING
FIR-Airport-PSAIRPORT-0045-2017-5032-1-jpg,FIR,Airport | 2017 | 323/406/506/34 Ipc | Pankaj Pal,FIR_details.json,,PENDING
FIR-Airport-PSAIRPORT-0045-2018-3130-1-jpg,FIR,Airport | 2018 | 498A/324/307 Ipc And 3/4 Dp Act. | Koyel Nandi (Mondal),FIR_details.json,,PENDING
FIR-Airport-PSAIRPORT-0046-2017-4970-1-jpg,FIR,Airport | 2017 | 20(B)(Ii)(C) Nd Act | Saumittra Ghosh (Si Of Police),FIR_details.json,,PENDING
FIR-Airport-PSAIRPORT-0046-2018-2859-1-jpg,FIR,Airport | 2018 | 420/406 Ipc | Rama Mishra,FIR_details.json,,PENDING
FIR-Airport-PSAIRPORT-0047-2017-4994-1-jpg,FIR,Airport | 2017 | 417/376/384/120B/506/34 Ipc | Subhra Dutta,FIR_details.json,,PENDING
FIR-Airport-PSAIRPORT-0047-2018-3672-1-jpg,FIR,Airport | 2018 | 451/323/324/327/380/506/120B/34 Pc | Jamena Bibi,FIR_details.json,,PENDING
FIR-Airport-PSAIRPORT-0048-2017-2735-1-jpg,FIR,Airport | 2017 | 279/338 Ipc | Biswajit Karmakar,FIR_details.json,,PENDING
FIR-Airport-PSAIRPORT-0048-2018-3695-1-jpg,FIR,Airport | 2018 | 135(1)(A)Of Electricity Act 2003 And Ammenment Of 2007 | Souvik Chakraborty (De And Staron Manager Wbsedcl),FIR_details.json,,PENDING
FIR-Airport-PSAIRPORT-0049-2017-1329-1-jpg,FIR,Airport | 2017 | 341/323/448/353/506/34 Ipc | Swapna Majumder,FIR_details.json,,PENDING
FIR-Airport-PSAIRPORT-0049-2018-3619-1-jpg,FIR,Airport | 2018 | 323/328/307/497/384/379/506 Ipc,FIR_details.json,,PENDING
FIR-Airport-PSAIRPORT-0050-2017-1335-1-jpg,FIR,Airport | 2017 | Narayan Malakar,FIR_details.json,,PENDING
FIR-Airport-PSAIRPORT-0050-2018-3683-1-jpg,FIR,Airport | 2018 | 323/326/307 Ipc | Nazir Ali,FIR_details.json,,PENDING
FIR-Airport-PSAIRPORT-0051-2017-1415-1-jpg,FIR,Airport | Samrat Paul,FIR_details.json,,PENDING
FIR-Airport-PSAIRPORT-0051-2018-3615-1-jpg,FIR,Airport | 2018 | 498A/406/323/34 Ipc | Nasima Bibi,FIR_details.json,,PENDING
FIR-Airport-PSAIRPORT-0052-2017-2718-1-jpg,FIR,Airport | 2017 | Md Julfikkar Ali,FIR_details.json,,PENDING
FIR-Airport-PSAIRPORT-0052-2018-3609-1-jpg,FIR,Airport | 2018 | 323/498A/406/120B Ipc | Smt.Mamota Sengupta (Ghosh),FIR_details.json,,PENDING
FIR-Airport-PSAIRPORT-0053-2017-2737-1-jpg,FIR,Airport | 2017 | 420/406/120B Ipc | Sri Samir Kumar Saha,FIR_details.json,,PENDING
FIR-Airport-PSAIRPORT-0053-2018-3700-1-jpg,FIR,Airport | 2018 | 494/323/325/379/354(B)/120(B)/34 Ipc | Rinky Ghosh,FIR_details.json,,PENDING
FIR-Airport-PSAIRPORT-0054-2017-2760-1-jpg,FIR,Airport | 2017 | 498A/323/506 Ipc | Alehar Bibi,FIR_details.json,,PENDING
FIR-Airport-PSAIRPORT-0054-2018-3634-1-jpg,FIR,Airport | 2018 | 323/325/379/419/420/506/509/120B Ipc | Jaydeep Rao,FIR_details.json,,PENDING
FIR-Baguiati-PS500-18-1-jpg,FIR,Baguiati | 2018 | Nitya Gopal Debnath,FIR_details.json,,PENDING
FIR-Baguiati-PS500-19-1-jpg,FIR,Baguiati | 2019 | 420/406/506 Ipc | Ramayan Chowdhury,FIR_details.json,,PENDING
FIR-Baguiati-PS500-2021-1-jpg,FIR,Baguiati | 2021 | 188/269/270/271/34 Ipc And 51 Of Disaster Management Act | Psi Tarun Kr Biswas Of Baguiati Ps,FIR_details.json,,PENDING
FIR-Baguiati-PS501-18-1-jpg,FIR,Baguiati | 2018 | 420/406 Ipc | Debu Prasad Mallick,FIR_details.json,,PENDING
FIR-Baguiati-PS501-19-1-jpg,FIR,Baguiati | 2019 | 341/325/506/34 Ipc | Dulal Krishna Das,FIR_details.json,,PENDING
FIR-Baguiati-PS501-2021-1-jpg,FIR,Baguiati | 2021 | 188/269/270/271/34 Ipc And 51 Of Disaster Management Act | Si Arabinda Kr Saha Of Baguiati Ps,FIR_details.json,,PENDING
FIR-Baguiati-PS502-18-1-jpg,FIR,Baguiati | 2018 | 363/365/323 Ipc | Gita Jaiswal,FIR_details.json,,PENDING
FIR-Baguiati-PS502-19-1-jpg,FIR,"Baguiati | 2019 | 341/186/506 Ipc | C/56 Biswajit Naksar , Baguiati T.G.,",FIR_details.json,,PENDING
FIR-Baguiati-PS502-2021-1-jpg,FIR,Baguiati | 2021 | 341/323/354B/506/509/34 Ipc | Sruti Kanodia,FIR_details.json,,PENDING
FIR-Baguiati-PS503-18-1-jpg,FIR,Baguiati | 2018 | 448/323/325/506 Ipc | Chaina Hazra,FIR_details.json,,PENDING
FIR-Baguiati-PS503-19-1-jpg,FIR,Baguiati | 2019 | Nilkanta Bose,FIR_details.json,,PENDING
FIR-Baguiati-PS503-2021-1-jpg,FIR,Baguiati | 2021 | Nisha Nahata,FIR_details.json,,PENDING
FIR-Baguiati-PS504-18-1-jpg,FIR,Baguiati | 2018 | 420/406/34 Ipc | Maidul Sarkar,FIR_details.json,,PENDING
FIR-Baguiati-PS504-19-1-jpg,FIR,Baguiati | 2019 | 341/325/506/34 Ipc | Parbati Shaw,FIR_details.json,,PENDING
FIR-Baguiati-PS504-2021-1-jpg,FIR,Baguiati | 451/452/323/506 Ipc | Bithika Dutta,FIR_details.json,,PENDING
FIR-Baguiati-PS505-18-1-jpg,FIR,Baguiati | 2018 | 341/323/427/506/34 Ipc | Paran Mondal,FIR_details.json,,PENDING
FIR-Baguiati-PS505-19-1-jpg,FIR,Baguiati | 2019 | 279/427 Ipc | C/464 Bappa Naskar,FIR_details.json,,PENDING
FIR-Baguiati-PS505-2021-1-jpg,FIR,Baguiati | 2021 | 498A/313/406 Ipc | Barna Poddar,FIR_details.json,,PENDING
FIR-Baguiati-PS506-18-1-jpg,FIR,"Baguiati | 2018 | 188 Ipc | Psi Abdu Hamid Molla Of Baguiati Ps, Bdn Pc",FIR_details.json,,PENDING
FIR-Baguiati-PS506-19-1-jpg,FIR,Baguiati | 2019 | 342/34 Ipc | Kavita Chopra,FIR_details.json,,PENDING
FIR-Baguiati-PS506-2021-1-jpg,FIR,Baguiati | 2021 | 498A/323/325/506 Ipc | Mabiya Bibi,FIR_details.json,,PENDING
FIR-Baguiati-PS507-18-1-jpg,FIR,Baguiati | 2018 | 420/406 Ipc | Bhibdu Kalyan Nath,FIR_details.json,,PENDING
FIR-Baguiati-PS507-19-1-jpg,FIR,Baguiati | 2019 | 302/201 Ipc | Sanjay Shaw,FIR_details.json,,PENDING
FIR-Baguiati-PS507-2021-1-jpg,FIR,Baguiati | 2021 | 188/269/270/271/34 Ipc And 51 Of Disaster Management Act | Si Dibyendu Ghosh Of Baguiati Ps,FIR_details.json,,PENDING
FIR-Baguiati-PS508-18-1-jpg,FIR,Baguiati | 2018 | 341/323/506/34 Ipc | Gauri Das,FIR_details.json,,PENDING
FIR-Baguiati-PS508-19-1-jpg,FIR,Baguiati | 2019 | 498A/306 Ipc | Ritesh Kumar,FIR_details.json,,PENDING
FIR-Baguiati-PS508-2021-1-jpg,FIR,Baguiati | 2021 | 188/269/270/271/34 Ipc And 51 Of Disaster Management Act | Si Sk Jakir Hossain Of Baguiati Ps,FIR_details.json,,PENDING
FIR-Baguiati-PS509-18-1-jpg,FIR,Baguiati | 2018 | 363/365/34 Ipc | Poly Bala,FIR_details.json,,PENDING
FIR-Baguiati-PS509-19-1-jpg,FIR,Baguiati | 2019 | 341/323/325/506/379/34 Ipc | Rishav Pandey,FIR_details.json,,PENDING
FIR-Baguiati-PS509-2021-1-jpg,FIR,Baguiati | 2021 | 341/323/506/34 Ipc | Partha Paul,FIR_details.json,,PENDING
FIR-Baguiati-PS510-18-1-jpg,FIR,Baguiati | 2018 | 420/406/120B Ipc | Rabindra Nath Guchait,FIR_details.json,,PENDING
FIR-Baguiati-PS510-19-1-jpg,FIR,"Baguiati | 2019 | 420/406/408/409 Ipc | Umang Sarangi, Authorised Signatory",FIR_details.json,,PENDING
FIR-Baguiati-PS510-2021-1-jpg,FIR,Baguiati | 2021 | 188/269/270/271/34 Ipc And 51 Of Disaster Management Act | Si Priya Darshan Ghosh Of Baguiati Ps,FIR_details.json,,PENDING
FIR-Baguiati-PS511-18-1-jpg,FIR,Baguiati | 2018 | 406 Ipc | Sujit Kr. Saha,FIR_details.json,,PENDING
FIR-Baguiati-PS511-19-1-jpg,FIR,Baguiati | 2019 | 420/406/408/409/120B Ipc | Arani Ganguly,FIR_details.json,,PENDING
FIR-Baguiati-PS511-2021-1-jpg,FIR,Baguiati | 2021 | 467/468/471/420/406/120B Ipc | Nityagopal Debnath,FIR_details.json,,PENDING
FIR-Baguiati-PS512-18-1-jpg,FIR,Baguiati | 2018 | 379 Ipc | Avijit Samanta,FIR_details.json,,PENDING
FIR-Baguiati-PS512-19-1-jpg,FIR,Baguiati | 2019 | 498A/323/506/34 Ipc | Smt Trish Dutta (Ghosh),FIR_details.json,,PENDING
FIR-Baguiati-PS512-2021-1-jpg,FIR,Baguiati | 2021 | Souvik Banerjee,FIR_details.json,,PENDING
FIR-Baguiati-PS513-18-1-jpg,FIR,Baguiati | 2018 | 370/370(A)/326/120B Ipc | Priyanka Ratudi,FIR_details.json,,PENDING
FIR-Baguiati-PS513-19-1-jpg,FIR,Baguiati | 2019 | 279/338/427 Ipc | Ejajul Tarafdar,FIR_details.json,,PENDING
FIR-Baguiati-PS513-2021-1-jpg,FIR,Baguiati | 2021 | 188/269/270/271/34 Ipc And 51 Of Disaster Management Act | Psi Subhankar Pal Of Baguiati Ps,FIR_details.json,,PENDING
FIR-Baguiati-PS514-18-1-jpg,FIR,"Baguiati | 2018 | 135(I)(A) Of Electricity Act, 2003 | Sanjukta Ghoshal",FIR_details.json,,PENDING
FIR-Baguiati-PS514-19-1-jpg,FIR,"Baguiati | 2019 | 341/186/188/506/34 Ipc | Si Jayanta Nath Saha, Baguiati P.S",FIR_details.json,,PENDING
FIR-Baguiati-PS514-2021-1-jpg,FIR,Baguiati | 2021 | 188/269/270/271/34 Ipc And 51 Of Disaster Management Act | Psi Malay Samajpati Of Baguiati Ps,FIR_details.json,,PENDING
FIR-Baguiati-PS515-18-1-jpg,FIR,Baguiati | 2018 | 498A/406/34 Ipc | Swarnali Acharjee,FIR_details.json,,PENDING
FIR-Baguiati-PS515-19-1-jpg,FIR,Baguiati | 2019 | 500/504/505(B) Ipc | Prosenjit Nag,FIR_details.json,,PENDING
FIR-Baguiati-PS516-18-1-jpg,FIR,Baguiati | 2018 | 341/323/34 Ipc | Payel Barari,FIR_details.json,,PENDING
FIR-Baguiati-PS516-19-1-jpg,FIR,Baguiati | 2019 | 420/120B Ipc | Srabonti Das,FIR_details.json,,PENDING
FIR-Baguiati-PS516-2021-1-jpg,FIR,Baguiati | 2021 | 188/269/270/271/34 Ipc And 51 Of Disaster Management Act | Psi Sanjoy Mukherjee Of Baguiati Ps,FIR_details.json,,PENDING
FIR-Baguiati-PS517-18-1-jpg,FIR,Baguiati | 2018 | 420 Ipc | Meeta Karmakar,FIR_details.json,,PENDING
FIR-Baguiati-PS517-19-1-jpg,FIR,Baguiati | 2019 | 341/506/34 Ipc | Md. Sabir,FIR_details.json,,PENDING
FIR-Baguiati-PS517-2021-1-jpg,FIR,Baguiati | 2021 | 498A/406 Ipc &Amp; 3/4 D.P. Act. | Prerna Sharma,FIR_details.json,,PENDING
FIR-Baguiati-PS518-18-1-jpg,FIR,Baguiati | 2018 | 379 Ipc | Dipankar Pramanick,FIR_details.json,,PENDING
FIR-Baguiati-PS518-19-1-jpg,FIR,Baguiati | 2019 | 341/506/323/325/379/307/34 Ipc | Barun Rajbanshi,FIR_details.json,,PENDING
FIR-Baguiati-PS518-2021-1-jpg,FIR,Baguiati | 2021 | 188/269/270/271/34 Ipc And 51 Of Disaster Management Act | Si Shyamal Banik Of Baguiati Ps,FIR_details.json,,PENDING
FIR-Baguiati-PS519-18-1-jpg,FIR,Baguiati | 2018 | 379/323/427/448/506 Ipc | Kamala Rani Paul,FIR_details.json,,PENDING
FIR-Baguiati-PS519-19-1-jpg,FIR,Baguiati | 2019 | 420/406/467/468/471/120B Ipc | A. Senapati Director Of Bashiga Realty Private Limited,FIR_details.json,,PENDING
FIR-Baguiati-PS519-2021-1-jpg,FIR,"Baguiati | 2021 | 46(A) B.E. Act | Si Prashant Kr. Mahatha Baguiati Ps, Bdn Pc",FIR_details.json,,PENDING
FIR-Baguiati-PS520-18-1-jpg,FIR,Baguiati | 2018 | 498A/406/34 Ipc | Aditi Brombha,FIR_details.json,,PENDING
FIR-Baguiati-PS520-19-1-jpg,FIR,Baguiati | 2019 | 279/338/427 Ipc | Priya Das,FIR_details.json,,PENDING
FIR-Baguiati-PS520-2021-1-jpg,FIR,Baguiati | 2021 | 188/269/270/271/34 Ipc And 51 Of Disaster Management Act | Si Ananda Mohan Paul Of Baguiati Ps,FIR_details.json,,PENDING
FIR-Baguiati-PS521-18-1-jpg,FIR,"Baguiati | 2018 | 135(I)(A)(B) Of Electricity Act, 2003 | Biron Roy",FIR_details.json,,PENDING
FIR-Baguiati-PS521-19-1-jpg,FIR,Baguiati | 2019 | 341/323/325/506/34 Ipc | Babita Sharma,FIR_details.json,,PENDING
FIR-Baguiati-PS521-2021-1-jpg,FIR,Baguiati | 2021 | Lalita Agarwal,FIR_details.json,,PENDING
FIR-Baguiati-PS522-18-1-jpg,FIR,Baguiati | 341/325/307/506 Ipc | Hapijul Rahman,FIR_details.json,,PENDING
FIR-Baguiati-PS522-19-1-jpg,FIR,Baguiati | 2019 | 341/323/325/506/34 Ipc | Sabita Sharma,FIR_details.json,,PENDING
FIR-Baguiati-PS522-2021-1-jpg,FIR,Baguiati | 2021 | 420/323/506 Ipc | Ramesh Chandra Behera,FIR_details.json,,PENDING
FIR-Baguiati-PS523-18-1-jpg,FIR,Baguiati | 2018 | 341/325/34 Ipc | Fatema Bibi,FIR_details.json,,PENDING
FIR-Baguiati-PS523-19-1-jpg,FIR,Baguiati | 2019 | 498A Ipc | Kalpana Singh,FIR_details.json,,PENDING
FIR-Baguiati-PS523-2021-1-jpg,FIR,Baguiati | 2021 | 420/406/120B/34 Ipc | Anand Prakash Gupta,FIR_details.json,,PENDING
FIR-Baguiati-PS524-18-1-jpg,FIR,Baguiati | 2018 | 279/337/323/427/34 Ipc | Srijan Ghosh,FIR_details.json,,PENDING
FIR-Baguiati-PS524-2021-1-jpg,FIR,Baguiati | 2021 | 399/402 Ipc | Psi Subhashish Sarkar Of Baguiati Ps,FIR_details.json,,PENDING
FIR-Baguiati-PS525-18-1-jpg,FIR,Baguiati | 2018 | 420/406 Ipc | Surajit Saha,FIR_details.json,,PENDING
FIR-Baguiati-PS525-2021-1-jpg,FIR,Baguiati | 2021 | 341/323/325/427/506/34 Ipc | Apurba Mondal,FIR_details.json,,PENDING
FIR-Baguiati-PS526-18-1-jpg,FIR,Baguiati | 2018 | 420/406/468/471/120 B Ipc | Biswanath Sen,FIR_details.json,,PENDING
FIR-Baguiati-PS526-2021-1-jpg,FIR,Baguiati | 2021 | 279/304A Ipc | Sanjib Ghosh,FIR_details.json,,PENDING
FIR-Baguiati-PS527-18-1-jpg,FIR,Baguiati | 2018 | 420/406/468/471/120 B Ipc | Biswanath Sen,FIR_details.json,,PENDING
FIR-Baguiati-PS527-19-1-jpg,FIR,Baguiati | 2019 | 448/323/325/506/34 Ipc | Dr. Santiranjan Biswas,FIR_details.json,,PENDING
FIR-Baguiati-PS527-2021-1-jpg,FIR,Baguiati | 2021 | 379 Ipc | Saikat Mondal,FIR_details.json,,PENDING
FIR-Baguiati-PS528-18-1-jpg,FIR,Baguiati | 2018 | 498 A/325/506/509/34 Ipc | Mayna Bibi,FIR_details.json,,PENDING
FIR-Baguiati-PS528-2021-1-jpg,FIR,Baguiati | 2021 | 341/326/506 Ipc | Angsupati Biswas,FIR_details.json,,PENDING
FIR-Baguiati-PS529-18-1-jpg,FIR,448/323/427/506/34 Ipc | Radha Debi Shaw,FIR_details.json,,PENDING
FIR-Baguiati-PS529-2021-1-jpg,FIR,Baguiati | 2021 | 406 Ipc | Smt. Sumana Dolui Nee Das,FIR_details.json,,PENDING
FIR-Baguiati-PS530-18-1-jpg,FIR,Baguiati | 2018 | 279/338/427/186/353/332/333/325/307/34 Ipc | Durga Mahali Asi Of Police,FIR_details.json,,PENDING
FIR-Baguiati-PS530-2021-1-jpg,FIR,Baguiati | 2021 | 341/323/506/34 Ipc | Sabera Bibi,FIR_details.json,,PENDING
FIR-Baguiati-PS531-18-1-jpg,FIR,Mousumi Sardar (Mandal),FIR_details.json,,PENDING
FIR-Baguiati-PS531-2021-1-jpg,FIR,Baguiati | 2021 | 498A/420/325/406 Ipc | Sumita Saha,FIR_details.json,,PENDING
FIR-Baguiati-PS532-18-1-jpg,FIR,Baguiati | 2018 | 147/323/427/504/506/34 Ipc | Krishna Biswas,FIR_details.json,,PENDING
FIR-Baguiati-PS532-2021-1-jpg,FIR,Baguiati | 2021 | 341/323/34 Ipc | Samad Mondal,FIR_details.json,,PENDING
FIR-Baguiati-PS533-18-1-jpg,FIR,Baguiati | 2018 | 448/323/325/506/34 Ipc | Smt. Anima Bibi,FIR_details.json,,PENDING
FIR-Baguiati-PS533-2021-1-jpg,FIR,Baguiati | 2021 | 341/323/325/34 Ipc | Sunita Shaw,FIR_details.json,,PENDING
FIR-Baguiati-PS534-18-1-jpg,FIR,Baguiati | 2018 | 341/323/506 Ipc | Meena Jaiswal,FIR_details.json,,PENDING
FIR-Baguiati-PS534-2021-1-jpg,FIR,Baguiati | 2021 | 341/447/323/325/354/427/504/509/34 Ipc | Soumen Mondal,FIR_details.json,,PENDING
FIR-Baguiati-PS535-18-1-jpg,FIR,Baguiati | 2018 | 498 A/406/34 Ipc,FIR_details.json,,PENDING
FIR-Baguiati-PS535-2021-1-jpg,FIR,"Baguiati | 2021 | 279/188/323/353/506/34 Ipc | Asi (Ub) 56 Biswajit Naskar Of Baguiati Traffic Guard, Bdn Pc",FIR_details.json,,PENDING
FIR-Baguiati-PS536-18-1-jpg,FIR,Baguiati | 2018 | 21 (C)/29 Nd Act 1985 As Amended In 2001 | Sabiruddin Mufti,FIR_details.json,,PENDING
FIR-Baguiati-PS536-2021-1-jpg,FIR,Baguiati | 2021 | 341/326/506 Ipc | Subir Ghosh,FIR_details.json,,PENDING
FIR-Baguiati-PS537-18-1-jpg,FIR,Baguiati | 2018 | 341/325/379/506/34 Ipc | Asi Ganesh Sardar,FIR_details.json,,PENDING
FIR-Baguiati-PS537-2021-1-jpg,FIR,Baguiati | 2021 | 341/323/325/34 Ipc | Somnath Das,FIR_details.json,,PENDING
FIR-Baguiati-PS538-18-1-jpg,FIR,Baguiati | 2018 | 420/120B/506 Ipc | Sanjib Saha,FIR_details.json,,PENDING
FIR-Baguiati-PS538-2021-1-jpg,FIR,Baguiati | 2021 | 279/338/304A Ipc | Anima Roy,FIR_details.json,,PENDING
FIR-Baguiati-PS539-18-1-jpg,FIR,Baguiati | 2018 | 135 (I)(A )Electricity Act 2003 | Sanjukta Ghosal,FIR_details.json,,PENDING
FIR-Baguiati-PS539-2021-1-jpg,FIR,Baguiati | 2021 | 188/290/269/270/271/34 Ipc &Amp; 51 Of Disaster Management Act. | Si Preetam Singh Of Baguiati P.S,FIR_details.json,,PENDING
FIR-Baguiati-PS540-18-1-jpg,FIR,Baguiati | 2018 | 135(I)(E) Electricity Act 2003,FIR_details.json,,PENDING
FIR-Baguiati-PS540-2021-1-jpg,FIR,Baguiati | 2021 | 186/188/353/290/269/270/271/34 Ipc &Amp; 51 Of Disaster Management Act | Si Preetam Singh Of Baguiati,FIR_details.json,,PENDING
FIR-Baguiati-PS541-18-1-jpg,FIR,Baguiati | 2018 | Sanjeat Biswas,FIR_details.json,,PENDING
FIR-Baguiati-PS541-2021-1-jpg,FIR,Baguiati | 2021 | 188/269/270/271/34 Ipc And 51 Of Disaster Management Act | Psi Malay Samajpati Of Baguiati Ps Bdn Pc,FIR_details.json,,PENDING
FIR-Baguiati-PS542-18-1-jpg,FIR,Baguiati | 2018 | 304 Ipc | Priyanka Sarkar,FIR_details.json,,PENDING
FIR-Baguiati-PS542-2021-1-jpg,FIR,Baguiati | 2021 | 341/323/506 Ipc | Md Amiruddin,FIR_details.json,,PENDING
FIR-Baguiati-PS543-18-1-jpg,FIR,Baguiati | 2018 | 420/406 Ipc | Biswarup Chakroborty,FIR_details.json,,PENDING
FIR-Baguiati-PS543-2021-1-jpg,FIR,Baguiati | 2021 | 341/325/354/379/506/34 Ipc | Sk Monnaf,FIR_details.json,,PENDING
FIR-Baguiati-PS544-18-1-jpg,FIR,Baguiati | 2018 | 420/406 Ipc | Si Tribhuwan Singh,FIR_details.json,,PENDING
FIR-Baguiati-PS544-2021-1-jpg,FIR,Baguiati | 2021 | 498A/406/34 Ipc | Rehana Bibi,FIR_details.json,,PENDING
FIR-Baguiati-PS545-18-1-jpg,FIR,Baguiati | 2018 | 341/325/354/307/506 Ipc | Ishita Das,FIR_details.json,,PENDING
FIR-Baguiati-PS545-2021-1-jpg,FIR,Baguiati | 2021 | 448/323/325/427/380/34 Ipc | Dolly Sadhukahan,FIR_details.json,,PENDING
FIR-Baguiati-PS546-18-1-jpg,FIR,Baguiati | 2018 | Md. Goni,FIR_details.json,,PENDING
FIR-Baguiati-PS546-2021-1-jpg,FIR,Baguiati | 2021 | 188/269/270/271/34 Ipc And 51 Of Disaster Management Act | Psi Subhankar Pal Of Baguiati Ps,FIR_details.json,,PENDING
FIR-Baguiati-PS547-18-1-jpg,FIR,Baguiati | 2018 | Khokon Mondal,FIR_details.json,,PENDING
FIR-Baguiati-PS547-2021-1-jpg,FIR,Baguiati | 2021 | Si Manik Mondal Of Baguiati Ps,FIR_details.json,,PENDING
FIR-Baguiati-PS548-18-1-jpg,FIR,Baguiati | 2018 | 341/290/354/509 Ipc | Kalika Prashad Mishra,FIR_details.json,,PENDING
FIR-Baguiati-PS548-2021-1-jpg,FIR,Baguiati | 2021 | 420/406 Ipc | Amiya Krishna Panda,FIR_details.json,,PENDING
FIR-Baguiati-PS549-18-1-jpg,FIR,Baguiati | 2018 | 341/325/506/34 Ipc | Uttam Naskar,FIR_details.json,,PENDING
FIR-Baguiati-PS549-2021-1-jpg,FIR,Baguiati | 2021 | 420 Ipc | Pijush Biswas,FIR_details.json,,PENDING
FIR-Baguiati-PS550-18-1-jpg,FIR,Baguiati | 399/402 Ipc | Si. Ujjawal Santra,FIR_details.json,,PENDING
FIR-Baguiati-PS550-2021-1-jpg,FIR,Baguiati | 2021 | 498A/323/506/34 Ipc | Soma Mondal,FIR_details.json,,PENDING
FIR-Bidhannagar-North-PSBDN-NORTH-0200-2017-4289-1-jpg,FIR,Bidhannagar North | 2017 | Sourav Chakraborty,FIR_details.json,,PENDING
FIR-Bidhannagar-North-PSBDN-NORTH-0201-2017-4187-1-jpg,FIR,Bidhannagar North | 2017 | 406/420/467/468/471/120B Ipc | Awadhesh Kumar Jha,FIR_details.json,,PENDING
FIR-Bidhannagar-North-PSBDN-NORTH-0202-2017-4251-1-jpg,FIR,Bidhannagar North | 2017 | 135(I)(E) Electricity Act | Sanjib Agarwal,FIR_details.json,,PENDING
FIR-Bidhannagar-North-PSBDN-NORTH-0203-2017-4270-1-jpg,FIR,Bidhannagar North | 2017 | 363/365 Ipc | Atanu Paul,FIR_details.json,,PENDING
FIR-Bidhannagar-North-PSBDN-NORTH-0205-2017-1730-1-jpg,FIR,Bidhannagar North | 2017 | 279/337/338 Ipc | Ranjit Biswas,FIR_details.json,,PENDING
FIR-Bidhannagar-North-PSBDN-NORTH-0207-2017-1747-1-jpg,FIR,Bidhannagar North | 2017 | 279/304 Ipc | Atindra Bhattacharya,FIR_details.json,,PENDING
FIR-Bidhannagar-North-PSBDN-NORTH-0208-2017-2524-1-jpg,FIR,Bidhannagar North | 2017 | 419/420/406 Ipc | Bhaskar Ganguly,FIR_details.json,,PENDING
FIR-Bidhannagar-North-PSBDN-NORTH-0209-2017-2574-1-jpg,FIR,Bidhannagar North | 2017 | 341/354/354B/325/323/509/506/34 Ipc | Puspa Roy,FIR_details.json,,PENDING
FIR-Bidhannagar-North-PSBDN-NORTH-0210-2017-2578-1-jpg,FIR,Bidhannagar North | 2017 | 323/325/34 Ipc | Kabita Gupta,FIR_details.json,,PENDING
FIR-Bidhannagar-North-PSBDN-NORTH-0211-2017-2475-1-jpg,FIR,Bidhannagar North | 341/323/325/308/379/506/34 Ipc | Shamim Akhtar,FIR_details.json,,PENDING
FIR-Bidhannagar-North-PSBDN-NORTH-0212-2017-2522-1-jpg,FIR,Bidhannagar North | 2017 | 279/337/338 Ipc | Payel Ghosh,FIR_details.json,,PENDING
FIR-Bidhannagar-North-PSBDN-NORTH-0213-2017-2509-1-jpg,FIR,Bidhannagar North | 2017 | 379 Ipc | Md Sabir,FIR_details.json,,PENDING
FIR-Bidhannagar-North-PSBDN-NORTH-0214-2017-2568-1-jpg,FIR,Bidhannagar North | 2017 | 406/420/506 Ipc | Dr Mahua Chauduri,FIR_details.json,,PENDING
FIR-Bidhannagar-North-PSBDN-NORTH-0215-2017-2477-1-jpg,FIR,Bidhannagar North | 2017 | 381 Ipc | Raj Kumar Agarwal,FIR_details.json,,PENDING
FIR-Bidhannagar-North-PSBDN-NORTH-0216-2017-3672-1-jpg,FIR,Bidhannagar North | 2017 | Supti Roy,FIR_details.json,,PENDING
FIR-Bidhannagar-North-PSBDN-NORTH-0217-2017-3628-1-jpg,FIR,Bidhannagar North | 2017 | 323/354/509/506 Ipc | Bratati Banerjee,FIR_details.json,,PENDING
FIR-Bidhannagar-North-PSBDN-NORTH-0218-2017-3621-1-jpg,FIR,Bidhannagar North | 2017 | 381/120B Ipc | Sri Madhusudan Pal Asi Of Police 4Th Bn Kap,FIR_details.json,,PENDING
FIR-Bidhannagar-North-PSBDN-NORTH-0219-2017-3662-1-jpg,FIR,Bidhannagar North | 2017 | 341/323/325 Ipc | Sourav Biswas,FIR_details.json,,PENDING
FIR-Bidhannagar-North-PSBDN-NORTH-0221-2017-5340-1-jpg,FIR,Bidhannagar North | 2017 | 285/286/188 Ipc And 24Wb Fire Service Act | Si Pratapaditya Mondal,FIR_details.json,,PENDING
FIR-Bidhannagar-North-PSBDN-NORTH-0222-2017-5361-1-jpg,FIR,Bidhannagar North | 2017 | 285/286/188 Ipc And 24Wb Fire Service Act | Si Pratapaditya Mondal,FIR_details.json,,PENDING
FIR-Bidhannagar-North-PSBDN-NORTH-0223-2017-5333-1-jpg,FIR,Bidhannagar North | 2017 | 387 Ipc | Kartik Ch Karmaker,FIR_details.json,,PENDING
FIR-Bidhannagar-North-PSBDN-NORTH-0224-2017-5429-1-jpg,FIR,Bidhannagar North | 2017 | 354C/354B/506/509/34 Ipc | Arpita Acharya,FIR_details.json,,PENDING
FIR-Bidhannagar-North-PSBDN-NORTH-0225-2017-5961-1-jpg,FIR,279/337/338 Ipc | Ratan Das,FIR_details.json,,PENDING
FIR-Bidhannagar-North-PSBDN-NORTH-0226-2017-5903-1-jpg,FIR,Bidhannagar North | 2017 | 143/145/283 Ipc | Si Soumen Tapaswi Of Bidhannagar North Ps,FIR_details.json,,PENDING
FIR-Bidhannagar-North-PSBDN-NORTH-0227-2017-5975-1-jpg,FIR,Bidhannagar North | 2017 | 406/467/471/474 Ipc | Shibani Mukherjee,FIR_details.json,,PENDING
FIR-Bidhannagar-North-PSBDN-NORTH-0228-2017-5944-1-jpg,FIR,Bidhannagar North | 2017 | 279/304 Ipc | Anurudra Parial,FIR_details.json,,PENDING
FIR-Bidhannagar-North-PSBDN-NORTH-0229-2017-5999-1-jpg,FIR,Bidhannagar North | 2017 | 506/509 Ipc | Sahanaz Khatoon,FIR_details.json,,PENDING
FIR-Bidhannagar-North-PSBDN-NORTH-0230-2017-5923-1-jpg,FIR,Bidhannagar North | 2017 | 279/338 Ipc | Rishav Kr Gupta,FIR_details.json,,PENDING
FIR-Bidhannagar-North-PSBDN-NORTH-0231-2017-5927-1-jpg,FIR,Bidhannagar North | 2017 | 420/406 Ipc | Ranjit Kundu,FIR_details.json,,PENDING
FIR-Bidhannagar-North-PSBDN-NORTH-0232-2017-5912-1-jpg,FIR,135 (I) (E) Electricity Act | Sanjib Agarwal,FIR_details.json,,PENDING
FIR-Bidhannagar-North-PSBDN-NORTH-0233-2017-5916-1-jpg,FIR,Bidhannagar North | 2017 | 135 (I) (E) Electricity Act | Sanjib Agarwal,FIR_details.json,,PENDING
FIR-Bidhannagar-North-PSBDN-NORTH-0234-2017-5933-1-jpg,FIR,Bidhannagar North | 2017 | 323/325/506/34 Ipc | Sk. Abdul Safik,FIR_details.json,,PENDING
FIR-Bidhannagar-North-PSBDN-NORTH-0235-2017-5971-1-jpg,FIR,Bidhannagar North | 323/325/506 Ipc And 24 Maintenance And Welfare Of Parents And Senior Citizen Act. | Smt. Dipa Das,FIR_details.json,,PENDING
FIR-Bidhannagar-North-PSBDN-NORTH-0236-2017-5920-1-jpg,FIR,Bidhannagar North | 2017 | 279/333/353/114/34 Ipc | Bapan Mondal,FIR_details.json,,PENDING
FIR-Bidhannagar-North-PSBDN-NORTH-0237-2017-8509-1-jpg,FIR,Bidhannagar North | 2017 | 498A/406 Ipc | Rina Pal,FIR_details.json,,PENDING
FIR-Bidhannagar-North-PSBDN-NORTH-0238-2017-7825-1-jpg,FIR,Bidhannagar North | 2017 | Sanjib Agarwal,FIR_details.json,,PENDING
FIR-Bidhannagar-North-PSBDN-NORTH-0239-2017-1973-1-jpg,FIR,Bidhannagar North | 2017 | 363/365 Ipc | Mithu Mukherjee,FIR_details.json,,PENDING
FIR-Bidhannagar-North-PSBDN-NORTH-0240-2017-1911-1-jpg,FIR,Bidhannagar North | 2017 | 326 Ipc | Satish Tiwari,FIR_details.json,,PENDING
FIR-Bidhannagar-North-PSBDN-NORTH-0241-2017-1937-1-jpg,FIR,Bidhannagar North | 2017 | 509/506 Ipc | Sonali Basu,FIR_details.json,,PENDING
FIR-Bidhannagar-North-PSBDN-NORTH-0242-2017-4759-1-jpg,FIR,Bidhannagar North | 2017 | 143/186/188/323/325/353/307/427/506/120B Ipc And Sec- 8/9/W.B.M.O.P.O Act 1972 And Sec- 3 P.D.P.P Act,FIR_details.json,,PENDING
FIR-Bidhannagar-North-PSBDN-NORTH-0243-2017-4780-1-jpg,FIR,Bidhannagar North | 2017 | 166/325/506/34 Ipc | Lav Kumar Singh,FIR_details.json,,PENDING
FIR-Bidhannagar-North-PSBDN-NORTH-0244-2017-4806-1-jpg,FIR,Bidhannagar North | 2017 | 354D/506/509 Ipc | Payel Singh,FIR_details.json,,PENDING
FIR-Bidhannagar-North-PSBDN-NORTH-0245-2017-4850-1-jpg,FIR,Bidhannagar North | 2017 | 186/332/353/506 Ipc | Ajoy Das,FIR_details.json,,PENDING
FIR-Bidhannagar-North-PSBDN-NORTH-0246-2017-2293-1-jpg,FIR,Bidhannagar North | 2017 | 420/465/467/468/471/120B Ipc | Soumyajit Das,FIR_details.json,,PENDING
FIR-Bidhannagar-North-PSBDN-NORTH-0247-2017-2357-1-jpg,FIR,279/325/308/427 Ipc | Ranjit Mayra,FIR_details.json,,PENDING
FIR-Bidhannagar-North-PSBDN-NORTH-0248-2017-4626-1-jpg,FIR,Bidhannagar North | 2017 | 504/505(2)(3)/506 (Ii)/509 Ipc | Keya Das,FIR_details.json,,PENDING
FIR-Bidhannagar-North-PSBDN-NORTH-0249-2017-2338-1-jpg,FIR,2017 | 420/406 Ipc | Shibani Saha Chowdhury,FIR_details.json,,PENDING
FIR-Bidhannagar-North-PSBDN-NORTH-0250-2017-2334-1-jpg,FIR,2017 | 381 Ipc | Ronita Deb (Dutta),FIR_details.json,,PENDING
FIR-Bidhannagar-South-PSBDN-SOUTH-0100-2017-4941-1-jpg,FIR,Bidhannagar South | 2017 | 419/420/467/468/471/120B Ipc,FIR_details.json,,PENDING
FIR-Bidhannagar-South-PSBDN-SOUTH-0101-2017-5779-1-jpg,FIR,Bidhannagar South | 2017 | 406/420/467(Para-Ii)/34 Ipc | Debasish Manna,FIR_details.json,,PENDING
FIR-Bidhannagar-South-PSBDN-SOUTH-0102-2017-4253-1-jpg,FIR,Bidhannagar South | 2017 | 399/402 Ipc | Si Mahesh Das,FIR_details.json,,PENDING
FIR-Bidhannagar-South-PSBDN-SOUTH-0103-2017-4177-1-jpg,FIR,Bidhannagar South | 2017 | 323/354/307/427/506/34 Ipc | Bimalendu Bose,FIR_details.json,,PENDING
FIR-Bidhannagar-South-PSBDN-SOUTH-0104-2017-1191-1-jpg,FIR,Bidhannagar South | 2017 | 381 Ipc | Deepti Bhattacharya,FIR_details.json,,PENDING
FIR-Bidhannagar-South-PSBDN-SOUTH-0105-2017-1202-1-jpg,FIR,Bidhannagar South | 2017 | 135 (I)(A) Electricity Act. 2003 As Amended 2007 | Arpana Saha,FIR_details.json,,PENDING
FIR-Bidhannagar-South-PSBDN-SOUTH-0106-2017-1612-1-jpg,FIR,Bidhannagar South | 2017 | 279/338/427 Ipc | Aritra Mukherjee,FIR_details.json,,PENDING
FIR-Bidhannagar-South-PSBDN-SOUTH-0107-2017-1578-1-jpg,FIR,Bidhannagar South | 2017 | 341/325/354/506/34 Ipc | Nilratan Mondal,FIR_details.json,,PENDING
FIR-Bidhannagar-South-PSBDN-SOUTH-0108-2017-1983-1-jpg,FIR,Bidhannagar South | 2017 | 379 Ipc | Ritesh Kr. Gupta,FIR_details.json,,PENDING
FIR-Bidhannagar-South-PSBDN-SOUTH-0109-2017-2365-1-jpg,FIR,Bidhannagar South | 2017 | 279/338/427 Ipc | Linda Jude,FIR_details.json,,PENDING
FIR-Bidhannagar-South-PSBDN-SOUTH-0110-2017-3132-1-jpg,FIR,Bidhannagar South | 2017 | Dr.Arpan Chatterjee,FIR_details.json,,PENDING
FIR-Bidhannagar-South-PSBDN-SOUTH-0111-2017-3455-1-jpg,FIR,Bidhannagar South | 2017 | 279/338 Ipc | S.S Chowdhury,FIR_details.json,,PENDING
FIR-Bidhannagar-South-PSBDN-SOUTH-0112-2017-4196-1-jpg,FIR,Bidhannagar South | 2017 | 498(A)/326/307 Ipc | Kusum Koiri,FIR_details.json,,PENDING
FIR-Bidhannagar-South-PSBDN-SOUTH-0113-2017-5336-1-jpg,FIR,Bidhannagar South | 2017 | 379/427/34 | Indrajit Bose,FIR_details.json,,PENDING
FIR-Bidhannagar-South-PSBDN-SOUTH-0114-2017-5764-1-jpg,FIR,Bidhannagar South | 2017 | Sumana Barman,FIR_details.json,,PENDING
FIR-Bidhannagar-South-PSBDN-SOUTH-0115-2017-5789-1-jpg,FIR,Bidhannagar South | 2017 | 379 Ipc | Anlan Protap Dutta,FIR_details.json,,PENDING
FIR-Bidhannagar-South-PSBDN-SOUTH-0116-2017-5733-1-jpg,FIR,Bidhannagar South | 2017 | Sri Sabyasachi Dutta,FIR_details.json,,PENDING
FIR-Bidhannagar-South-PSBDN-SOUTH-0117-2017-7825-1-jpg,FIR,Bidhannagar South | 2017 | 498A/323/506/34 Ipc | Desdimona Banerjee,FIR_details.json,,PENDING
FIR-Bidhannagar-South-PSBDN-SOUTH-0118-2017-8167-1-jpg,FIR,Bidhannagar South | 2017 | 417/376 | Parvin Sultana Mallick,FIR_details.json,,PENDING
FIR-Bidhannagar-South-PSBDN-SOUTH-0119-2017-8072-1-jpg,FIR,Bidhannagar South | 2017 | 504/406/379/408/384/385/34 Ipc | Sri Ashim Bhandari,FIR_details.json,,PENDING
FIR-Bidhannagar-South-PSBDN-SOUTH-0120-2017-8623-1-jpg,FIR,Bidhannagar South | 2017,FIR_details.json,,PENDING
FIR-Bidhannagar-South-PSBDN-SOUTH-0121-2017-7977-1-jpg,FIR,Bidhannagar South | 2017 | 430/379/34 Ipc | Ashok Kr. Singh,FIR_details.json,,PENDING
FIR-Bidhannagar-South-PSBDN-SOUTH-0122-2017-2304-1-jpg,FIR,Bidhannagar South | 2017 | 431/379/34 Ipc | Prabir Sadrar,FIR_details.json,,PENDING
FIR-Bidhannagar-South-PSBDN-SOUTH-0123-2017-3110-1-jpg,FIR,Bidhannagar South | 2017 | Samir Sarkar,FIR_details.json,,PENDING
FIR-Bidhannagar-South-PSBDN-SOUTH-0124-2017-3102-1-jpg,FIR,Bidhannagar South | 2017 | Prasanta Mishtri,FIR_details.json,,PENDING
FIR-Bidhannagar-South-PSBDN-SOUTH-0125-2017-3484-1-jpg,FIR,Bidhannagar South | 2017 | 279/338 Ipc | Arun Patra,FIR_details.json,,PENDING
FIR-Bidhannagar-South-PSBDN-SOUTH-0126-2017-4666-1-jpg,FIR,Bidhannagar South | 2017 | Si Mahesh Das,FIR_details.json,,PENDING
FIR-Bidhannagar-South-PSBDN-SOUTH-0127-2017-5323-1-jpg,FIR,Bidhannagar South | 2017 | 498(A)/506/324/406 And 3/4 D.P.Act.,FIR_details.json,,PENDING
FIR-Bidhannagar-South-PSBDN-SOUTH-0128-2017-5391-1-jpg,FIR,Bidhannagar South | 2017 | 279/338 Ipc | Smritikanatalukder,FIR_details.json,,PENDING
FIR-Bidhannagar-South-PSBDN-SOUTH-0129-2017-5754-1-jpg,FIR,2017 | 419/34 Ipc | Si Debasish Debnath,FIR_details.json,,PENDING
FIR-Bidhannagar-South-PSBDN-SOUTH-0130-2017-5777-1-jpg,FIR,Bidhannagar South | 2017 | 380 Ipc | Ashima Saha,FIR_details.json,,PENDING
FIR-Bidhannagar-South-PSBDN-SOUTH-0131-2017-5735-1-jpg,FIR,Bidhannagar South | 2017 | 399/402 Ipc | Si Mahesh Das,FIR_details.json,,PENDING
FIR-Bidhannagar-South-PSBDN-SOUTH-0132-2017-6666-1-jpg,FIR,Bidhannagar South | 2017 | 381 Ipc | Sumita Chatterjee,FIR_details.json,,PENDING
FIR-Bidhannagar-South-PSBDN-SOUTH-0133-2017-1056-1-jpg,FIR,Bidhannagar South | 2017 | 448/354 Ipc | Menoka Biswas,FIR_details.json,,PENDING
FIR-Bidhannagar-South-PSBDN-SOUTH-0134-2017-9877-1-jpg,FIR,Bidhannagar South | 2017 | 498A/406/323/506/34 Ipc | Desdimona Banerjee,FIR_details.json,,PENDING
FIR-Bidhannagar-South-PSBDN-SOUTH-0135-2017-2524-1-jpg,FIR,Bidhannagar South | 2017 | 419/420/120B/34 Ipc | Uma Banerjee,FIR_details.json,,PENDING
FIR-Bidhannagar-South-PSBDN-SOUTH-0136-2017-2553-1-jpg,FIR,Bidhannagar South | 2017 | 341/380/387/427/451/454/467/468/471/506/34 Ipc | Arun Bhaduri,FIR_details.json,,PENDING
FIR-Bidhannagar-South-PSBDN-SOUTH-0137-2017-2921-1-jpg,FIR,Bidhannagar South | 2017 | 498A/306/34 Ipc And 4 Dp Act. | Shib Kumar Gupta,FIR_details.json,,PENDING
FIR-Bidhannagar-South-PSBDN-SOUTH-0138-2017-3231-1-jpg,FIR,Bidhannagar South | 2017 | 392 Ipc | Manoj Kumar Singh,FIR_details.json,,PENDING
FIR-Bidhannagar-South-PSBDN-SOUTH-0139-2017-3674-1-jpg,FIR,Bidhannagar South | 2017 | 419/468/471 Ipc | Shovan Kumar Kundu,FIR_details.json,,PENDING
FIR-Bidhannagar-South-PSBDN-SOUTH-0140-2017-3704-1-jpg,FIR,Bidhannagar South | 2017 | 341/323/376(2)(I)/511/506 Ipc And Section 4/18 Pocso Act. | Smt. Jyoti Pal,FIR_details.json,,PENDING
FIR-Bidhannagar-South-PSBDN-SOUTH-0141-2017-4466-1-jpg,FIR,Bidhannagar South | 2017 | 325/364/365/382/506 Ipc | Bikas Thakur,FIR_details.json,,PENDING
FIR-Bidhannagar-South-PSBDN-SOUTH-0142-2017-4460-1-jpg,FIR,Bidhannagar South | 2017 | 406/420/506/120B Ipc | Sunil Deorah,FIR_details.json,,PENDING
FIR-Bidhannagar-South-PSBDN-SOUTH-0143-2017-4823-1-jpg,FIR,Bidhannagar South | 2017 | 465/467/468/471/474 Ipc | Tapan Barik,FIR_details.json,,PENDING
FIR-Bidhannagar-South-PSBDN-SOUTH-0144-2017-4861-1-jpg,FIR,Bidhannagar South | 2017 | 279/338 Ipc | Mitrangshu Das,FIR_details.json,,PENDING
FIR-Bidhannagar-South-PSBDN-SOUTH-0145-2017-4859-1-jpg,FIR,Bidhannagar South | 2017 | 186/325/353/365/506 Ipc | Sunil Dutta,FIR_details.json,,PENDING
FIR-Bidhannagar-South-PSBDN-SOUTH-0146-2017-7844-1-jpg,FIR,Bidhannagar South | 2017 | 341/323/427/506/34 Ipc | Sri Somit Sengupta,FIR_details.json,,PENDING
FIR-Bidhannagar-South-PSBDN-SOUTH-0147-2017-7787-1-jpg,FIR,Bidhannagar South | 2017 | 354/447 Ipc | Soumitra Mondal,FIR_details.json,,PENDING
FIR-Bidhannagar-South-PSBDN-SOUTH-0148-2017-1164-1-jpg,FIR,Bidhannagar South | 2017 | 354 Ipc | Subrata Biswas,FIR_details.json,,PENDING
FIR-Bidhannagar-South-PSBDN-SOUTH-0149-2017-1181-1-jpg,FIR,Bidhannagar South | 2017 | Linda Lal Muaupuii,FIR_details.json,,PENDING
FIR-Bidhannagar-South-PSBDN-SOUTH-0150-2017-1924-1-jpg,FIR,Bidhannagar South | 2017 | 420/406 Ipc | Piku Bhattacharjee,FIR_details.json,,PENDING
FIR-Cyber-Crime-PS40-20-1-jpg,FIR,Cyber-Crime | 2020 | 468/469/471/419/420/120B/34 | Debayan Nath,FIR_details.json,,PENDING
FIR-Cyber-Crime-PS41-20-1-jpg,FIR,Cyber-Crime | 2020 | 419/420/120B/34 Ipc | Anish Depankaj,FIR_details.json,,PENDING
FIR-Cyber-Crime-PS42-20-1-jpg,FIR,Cyber-Crime | 2020 | 419/420/120B Ipc | Prabal Dhar,FIR_details.json,,PENDING
FIR-Cyber-Crime-PS43-20-1-jpg,FIR,Cyber-Crime | 2020 | 469/500 | Uday Narayan Srivastava,FIR_details.json,,PENDING
FIR-Cyber-Crime-PS44-20-1-jpg,FIR,Cyber-Crime | 2020 | 406/419/420/120B Ipc | Adidtya Jain,FIR_details.json,,PENDING
FIR-Cyber-Crime-PS45-20-1-jpg,FIR,Cyber-Crime | 2020 | 419/420/120B Ipc | Pawan Jha,FIR_details.json,,PENDING
FIR-Cyber-Crime-PS46-20-1-jpg,FIR,Cyber-Crime | 2020 | 408/419/420/120B Ipc | Ritesh R Agarwal,FIR_details.json,,PENDING
FIR-Cyber-Crime-PS47-20-1-jpg,FIR,Cyber-Crime | 2020 | 419/420/120B Ipc | Jiban Chandra Chakraborty,FIR_details.json,,PENDING
FIR-Cyber-Crime-PS48-20-1-jpg,FIR,Cyber-Crime | 2020 | 354D/500/509/507 Ipc | Sneha Ghosh,FIR_details.json,,PENDING
FIR-Cyber-Crime-PS49-2020-1-jpg,FIR,Cyber-Crime | 2020 | 419/427/500/507 Ipc | Ashim Kr. Nath,FIR_details.json,,PENDING
FIR-Cyber-Crime-PS50-2020-1-jpg,FIR,Cyber-Crime | 2020 | 419/420/471/120B Ipc | Prakash Khandelwal,FIR_details.json,,PENDING
FIR-Cyber-Crime-PS51-21-1-jpg,FIR,Cyber-Crime | 2021 | 419/420/120B Ipc | Saunak Sarbajna,FIR_details.json,,PENDING
FIR-Cyber-Crime-PS52-21-1-jpg,FIR,Cyber-Crime | 2021 | 354A/354D/500/507/509 Ipc | Pampa Das Bhuyina,FIR_details.json,,PENDING
FIR-Cyber-Crime-PS52-1-jpg,FIR,Cyber-Crime | 2020 | 419/420/120B/34 Ipc | Md. Zaheer Alam,FIR_details.json,,PENDING
FIR-Cyber-Crime-PS53-21-1-jpg,FIR,Cyber-Crime | 2021 | Alok Sen,FIR_details.json,,PENDING
FIR-Cyber-Crime-PS54-21-1-jpg,FIR,Cyber-Crime | 2021 | 419/420/120B Ipc | Pinak Bose,FIR_details.json,,PENDING
FIR-Cyber-Crime-PS55-21-1-jpg,FIR,Cyber-Crime | 419/420/120B Ipc | Kankana Das,FIR_details.json,,PENDING
FIR-Cyber-Crime-PS56-21-1-jpg,FIR,Cyber-Crime | 2021 | 419/420/120B/468 Ipc. | Rajat Shankar Ghosh,FIR_details.json,,PENDING
FIR-Cyber-Crime-PS56-1-jpg,FIR,419/420/468/463/471/120B Ipc,FIR_details.json,,PENDING
FIR-Cyber-Crime-PS57-21-1-jpg,FIR,Cyber-Crime | 2021 | 419/420/120B Ipc | Sudeshna Sinha,FIR_details.json,,PENDING
FIR-Cyber-Crime-PS58-21-1-jpg,FIR,Cyber-Crime | 2021 | 420/384/506/120B Ipc. | Dr. Sumitra Chandra,FIR_details.json,,PENDING
FIR-Cyber-Crime-PS59-21-1-jpg,FIR,Cyber-Crime | 2021 | 420/406/384/468/471/506/120B Ipc. | Satarupa Mondal,FIR_details.json,,PENDING
FIR-Cyber-Crime-PS60-21-1-jpg,FIR,Cyber-Crime | 2021 | Saurabh Kumar,FIR_details.json,,PENDING
FIR-Cyber-Crime-PS61-21-1-jpg,FIR,Cyber-Crime | 2021 | 420/469/507 Ipc. | Asish Mitra,FIR_details.json,,PENDING
FIR-Cyber-Crime-PS63-21-1-jpg,FIR,Cyber-Crime | 2021 | Dr. Atanu Banerjee,FIR_details.json,,PENDING
FIR-Cyber-Crime-PS63-1-jpg,FIR,2018 | Lalita Gupta,FIR_details.json,,PENDING
FIR-Cyber-Crime-PS64-202020-1-jpg,FIR,Cyber-Crime | 2020 | 354C/354D/385/500/507/509 Ipc,FIR_details.json,,PENDING
FIR-Cyber-Crime-PS64-21-1-jpg,FIR,Cyber-Crime | 2021 | 419/420/120B Ipc | Bithin Kumar Das,FIR_details.json,,PENDING
FIR-Cyber-Crime-PS64-1-jpg,FIR,Cyber-Crime | 2018 | 419/420/120B/34 Ipc | Mohit Seth,FIR_details.json,,PENDING
FIR-ECO-PARK-PS01-1-jpg,FIR,143/145/427 Ipc Rw Section 3/4 Pdpp Act. | Sisir Kumar Guha,FIR_details.json,,PENDING
FIR-ECO-PARK-PS02-1-jpg,FIR,Eco Park | 2020 | 420/406/120B/34 Ipc | Tina Mondal,FIR_details.json,,PENDING
FIR-ECO-PARK-PS03-1-jpg,FIR,Eco Park | 2020 | Rajesh Kr. Mondal,FIR_details.json,,PENDING
FIR-ECO-PARK-PS04-1-jpg,FIR,Eco Park | 2020 | 380 Ipc | Munni Shaw,FIR_details.json,,PENDING
FIR-ECO-PARK-PS05-1-jpg,FIR,Eco Park | 2020 | 323/325/354/506/34 Ipc | Sri Shambhu Sardar,FIR_details.json,,PENDING
FIR-ECO-PARK-PS06-1-jpg,FIR,Eco Park | 2020 | Avijit Naskar,FIR_details.json,,PENDING
FIR-ECO-PARK-PS09-1-jpg,FIR,Jhantu Gayen,FIR_details.json,,PENDING
FIR-ECO-PARK-PS10-1-jpg,FIR,Eco Park | 420 Ipc | Bilquis Khatun,FIR_details.json,,PENDING
FIR-ECO-PARK-PS11-1-jpg,FIR,2020 | 279/338 Ipc | Badal Ghosh,FIR_details.json,,PENDING
FIR-ECO-PARK-PS12-1-jpg,FIR,Eco Park | Sainaz Khatun,FIR_details.json,,PENDING
FIR-ECO-PARK-PS13-1-jpg,FIR,406/420/468/471/120B/409/476 Ipc | Mahadev Saha,FIR_details.json,,PENDING
FIR-ECO-PARK-PS14-1-jpg,FIR,Eco Park | 2020 | 406/409/420/467/468/471/120B Ipc | Mahadev Saha,FIR_details.json,,PENDING
FIR-ECO-PARK-PS15-1-jpg,FIR,Eco Park | 2020 | 306 Ipc | Awadhesh Kr. Chowdhury,FIR_details.json,,PENDING
FIR-ECO-PARK-PS16-1-jpg,FIR,Eco Park | 2020 | 420/406 Ipc | Md. Shahnawar,FIR_details.json,,PENDING
FIR-ECO-PARK-PS17-20-2-1-jpg,FIR,Eco Park | 2021 | 341/323/325/3747/506/34 Ipc | Raima Bibi,FIR_details.json,,PENDING
FIR-ECO-PARK-PS17-1-jpg,FIR,Eco Park | Sailen Pyne,FIR_details.json,,PENDING
FIR-ECO-PARK-PS18-1-jpg,FIR,Eco Park | 2020 | 420/406/120B Ipc | Chief Manager Of Sbi,FIR_details.json,,PENDING
FIR-ECO-PARK-PS19-1-jpg,FIR,Eco Park | 2020 | Praveen Kajriwal,FIR_details.json,,PENDING
FIR-ECO-PARK-PS1-1-jpg,FIR,363 Ipc | Mainul Abedin,FIR_details.json,,PENDING
FIR-ECO-PARK-PS20-1-jpg,FIR,Eco Park | 2020 | 406/420/34 Ipc | Bikash Singha Roy,FIR_details.json,,PENDING
FIR-ECO-PARK-PS21-1-jpg,FIR,Eco Park | 2020 | 420/406/34 Ipc | Pradipta Thakur,FIR_details.json,,PENDING
FIR-ECO-PARK-PS22-1-jpg,FIR,Eco Park | 2020 | 379 Ipc | Jamshed Ali,FIR_details.json,,PENDING
FIR-ECO-PARK-PS23-1-jpg,FIR,Eco Park | 2020 | Saikh Bablu,FIR_details.json,,PENDING
FIR-ECO-PARK-PS24-1-jpg,FIR,Eco Park | 2020 | 4C Of Wblr Act. &Amp; 4D Of The Wblr Act. 1955 | Sri Trathagata Mukherjee,FIR_details.json,,PENDING
FIR-ECO-PARK-PS25-1-jpg,FIR,Eco Park | 2020 | 379/114 Ipc | Afzal Elahi,FIR_details.json,,PENDING
FIR-ECO-PARK-PS26-1-jpg,FIR,Eco Park | 2020 | 380 Ipc | Avijit Kundu,FIR_details.json,,PENDING
FIR-ECO-PARK-PS27-1-jpg,FIR,Eco Park | 2020 | Sahid Ansari,FIR_details.json,,PENDING
FIR-ECO-PARK-PS28-1-jpg,FIR,Eco Park | 2020 | 341/325/384/386/379/406/506/34 Ipc | Md. Javed,FIR_details.json,,PENDING
FIR-ECO-PARK-PS29-1-jpg,FIR,Eco Park | 2020 | 279/338 Ipc | Shivang Mathua,FIR_details.json,,PENDING
FIR-ECO-PARK-PS2-1-jpg,FIR,Eco Park | 341/325/323/34 Ipc | Nirmal Sarkar,FIR_details.json,,PENDING
FIR-ECO-PARK-PS30-1-jpg,FIR,Eco Park | 2020 | 279/338/427 Ipc | Bablu Molla,FIR_details.json,,PENDING
FIR-ECO-PARK-PS31-1-jpg,FIR,Eco Park | 2020 | 420/406 Ipc | Sk. Noor Amin,FIR_details.json,,PENDING
FIR-ECO-PARK-PS32-1-jpg,FIR,Eco Park | 2020 | 279/338/427 Ipc | Sukhbir Singh,FIR_details.json,,PENDING
FIR-ECO-PARK-PS33-1-jpg,FIR,Eco Park | 2020 | 465/468/469/471/420/419 Ipc | Bikash Kar Gupta,FIR_details.json,,PENDING
FIR-ECO-PARK-PS34-1-jpg,FIR,Eco Park | 2020 | 406/420/468/471/120B/409/467 Ipc | Mahadev Saha,FIR_details.json,,PENDING
FIR-ECO-PARK-PS35-1-jpg,FIR,Eco Park | 2020 | 376(F)(I) Ipc Rw Section 06 Of Pocso Act. | Basudev Mistri,FIR_details.json,,PENDING
FIR-ECO-PARK-PS36-1-jpg,FIR,Eco Park | 2020 | 399/402 | Si Avijit Banerjee,FIR_details.json,,PENDING
FIR-ECO-PARK-PS37-1-jpg,FIR,Eco Park | 2020 | 379 Ipc | Basant Kumar Soni,FIR_details.json,,PENDING
FIR-ECO-PARK-PS38-1-jpg,FIR,Eco Park | 2020 | 341/323/325/326/34 Ipc | Kanan Saha,FIR_details.json,,PENDING
FIR-ECO-PARK-PS39-1-jpg,FIR,Eco Park | 2020 | 420/406/120B Ipc | Avijit Majumder,FIR_details.json,,PENDING
FIR-ECO-PARK-PS3-1-jpg,FIR,Eco Park | Sabana Khatun,FIR_details.json,,PENDING
FIR-ECO-PARK-PS40-1-jpg,FIR,Eco Park | 2020 | 193/209/420/120B/34 Ipc | Md. Shanawaz Ali,FIR_details.json,,PENDING
FIR-ECO-PARK-PS41-1-jpg,FIR,Eco Park | Asi Jibesh Das,FIR_details.json,,PENDING
FIR-ECO-PARK-PS42-1-jpg,FIR,Eco Park | 420 Ipc | Salim Khan,FIR_details.json,,PENDING
FIR-ECO-PARK-PS43-1-jpg,FIR,Eco Park | Rajina Bibi,FIR_details.json,,PENDING
FIR-ECO-PARK-PS44-1-jpg,FIR,Eco Park | 2020 | 420/406/506 Ipc,FIR_details.json,,PENDING
FIR-ECO-PARK-PS45-1-jpg,FIR,Eco Park | 2020 | 279/304A/427 Ipc | Prosenjit Saha,FIR_details.json,,PENDING
FIR-ECO-PARK-PS46-1-jpg,FIR,Eco Park | 2020 | 279/427 Ipc | Omar Faruk Gazi,FIR_details.json,,PENDING
FIR-ECO-PARK-PS47-1-jpg,FIR,Eco Park | 2020 | 188 Ipc | Si Soumen Tapaswi,FIR_details.json,,PENDING
FIR-ECO-PARK-PS48-1-jpg,FIR,Eco Park | 2020 | 25(I)(A)/27 Arms Act. | Pravakar Adhikary,FIR_details.json,,PENDING
FIR-ECO-PARK-PS49-1-jpg,FIR,Eco Park | 2021 | 363 Ipc | Md. Shamsher,FIR_details.json,,PENDING
FIR-ECO-PARK-PS4-1-jpg,FIR,Eco Park | Mou Pramanick,FIR_details.json,,PENDING
FIR-ECO-PARK-PS50-1-jpg,FIR,Eco Park | 2021 | 323/325/341/379/34 Ipc | Smt. Latika Das,FIR_details.json,,PENDING
FIR-ECO-PARK-PS51-1-jpg,FIR,Eco Park | 2021 | 379/427 Ipc | Abijit Jana,FIR_details.json,,PENDING
FIR-ECO-PARK-PS5-1-jpg,FIR,Eco Park | 342/354/506 Ipc | Sahitree Brahma,FIR_details.json,,PENDING
FIR-ECO-PARK-PS6-1-jpg,FIR,Eco Park | 363/364/364A/365/368/34 Ipc | Abdul Salam,FIR_details.json,,PENDING
FIR-ECO-PARK-PS7-1-jpg,FIR,Eco Park | 354C Ipc | Rakhi Mistri,FIR_details.json,,PENDING
FIR-ECO-PARK-PS8-1-jpg,FIR,Eco Park | 341/323/325/379/506/34 Ipc | Biman Debnath,FIR_details.json,,PENDING
FIR-ECO-PARK-PS9-1-jpg,FIR,2020 | 25(I)(A)/27 Arms Act. | Si Pravakar Adhikary,FIR_details.json,,PENDING
FIR-Electronics-Complex-PS01-1-jpg,FIR,2020 | Debaditya Das,FIR_details.json,,PENDING
FIR-Electronics-Complex-PS02-1-jpg,FIR,Electronics Complex | 2020 | 279/337/427 | Sri Ranjit Kr. Das,FIR_details.json,,PENDING
FIR-Electronics-Complex-PS03-2020-1-jpg,FIR,Electronics Complex | 2020 | 341/323/506(Ii) Ipc | Partha Maity,FIR_details.json,,PENDING
FIR-Electronics-Complex-PS04-2020-1-jpg,FIR,Electronics Complex | 2020 | 399/402 Ipc | Si Sudipta Naskar,FIR_details.json,,PENDING
FIR-Electronics-Complex-PS05-1-jpg,FIR,Electronics Complex | 2020 | 419/420/406/120B Ipc. | Jayanta Roy,FIR_details.json,,PENDING
FIR-Electronics-Complex-PS07-1-jpg,FIR,Electronics Complex | 2021 | 399/402 Ipc. | Si Nihar Ranjan Barman Of Ec Ps,FIR_details.json,,PENDING
FIR-Electronics-Complex-PS09-1-jpg,FIR,Electronics Complex | 2020 | 354C Ipc | Priyanka Haldar,FIR_details.json,,PENDING
FIR-Electronics-Complex-PS1-22-1-jpg,FIR,Eco Park | 2022 | 188/269/270Ipc R/W 51(I)(B) Dm Act. &Amp; 02 Of Ed Act. | Psi Navin Tshring Bhutia,FIR_details.json,,PENDING
FIR-Electronics-Complex-PS10-19-1-jpg,FIR,2019 | 420/406 Ipc,FIR_details.json,,PENDING
FIR-Electronics-Complex-PS10-22-1-jpg,FIR,Electronics Complex | 2022 | 341/279/338/195A/506 Ipc | Soma Mondal,FIR_details.json,,PENDING
FIR-Electronics-Complex-PS10-1-jpg,FIR,2020 | Ashutosh Kumar,FIR_details.json,,PENDING
FIR-Electronics-Complex-PS11-19-1-jpg,FIR,2019 | 341/325/506/34 Ipc | Siddhartha Sharma,FIR_details.json,,PENDING
FIR-Electronics-Complex-PS11-22-1-jpg,FIR,Electronics Complex | 2022 | 188/269/270/271 Ipc &Amp; 51 Disaster Management Act-2005. | Asi Suman Ganguly Of Electronics Complex Ps,FIR_details.json,,PENDING
FIR-Electronics-Complex-PS11-1-jpg,FIR,Electronics Complex | 2020 | 420/406/120B Ipc. | Md. Sk. Ansaruddin,FIR_details.json,,PENDING
FIR-Electronics-Complex-PS12-2020-1-jpg,FIR,Electronics Complex | 2020 | 420/406/120B Ipc | Bijan Mondal,FIR_details.json,,PENDING
FIR-Electronics-Complex-PS12-22-1-jpg,FIR,Electronics Complex | 2022 | 188/269/270/271 Ipc &Amp; 51 Disaster Management Act-2005. | Asi Suman Ganguly Of Electronics Complex Ps,FIR_details.json,,PENDING
FIR-Electronics-Complex-PS12-1-jpg,FIR,Electronics Complex | 2021 | 419/420/406/120B Ipc | Dwaipayan Benerjee,FIR_details.json,,PENDING
FIR-Electronics-Complex-PS13-22-1-jpg,FIR,Electronics Complex | 2022 | 188/269/270/271 Ipc &Amp; 51 Disaster Management Act-2005. | Asi Suman Ganguly Of Electronics Complex Ps,FIR_details.json,,PENDING
FIR-Electronics-Complex-PS13-1-jpg,FIR,Electronics Complex | 2020 | 279/338/427 Ipc | Bijan Mondal,FIR_details.json,,PENDING
FIR-Electronics-Complex-PS14-22-1-jpg,FIR,Electronics Complex | 2022 | 279/427/304A Ipc | Iqbal Ahme,FIR_details.json,,PENDING
FIR-Electronics-Complex-PS14-1-jpg,FIR,Electronics Complex | 2020 | 419/420 Ipc. | Dr. Saumen Mapdar,FIR_details.json,,PENDING
FIR-Electronics-Complex-PS15-20-1-jpg,FIR,Electronics Complex | 2020 | 279/337/427 Ipc | Mr. Samik Basu,FIR_details.json,,PENDING
FIR-Electronics-Complex-PS15-22-1-jpg,FIR,Electronics Complex | 2022 | Asi Suman Ganguly Of Electronics Complex Ps,FIR_details.json,,PENDING
FIR-Electronics-Complex-PS15-1-jpg,FIR,Electronics Complex | 2021 | 379/413 Ipc.,FIR_details.json,,PENDING
FIR-Electronics-Complex-PS16-22-1-jpg,FIR,Electronics Complex | 2022 | 188/269/270/271 Ipc &Amp; 51 Disaster Management Act-2005. | Asi Suman Ganguly Of Electronics Complex Ps,FIR_details.json,,PENDING
FIR-Electronics-Complex-PS16-1-jpg,FIR,Electronics Complex | 2020 | 341/323/427/506/34 Ipc | Prof. Anil Bikash Choudhury,FIR_details.json,,PENDING
FIR-Electronics-Complex-PS1-1-jpg,FIR,2021 | Sudip Das,FIR_details.json,,PENDING
FIR-Electronics-Complex-PS2-22-1-jpg,FIR,Rajarhat | 2022 | 417/376 Ipc. | Sahida Khatun,FIR_details.json,,PENDING
FIR-Electronics-Complex-PS2-1-jpg,FIR,Electronics Complex | 2021 | 420/406 Ipc. | Bikash Chandra Paul,FIR_details.json,,PENDING
FIR-Electronics-Complex-PS3-22-1-jpg,FIR,Rajarhat | 2022 | 188/269/270 Ipc &Amp; Section 51 Disaster Management Act. | Amirul Haque Naskar Asi,FIR_details.json,,PENDING
FIR-Electronics-Complex-PS3-1-jpg,FIR,Electronics Complex | 2021 | 420/120B Ipc. | Sujoy Shome,FIR_details.json,,PENDING
FIR-Electronics-Complex-PS4-22-1-jpg,FIR,Rajarhat | 2022 | 498A/325/307/506/34 Ipc &Amp; 3/4 D.P. Act. | Anowara Gayen,FIR_details.json,,PENDING
FIR-Electronics-Complex-PS4-1-jpg,FIR,Electronics Complex | 2021 | 420/406 Ipc. | Chetan Kumar Jain,FIR_details.json,,PENDING
FIR-Electronics-Complex-PS5-21-1-jpg,FIR,2021 | 420/467/120B Ipc | Ajoy Kumar Poddar,FIR_details.json,,PENDING
FIR-Electronics-Complex-PS5-22-1-jpg,FIR,Rajarhat | 2022 | 188/269/270 Ipc &Amp; Section 51 Disaster Management Act. | Pankaj Ghosh Psi,FIR_details.json,,PENDING
FIR-Electronics-Complex-PS5-1-jpg,FIR,Electronics Complex | 2019 | 420/406/34 Ipc.,FIR_details.json,,PENDING
FIR-Electronics-Complex-PS6-21-1-jpg,FIR,Electronics Complex | 2021 | 366 Ipc | Sunita Mandal,FIR_details.json,,PENDING
FIR-Electronics-Complex-PS6-22-1-jpg,FIR,Bidhannagar North | 2022 | 379 Ipc | Mr. Amitava Mukherjee,FIR_details.json,,PENDING
FIR-Electronics-Complex-PS6-1-jpg,FIR,Electronics Complex | 2020 | 419/420/406/120B Ipc,FIR_details.json,,PENDING
FIR-Electronics-Complex-PS7-22-1-jpg,FIR,Bidhannagar North | 2022 | 341/323/506/34 Ipc &Amp; 24 Of The Maintenance Welfare Of Parents And Senior Citizens Act. | Ajay Kumar Bhowmick,FIR_details.json,,PENDING
FIR-Electronics-Complex-PS7-1-jpg,FIR,Electronics Complex | 2020 | 341/323/506/34 Ipc,FIR_details.json,,PENDING
FIR-Electronics-Complex-PS8-21-1-jpg,FIR,Electronics Complex | 2021 | 341/325/307/506/34 Ipc. And 25/27 Arms Act. | Gautami Das,FIR_details.json,,PENDING
FIR-Electronics-Complex-PS8-22-1-jpg,FIR,Rajarhat | 2022 | 326/341/307/34 Ipc. | Baidya Nath Tarafder,FIR_details.json,,PENDING
FIR-Electronics-Complex-PS8-1-jpg,FIR,Electronics Complex | 2020 | 498A/406/323/506 Ipc And Â¾ D.P Act.,FIR_details.json,,PENDING
FIR-Electronics-Complex-PS9-21-1-jpg,FIR,Electronics Complex | 2021 | 498A/307/325/506 Ipc. | Anjana Mallick,FIR_details.json,,PENDING
FIR-Electronics-Complex-PS9-22-1-jpg,FIR,Asi Suman Ganguly Of Electronics Complex Ps,FIR_details.json,,PENDING
FIR-Electronics-Complex-PS9-1-jpg,FIR,2019 | 379 Ipc | Faiz Khan,FIR_details.json,,PENDING
FIR-Lake-Town-PS01-1-jpg,FIR,Lake Town | 2020 | 381 Ipc | Saikat Gupta,FIR_details.json,,PENDING
FIR-Lake-Town-PS02-1-jpg,FIR,Lake Town | 2020 | 419/420/406/120B Ipc | Biswajit Ray Chowdhury,FIR_details.json,,PENDING
FIR-Lake-Town-PS03-1-jpg,FIR,2020 | Priyabala Halder,FIR_details.json,,PENDING
FIR-Lake-Town-PS04-1-jpg,FIR,Lake Town | 2021 | 379/411/413/414 Ipc,FIR_details.json,,PENDING
FIR-Lake-Town-PS05-1-jpg,FIR,Lake Town | 2021 | Mr. Abhishek Chowdhury,FIR_details.json,,PENDING
FIR-Lake-Town-PS06-1-jpg,FIR,Lake Town | 2021 | 498A/34 Ipc | Sangeeta Palit,FIR_details.json,,PENDING
FIR-Lake-Town-PS07-1-jpg,FIR,Lake Town | 279/338/427 Ipc | Niraj Jha,FIR_details.json,,PENDING
FIR-Lake-Town-PS08-1-jpg,FIR,Lake Town | 2021 | 354D/506/34 Ipc | Rituparna Chatterjee,FIR_details.json,,PENDING
FIR-Lake-Town-PS09-1-jpg,FIR,Lake Town | 2021 | 498A/406/34 Ipc &Amp; 3/4 Dp Act.,FIR_details.json,,PENDING
FIR-Lake-Town-PS10-1-jpg,FIR,Lake Town | 2020 | 323/325/506/34 Ipc | Chumki Kundu,FIR_details.json,,PENDING
FIR-Lake-Town-PS11-1-jpg,FIR,Lake Town | 2020 | 342/323/379/406/506/34 Ipc | Roshan Jha,FIR_details.json,,PENDING
FIR-Lake-Town-PS12-1-jpg,FIR,Lake Town | 2021 | 447/323/324/506/34 Ipc | Giri Raj Dey,FIR_details.json,,PENDING
FIR-Lake-Town-PS13-1-jpg,FIR,Lake Town | 2020 | 379 Ipc | Soumen Chatterjee,FIR_details.json,,PENDING
FIR-Lake-Town-PS14-1-jpg,FIR,Lake Town | 2020 | 406/420/120B/506 Ipc | Krishana Maity,FIR_details.json,,PENDING
FIR-Lake-Town-PS15-1-jpg,FIR,Lake Town | 2020 | 341/323/379/363/365/506/ 34 Ipc | Shashi Jaiswal,FIR_details.json,,PENDING
FIR-Lake-Town-PS16-1-jpg,FIR,Lake Town | 2020 | 406/419/468/120B Ipc | Arindam Sen,FIR_details.json,,PENDING
FIR-Lake-Town-PS17-1-jpg,FIR,Lake Town | 2020 | 341/323/325/506 Ipc | Kabita Roy,FIR_details.json,,PENDING
FIR-Lake-Town-PS18-1-jpg,FIR,Lake Town | 2020 | Kalyen Bhattacharja,FIR_details.json,,PENDING
FIR-Lake-Town-PS19-1-jpg,FIR,Lake Town | 363 Ipc,FIR_details.json,,PENDING
FIR-Lake-Town-PS1-1-jpg,FIR,Nscbi Airport | 2022 | 269/188/270 Ipc &Amp; 51 D.M Act. | Psi Nasir Jamal,FIR_details.json,,PENDING
FIR-Lake-Town-PS2-1-jpg,FIR,Nscbi Airport | 2022 | 188/269/270 Ipc &Amp; 51 D.M .Act. | Psi Nasir Jamal,FIR_details.json,,PENDING
FIR-Lake-Town-PS3-1-jpg,FIR,2022 | 188/186/353/332/506 Ipc | Shyamal Roy,FIR_details.json,,PENDING
FIR-Lake-Town-PS4-1-jpg,FIR,Lake Town | 2020 | 420/406/120B Ipc | M.D Javed,FIR_details.json,,PENDING
FIR-Lake-Town-PS5-1-jpg,FIR,342/325 Ipc | Tumpa Dutta,FIR_details.json,,PENDING
FIR-Lake-Town-PS6-1-jpg,FIR,Lake Town | 2020 | 323/509 Ipc | Sudeshna Paul Chowdhury,FIR_details.json,,PENDING
FIR-Lake-Town-PS7-1-jpg,FIR,Lake Town | 2020 | 379/411 Ipc | Amit Kr Mondal,FIR_details.json,,PENDING
FIR-Lake-Town-PS8-1-jpg,FIR,Lake Town | 2020 | 379 Ipc | Zinia Biswas,FIR_details.json,,PENDING
FIR-Lake-Town-PS9-1-jpg,FIR,Lake Town | 2020 | 498A/406/380/504/506 Ipc | Salma Bibi,FIR_details.json,,PENDING
FIR-NSCBI-Airport-PSNSCBI-AIRPORT-0001-2017-2488-1-jpg,FIR,Nscbi Airport | 2017 | U/S 279/338/427 Ipc | Rakhi Debsharma,FIR_details.json,,PENDING
FIR-NSCBI-Airport-PSNSCBI-AIRPORT-0002-2018-9706-1-jpg,FIR,Bikesh Kumar Biswas,FIR_details.json,,PENDING
FIR-NSCBI-Airport-PSNSCBI-AIRPORT-0003-2017-2887-1-jpg,FIR,Nscbi Airport,FIR_details.json,,PENDING
FIR-NSCBI-Airport-PSNSCBI-AIRPORT-0003-2018-3799-1-jpg,FIR,Shri Anjan Das,FIR_details.json,,PENDING
FIR-NSCBI-Airport-PSNSCBI-AIRPORT-0004-2017-3235-1-jpg,FIR,Nscbi Airport | 2017 | U/S 465/468/471 Ipc | Rabindra Nath Adhikary,FIR_details.json,,PENDING
FIR-NSCBI-Airport-PSNSCBI-AIRPORT-0004-2018-5942-1-jpg,FIR,Subhadip Paul,FIR_details.json,,PENDING
FIR-NSCBI-Airport-PSNSCBI-AIRPORT-0005-2018-5904-1-jpg,FIR,Manash Bandhapadhyay,FIR_details.json,,PENDING
FIR-NSCBI-Airport-PSNSCBI-AIRPORT-0008-2017-8566-1-jpg,FIR,Nscbi Airport,FIR_details.json,,PENDING
FIR-NSCBI-Airport-PSNSCBI-AIRPORT-0009-2018-2186-1-jpg,FIR,Bikash Kumar Biswas,FIR_details.json,,PENDING
FIR-NSCBI-Airport-PSNSCBI-AIRPORT-0010-2018-5239-1-jpg,FIR,Mrinal Kanti Narth,FIR_details.json,,PENDING
FIR-NSCBI-Airport-PSNSCBI-AIRPORT-0011-2017-1590-1-jpg,FIR,Nscbi Airport | 2017 | U/S 465/468/471 Ipc | Ranjit Saikia,FIR_details.json,,PENDING
FIR-NSCBI-Airport-PSNSCBI-AIRPORT-0011-2018-4455-1-jpg,FIR,Lalgoulian Vaiphei,FIR_details.json,,PENDING
FIR-NSCBI-Airport-PSNSCBI-AIRPORT-0012-2017-1812-1-jpg,FIR,Nscbi Airport | 2017 | U/S 465/468/471 Ipc | Arun Kr. Das,FIR_details.json,,PENDING
FIR-NSCBI-Airport-PSNSCBI-AIRPORT-0013-2017-2114-1-jpg,FIR,Nscbi Airport | 2017 | Mahatabuddin Mondal,FIR_details.json,,PENDING
FIR-NSCBI-Airport-PSNSCBI-AIRPORT-0013-2018-3457-1-jpg,FIR,Mohan Chandra Patra,FIR_details.json,,PENDING
FIR-Women-PS51-1-jpg,FIR,Women | 2018 | 498A/354/325/307/506/120B Ipc | Gulab Chand Shaw,FIR_details.json,,PENDING
FIR-Women-PS52-1-jpg,FIR,Women | 2018 | Kakuli Das,FIR_details.json,,PENDING
FIR-Women-PS53-1-jpg,FIR,Nscbi Airport | 2018,FIR_details.json,,PENDING
FIR-Women-PSWOMEN-0001-2018-1189-1-jpg,FIR,Women | 2018 | 498A/406/313/34 Ipc,FIR_details.json,,PENDING
FIR-Women-PSWOMEN-0002-2017-2099-1-jpg,FIR,Women | 2017 | Madhumita Ghosh,FIR_details.json,,PENDING
FIR-Women-PSWOMEN-0003-2018-4808-1-jpg,FIR,Women | 2018 | Paromita Pauline Dey,FIR_details.json,,PENDING
FIR-Women-PSWOMEN-0004-2018-2872-1-jpg,FIR,2018 | 498A/307/34 Ipc | Shibani Mondal,FIR_details.json,,PENDING
FIR-Women-PSWOMEN-0005-2018-3968-1-jpg,FIR,Women | 2018,FIR_details.json,,PENDING
FIR-Women-PSWOMEN-0006-2018-3119-1-jpg,FIR,Women | 2018 | 341/47/325/506/34 Ipc | Titas Roy,FIR_details.json,,PENDING
FIR-Women-PSWOMEN-0007-2018-4620-1-jpg,FIR,Women | 2018 | 498A/325/307 Ipc | Tapashi Santra,FIR_details.json,,PENDING
FIR-Women-PSWOMEN-0008-2018-4643-1-jpg,FIR,Women | 2018 | 498A/323/34 Ipc | Survita Mondal,FIR_details.json,,PENDING
FIR-Women-PSWOMEN-0009-2018-4645-1-jpg,FIR,Women | 2018 | 498A/506 Ipc And Sec 4 D.P. Act | Mahashita Das,FIR_details.json,,PENDING
FIR-Women-PSWOMEN-0010-2017-3294-1-jpg,FIR,Women | 2017 | 341/323/326/34 Ipc,FIR_details.json,,PENDING
FIR-Women-PSWOMEN-0010-2018-5325-1-jpg,FIR,Women | 2018 | 498A/494/495 Ipc | Madhuri Kumari,FIR_details.json,,PENDING
FIR-Women-PSWOMEN-0011-2018-5585-1-jpg,FIR,Women | 2018 | 498A/354A/506/34 Ipc And 3/4 D.P Act. | Sumita Kumari Balmiki,FIR_details.json,,PENDING
FIR-Women-PSWOMEN-0012-2017-4054-1-jpg,FIR,Women | 2017,FIR_details.json,,PENDING
FIR-Women-PSWOMEN-0012-2018-3062-1-jpg,FIR,Women | 2018 | 498A/506 Ipc | Rupa Pramanik,FIR_details.json,,PENDING
FIR-Women-PSWOMEN-0013-2018-5015-1-jpg,FIR,Nscbi Airport | 341/325/308/34 Ipc | Mukesh Kr. Roy,FIR_details.json,,PENDING
FIR-Women-PSWOMEN-0014-2018-1609-1-jpg,FIR,Women | 2018 | 498A/323/307/406 Ipc | Arpita Mondal,FIR_details.json,,PENDING
FIR-Women-PSWOMEN-0015-2017-2296-1-jpg,FIR,Women | 2017 | 498A Ipc | Ananya Chakrabarti,FIR_details.json,,PENDING
FIR-Women-PSWOMEN-0015-2018-4208-1-jpg,FIR,Nscbi Airport | 2018 | Mampi Das,FIR_details.json,,PENDING
FIR-Women-PSWOMEN-0016-2018-4785-1-jpg,FIR,2018 | 498A/341/323/325/506(Ii)/307 Ipc | Piyali Pal,FIR_details.json,,PENDING
FIR-Women-PSWOMEN-0017-2017-5604-1-jpg,FIR,Women | 2017 | 498(A) Ipc | Aparna Dey,FIR_details.json,,PENDING
FIR-Women-PSWOMEN-0017-2018-5587-1-jpg,FIR,2018 | 420/465/467/471 Ipc | Debasish Sarkar,FIR_details.json,,PENDING
FIR-Women-PSWOMEN-0018-2018-1194-1-jpg,FIR,Nscbi Airport | 2018 | 279/427 Ipc | Arbinb Kr. Roy,FIR_details.json,,PENDING
FIR-Women-PSWOMEN-0019-2018-1248-1-jpg,FIR,Women | 2018 | 406 Ipc | Ruma Mukherjee,FIR_details.json,,PENDING
FIR-Women-PSWOMEN-0020-2017-5914-1-jpg,FIR,Women | 2017 | 498A/406/34 Ipc And Sec 3/4 D.P. Act. | Sarmistha Das,FIR_details.json,,PENDING
FIR-Women-PSWOMEN-0021-2017-1914-1-jpg,FIR,2017,FIR_details.json,,PENDING
FIR-Women-PSWOMEN-0021-2018-3429-1-jpg,FIR,Nscbi Airport | 2018 | 419/420/465/468/471 Ipc And 12 P.P.Act | Gopal Dutta,FIR_details.json,,PENDING
FIR-Women-PSWOMEN-0022-2017-1970-1-jpg,FIR,Women | 2017 | 341/323/354A/354B Ipc | Pobitra Sardar,FIR_details.json,,PENDING
FIR-Women-PSWOMEN-0023-2017-2391-1-jpg,FIR,Women | 2017 | 498A/ 406/307/ 376/511/ 34 Ipc | Monalisha Dey Banerjee,FIR_details.json,,PENDING
FIR-Women-PSWOMEN-0024-2017-5960-1-jpg,FIR,Women | 2017 | 498A/307/506/509/34 Ipc | Puja Kumari Shaw,FIR_details.json,,PENDING
FIR-Women-PSWOMEN-0025-2017-3083-1-jpg,FIR,Women | 2017 | 341/323/354A/379/506(Ii)/509/34 Ipc | Disha Roy,FIR_details.json,,PENDING
FIR-Women-PSWOMEN-0028-2017-4628-1-jpg,FIR,Women | 2017 | Swati Rustogi,FIR_details.json,,PENDING
FIR-Women-PSWOMEN-0029-2017-5241-1-jpg,FIR,Juthi Chakrabarty,FIR_details.json,,PENDING
FIR-Women-PSWOMEN-0030-2017-8528-1-jpg,FIR,Women | 2017 | 498A/406/34 Ipc | Tanumita Halder,FIR_details.json,,PENDING
FIR-Women-PSWOMEN-0031-2017-1217-1-jpg,FIR,Women | 2017 | 195A/120B Ipc | Mita Sharma(Seth),FIR_details.json,,PENDING
FIR-Women-PSWOMEN-0032-2017-1422-1-jpg,FIR,Women | 2017 | Kamaljit Kaur,FIR_details.json,,PENDING
FIR-Women-PSWOMEN-0034-2017-4612-1-jpg,FIR,Women | 2017 | Panchali Mondal,FIR_details.json,,PENDING
FIR-Women-PSWOMEN-0035-2017-1610-1-jpg,FIR,Women | 2017 | 498A/325/313/406/34 Ipc And Sec 3/4 Dp Act | Debjita Sen,FIR_details.json,,PENDING
FIR-Women-PSWOMEN-0036-2017-4052-1-jpg,FIR,Women | 2017 | 498A/406/34 Ipc | Purnima Ghosh (De),FIR_details.json,,PENDING
FIR-Women-PSWOMEN-0037-2017-4234-1-jpg,FIR,Women | 2017 | Sumita Bera,FIR_details.json,,PENDING
OSINT-00001,OSINT,Synthetic public event listing connected to job opportunity.,synthetic_osint,P067,PENDING
OSINT-00002,OSINT,Synthetic public comment related to festival gathering.,synthetic_osint,P052,PENDING
OSINT-00003,OSINT,Synthetic public event listing connected to job opportunity.,synthetic_osint,P038,PENDING
OSINT-00004,OSINT,Synthetic public post discussing business meeting; references a meeting or activity.,synthetic_osint,P093,PENDING
OSINT-00005,OSINT,Synthetic public mention referencing an individual in context of travel.,synthetic_osint,P075,PENDING
OSINT-00006,OSINT,Synthetic public event listing connected to job opportunity.,synthetic_osint,P058,PENDING
OSINT-00007,OSINT,Synthetic public event listing connected to sports gathering.,synthetic_osint,P101,PENDING
OSINT-00008,OSINT,Synthetic public comment related to sports gathering.,synthetic_osint,P010,PENDING
OSINT-00009,OSINT,Synthetic public comment related to community event.,synthetic_osint,P087,PENDING
OSINT-00010,OSINT,Synthetic public event listing connected to financial discussion.,synthetic_osint,P092,PENDING
OSINT-00011,OSINT,Synthetic public event listing connected to financial discussion.,synthetic_osint,P050,PENDING
OSINT-00012,OSINT,Synthetic public comment related to business meeting.,synthetic_osint,P035,PENDING
OSINT-00013,OSINT,Synthetic public comment related to business meeting.,synthetic_osint,P100,PENDING
OSINT-00014,OSINT,Synthetic public comment related to technology event.,synthetic_osint,P014,PENDING
OSINT-00015,OSINT,Synthetic public event listing connected to technology event.,synthetic_osint,P104,PENDING
OSINT-00016,OSINT,Synthetic public comment related to travel.,synthetic_osint,P036,PENDING
OSINT-00017,OSINT,Synthetic public post discussing financial discussion; references a meeting or activity.,synthetic_osint,P088,PENDING
OSINT-00018,OSINT,Synthetic public comment related to political event.,synthetic_osint,P108,PENDING
OSINT-00019,OSINT,Synthetic public mention referencing an individual in context of travel.,synthetic_osint,P108,PENDING
OSINT-00020,OSINT,Synthetic public event listing connected to community event.,synthetic_osint,P063,PENDING
OSINT-00021,OSINT,Synthetic public mention referencing an individual in context of travel.,synthetic_osint,P003,PENDING
OSINT-00022,OSINT,Synthetic public mention referencing an individual in context of community event.,synthetic_osint,P086,PENDING
OSINT-00023,OSINT,Synthetic public comment related to business meeting.,synthetic_osint,P086,PENDING
OSINT-00024,OSINT,Synthetic public comment related to sports gathering.,synthetic_osint,P066,PENDING
OSINT-00025,OSINT,Synthetic public post discussing financial discussion; references a meeting or activity.,synthetic_osint,P031,PENDING
OSINT-00026,OSINT,Synthetic public post discussing sports gathering; references a meeting or activity.,synthetic_osint,P089,PENDING
OSINT-00027,OSINT,Synthetic public event listing connected to technology event.,synthetic_osint,P087,PENDING
OSINT-00028,OSINT,Synthetic public post discussing technology event; references a meeting or activity.,synthetic_osint,P028,PENDING
OSINT-00029,OSINT,Synthetic public comment related to travel.,synthetic_osint,P101,PENDING
OSINT-00030,OSINT,Synthetic public comment related to job opportunity.,synthetic_osint,P013,PENDING
OSINT-00031,OSINT,Synthetic public comment related to vehicle sale.,synthetic_osint,P054,PENDING
OSINT-00032,OSINT,Synthetic public event listing connected to sports gathering.,synthetic_osint,P008,PENDING
OSINT-00033,OSINT,Synthetic public comment related to travel.,synthetic_osint,P032,PENDING
OSINT-00034,OSINT,Synthetic public event listing connected to technology event.,synthetic_osint,P027,PENDING
OSINT-00035,OSINT,Synthetic public mention referencing an individual in context of political event.,synthetic_osint,P093,PENDING
OSINT-00036,OSINT,Synthetic public event listing connected to community event.,synthetic_osint,P084,PENDING
OSINT-00037,OSINT,Synthetic public event listing connected to technology event.,synthetic_osint,P049,PENDING
OSINT-00038,OSINT,Synthetic public event listing connected to festival gathering.,synthetic_osint,P086,PENDING
OSINT-00039,OSINT,Synthetic public mention referencing an individual in context of technology event.,synthetic_osint,P103,PENDING
OSINT-00040,OSINT,Synthetic public post discussing job opportunity; references a meeting or activity.,synthetic_osint,P106,PENDING
OSINT-00041,OSINT,Synthetic public mention referencing an individual in context of technology event.,synthetic_osint,P081,PENDING
OSINT-00042,OSINT,Synthetic public post discussing travel; references a meeting or activity.,synthetic_osint,P013,PENDING
OSINT-00043,OSINT,Synthetic public mention referencing an individual in context of vehicle sale.,synthetic_osint,P049,PENDING
OSINT-00044,OSINT,Synthetic public comment related to sports gathering.,synthetic_osint,P083,PENDING
OSINT-00045,OSINT,Synthetic public comment related to vehicle sale.,synthetic_osint,P039,PENDING
OSINT-00046,OSINT,Synthetic public mention referencing an individual in context of technology event.,synthetic_osint,P054,PENDING
OSINT-00047,OSINT,Synthetic public post discussing sports gathering; references a meeting or activity.,synthetic_osint,P055,PENDING
OSINT-00048,OSINT,Synthetic public event listing connected to political event.,synthetic_osint,P098,PENDING
OSINT-00049,OSINT,Synthetic public event listing connected to festival gathering.,synthetic_osint,P029,PENDING
OSINT-00050,OSINT,Synthetic public event listing connected to festival gathering.,synthetic_osint,P104,PENDING
OSINT-00051,OSINT,Synthetic public event listing connected to technology event.,synthetic_osint,P100,PENDING
OSINT-00052,OSINT,Synthetic public post discussing sports gathering; references a meeting or activity.,synthetic_osint,P071,PENDING
OSINT-00053,OSINT,Synthetic public event listing connected to vehicle sale.,synthetic_osint,P027,PENDING
OSINT-00054,OSINT,Synthetic public mention referencing an individual in context of travel.,synthetic_osint,P021,PENDING
OSINT-00055,OSINT,Synthetic public event listing connected to community event.,synthetic_osint,P048,PENDING
OSINT-00056,OSINT,Synthetic public mention referencing an individual in context of business meeting.,synthetic_osint,P040,PENDING
OSINT-00057,OSINT,Synthetic public post discussing political event; references a meeting or activity.,synthetic_osint,P040,PENDING
OSINT-00058,OSINT,Synthetic public mention referencing an individual in context of sports gathering.,synthetic_osint,P026,PENDING
OSINT-00059,OSINT,Synthetic public comment related to sports gathering.,synthetic_osint,P093,PENDING
OSINT-00060,OSINT,Synthetic public mention referencing an individual in context of political event.,synthetic_osint,P012,PENDING
OSINT-00061,OSINT,Synthetic public comment related to job opportunity.,synthetic_osint,P007,PENDING
OSINT-00062,OSINT,Synthetic public post discussing vehicle sale; references a meeting or activity.,synthetic_osint,P014,PENDING
OSINT-00063,OSINT,Synthetic public event listing connected to sports gathering.,synthetic_osint,P095,PENDING
OSINT-00064,OSINT,Synthetic public post discussing business meeting; references a meeting or activity.,synthetic_osint,P101,PENDING
OSINT-00065,OSINT,Synthetic public mention referencing an individual in context of political event.,synthetic_osint,P105,PENDING
OSINT-00066,OSINT,Synthetic public mention referencing an individual in context of festival gathering.,synthetic_osint,P073,PENDING
OSINT-00067,OSINT,Synthetic public post discussing sports gathering; references a meeting or activity.,synthetic_osint,P080,PENDING
OSINT-00068,OSINT,Synthetic public mention referencing an individual in context of job opportunity.,synthetic_osint,P034,PENDING
OSINT-00069,OSINT,Synthetic public mention referencing an individual in context of financial discussion.,synthetic_osint,P035,PENDING
OSINT-00070,OSINT,Synthetic public comment related to vehicle sale.,synthetic_osint,P109,PENDING
OSINT-00071,OSINT,Synthetic public event listing connected to business meeting.,synthetic_osint,P099,PENDING
OSINT-00072,OSINT,Synthetic public comment related to technology event.,synthetic_osint,P017,PENDING
OSINT-00073,OSINT,Synthetic public post discussing community event; references a meeting or activity.,synthetic_osint,P056,PENDING
OSINT-00074,OSINT,Synthetic public event listing connected to sports gathering.,synthetic_osint,P015,PENDING
OSINT-00075,OSINT,Synthetic public post discussing technology event; references a meeting or activity.,synthetic_osint,P027,PENDING
OSINT-00076,OSINT,Synthetic public event listing connected to community event.,synthetic_osint,P073,PENDING
OSINT-00077,OSINT,Synthetic public post discussing political event; references a meeting or activity.,synthetic_osint,P034,PENDING
OSINT-00078,OSINT,Synthetic public mention referencing an individual in context of technology event.,synthetic_osint,P109,PENDING
OSINT-00079,OSINT,Synthetic public post discussing festival gathering; references a meeting or activity.,synthetic_osint,P054,PENDING
OSINT-00080,OSINT,Synthetic public comment related to technology event.,synthetic_osint,P061,PENDING
OSINT-00081,OSINT,Synthetic public mention referencing an individual in context of vehicle sale.,synthetic_osint,P049,PENDING
OSINT-00082,OSINT,Synthetic public event listing connected to financial discussion.,synthetic_osint,P058,PENDING
OSINT-00083,OSINT,Synthetic public event listing connected to travel.,synthetic_osint,P045,PENDING
OSINT-00084,OSINT,Synthetic public event listing connected to political event.,synthetic_osint,P013,PENDING
OSINT-00085,OSINT,Synthetic public post discussing travel; references a meeting or activity.,synthetic_osint,P058,PENDING
OSINT-00086,OSINT,Synthetic public event listing connected to festival gathering.,synthetic_osint,P055,PENDING
OSINT-00087,OSINT,Synthetic public post discussing vehicle sale; references a meeting or activity.,synthetic_osint,P082,PENDING
OSINT-00088,OSINT,Synthetic public mention referencing an individual in context of sports gathering.,synthetic_osint,P022,PENDING
OSINT-00089,OSINT,Synthetic public comment related to vehicle sale.,synthetic_osint,P037,PENDING
OSINT-00090,OSINT,Synthetic public comment related to job opportunity.,synthetic_osint,P103,PENDING
OSINT-00091,OSINT,Synthetic public event listing connected to financial discussion.,synthetic_osint,P052,PENDING
OSINT-00092,OSINT,Synthetic public event listing connected to festival gathering.,synthetic_osint,P093,PENDING
OSINT-00093,OSINT,Synthetic public event listing connected to sports gathering.,synthetic_osint,P039,PENDING
OSINT-00094,OSINT,Synthetic public post discussing financial discussion; references a meeting or activity.,synthetic_osint,P082,PENDING
OSINT-00095,OSINT,Synthetic public mention referencing an individual in context of sports gathering.,synthetic_osint,P037,PENDING
OSINT-00096,OSINT,Synthetic public comment related to business meeting.,synthetic_osint,P050,PENDING
OSINT-00097,OSINT,Synthetic public post discussing political event; references a meeting or activity.,synthetic_osint,P082,PENDING
OSINT-00098,OSINT,Synthetic public comment related to festival gathering.,synthetic_osint,P043,PENDING
OSINT-00099,OSINT,Synthetic public comment related to business meeting.,synthetic_osint,P030,PENDING
OSINT-00100,OSINT,Synthetic public event listing connected to technology event.,synthetic_osint,P075,PENDING
OSINT-00101,OSINT,Synthetic public mention referencing an individual in context of job opportunity.,synthetic_osint,P081,PENDING
OSINT-00102,OSINT,Synthetic public comment related to festival gathering.,synthetic_osint,P031,PENDING
OSINT-00103,OSINT,Synthetic public post discussing festival gathering; references a meeting or activity.,synthetic_osint,P076,PENDING
OSINT-00104,OSINT,Synthetic public mention referencing an individual in context of technology event.,synthetic_osint,P104,PENDING
OSINT-00105,OSINT,Synthetic public mention referencing an individual in context of financial discussion.,synthetic_osint,P082,PENDING
OSINT-00106,OSINT,Synthetic public comment related to job opportunity.,synthetic_osint,P049,PENDING
OSINT-00107,OSINT,Synthetic public event listing connected to vehicle sale.,synthetic_osint,P092,PENDING
OSINT-00108,OSINT,Synthetic public post discussing sports gathering; references a meeting or activity.,synthetic_osint,P087,PENDING
OSINT-00109,OSINT,Synthetic public post discussing travel; references a meeting or activity.,synthetic_osint,P049,PENDING
OSINT-00110,OSINT,Synthetic public event listing connected to sports gathering.,synthetic_osint,P079,PENDING
OSINT-00111,OSINT,Synthetic public mention referencing an individual in context of business meeting.,synthetic_osint,P002,PENDING
OSINT-00112,OSINT,Synthetic public post discussing travel; references a meeting or activity.,synthetic_osint,P092,PENDING
OSINT-00113,OSINT,Synthetic public comment related to sports gathering.,synthetic_osint,P105,PENDING
OSINT-00114,OSINT,Synthetic public mention referencing an individual in context of sports gathering.,synthetic_osint,P050,PENDING
OSINT-00115,OSINT,Synthetic public comment related to business meeting.,synthetic_osint,P088,PENDING
OSINT-00116,OSINT,Synthetic public mention referencing an individual in context of job opportunity.,synthetic_osint,P045,PENDING
OSINT-00117,OSINT,Synthetic public event listing connected to sports gathering.,synthetic_osint,P024,PENDING
OSINT-00118,OSINT,Synthetic public mention referencing an individual in context of community event.,synthetic_osint,P097,PENDING
OSINT-00119,OSINT,Synthetic public post discussing technology event; references a meeting or activity.,synthetic_osint,P098,PENDING
OSINT-00120,OSINT,Synthetic public post discussing vehicle sale; references a meeting or activity.,synthetic_osint,P063,PENDING
OSINT-00121,OSINT,Synthetic public mention referencing an individual in context of travel.,synthetic_osint,P025,PENDING
OSINT-00122,OSINT,Synthetic public event listing connected to political event.,synthetic_osint,P011,PENDING
OSINT-00123,OSINT,Synthetic public comment related to festival gathering.,synthetic_osint,P069,PENDING
OSINT-00124,OSINT,Synthetic public comment related to vehicle sale.,synthetic_osint,P070,PENDING
OSINT-00125,OSINT,Synthetic public mention referencing an individual in context of festival gathering.,synthetic_osint,P080,PENDING
OSINT-00126,OSINT,Synthetic public comment related to political event.,synthetic_osint,P068,PENDING
OSINT-00127,OSINT,Synthetic public post discussing community event; references a meeting or activity.,synthetic_osint,P079,PENDING
OSINT-00128,OSINT,Synthetic public event listing connected to sports gathering.,synthetic_osint,P105,PENDING
OSINT-00129,OSINT,Synthetic public comment related to financial discussion.,synthetic_osint,P096,PENDING
OSINT-00130,OSINT,Synthetic public mention referencing an individual in context of job opportunity.,synthetic_osint,P033,PENDING
OSINT-00131,OSINT,Synthetic public event listing connected to business meeting.,synthetic_osint,P100,PENDING
OSINT-00132,OSINT,Synthetic public event listing connected to technology event.,synthetic_osint,P050,PENDING
OSINT-00133,OSINT,Synthetic public event listing connected to financial discussion.,synthetic_osint,P074,PENDING
OSINT-00134,OSINT,Synthetic public post discussing travel; references a meeting or activity.,synthetic_osint,P038,PENDING
OSINT-00135,OSINT,Synthetic public post discussing job opportunity; references a meeting or activity.,synthetic_osint,P076,PENDING
OSINT-00136,OSINT,Synthetic public post discussing financial discussion; references a meeting or activity.,synthetic_osint,P109,PENDING
OSINT-00137,OSINT,Synthetic public mention referencing an individual in context of travel.,synthetic_osint,P011,PENDING
OSINT-00138,OSINT,Synthetic public comment related to sports gathering.,synthetic_osint,P073,PENDING
OSINT-00139,OSINT,Synthetic public mention referencing an individual in context of community event.,synthetic_osint,P083,PENDING
OSINT-00140,OSINT,Synthetic public post discussing community event; references a meeting or activity.,synthetic_osint,P030,PENDING
OSINT-00141,OSINT,Synthetic public post discussing business meeting; references a meeting or activity.,synthetic_osint,P082,PENDING
OSINT-00142,OSINT,Synthetic public event listing connected to job opportunity.,synthetic_osint,P010,PENDING
OSINT-00143,OSINT,Synthetic public mention referencing an individual in context of festival gathering.,synthetic_osint,P002,PENDING
OSINT-00144,OSINT,Synthetic public mention referencing an individual in context of job opportunity.,synthetic_osint,P043,PENDING
OSINT-00145,OSINT,Synthetic public mention referencing an individual in context of political event.,synthetic_osint,P071,PENDING
OSINT-00146,OSINT,Synthetic public post discussing financial discussion; references a meeting or activity.,synthetic_osint,P058,PENDING
OSINT-00147,OSINT,Synthetic public comment related to job opportunity.,synthetic_osint,P079,PENDING
OSINT-00148,OSINT,Synthetic public comment related to vehicle sale.,synthetic_osint,P080,PENDING
OSINT-00149,OSINT,Synthetic public post discussing travel; references a meeting or activity.,synthetic_osint,P108,PENDING
OSINT-00150,OSINT,Synthetic public post discussing festival gathering; references a meeting or activity.,synthetic_osint,P063,PENDING
OSINT-00151,OSINT,Synthetic public post discussing sports gathering; references a meeting or activity.,synthetic_osint,P039,PENDING
OSINT-00152,OSINT,Synthetic public mention referencing an individual in context of job opportunity.,synthetic_osint,P047,PENDING
OSINT-00153,OSINT,Synthetic public post discussing community event; references a meeting or activity.,synthetic_osint,P026,PENDING
OSINT-00154,OSINT,Synthetic public comment related to vehicle sale.,synthetic_osint,P028,PENDING
OSINT-00155,OSINT,Synthetic public event listing connected to vehicle sale.,synthetic_osint,P002,PENDING
OSINT-00156,OSINT,Synthetic public event listing connected to festival gathering.,synthetic_osint,P089,PENDING
OSINT-00157,OSINT,Synthetic public mention referencing an individual in context of travel.,synthetic_osint,P015,PENDING
OSINT-00158,OSINT,Synthetic public comment related to festival gathering.,synthetic_osint,P025,PENDING
OSINT-00159,OSINT,Synthetic public post discussing political event; references a meeting or activity.,synthetic_osint,P078,PENDING
OSINT-00160,OSINT,Synthetic public comment related to community event.,synthetic_osint,P103,PENDING
OSINT-00161,OSINT,Synthetic public event listing connected to political event.,synthetic_osint,P016,PENDING
OSINT-00162,OSINT,Synthetic public mention referencing an individual in context of community event.,synthetic_osint,P007,PENDING
OSINT-00163,OSINT,Synthetic public event listing connected to community event.,synthetic_osint,P070,PENDING
OSINT-00164,OSINT,Synthetic public mention referencing an individual in context of technology event.,synthetic_osint,P058,PENDING
OSINT-00165,OSINT,Synthetic public post discussing political event; references a meeting or activity.,synthetic_osint,P013,PENDING
OSINT-00166,OSINT,Synthetic public event listing connected to job opportunity.,synthetic_osint,P104,PENDING
OSINT-00167,OSINT,Synthetic public post discussing sports gathering; references a meeting or activity.,synthetic_osint,P053,PENDING
OSINT-00168,OSINT,Synthetic public mention referencing an individual in context of festival gathering.,synthetic_osint,P037,PENDING
OSINT-00169,OSINT,Synthetic public post discussing business meeting; references a meeting or activity.,synthetic_osint,P052,PENDING
OSINT-00170,OSINT,Synthetic public event listing connected to financial discussion.,synthetic_osint,P067,PENDING
OSINT-00171,OSINT,Synthetic public post discussing travel; references a meeting or activity.,synthetic_osint,P008,PENDING
OSINT-00172,OSINT,Synthetic public event listing connected to vehicle sale.,synthetic_osint,P109,PENDING
OSINT-00173,OSINT,Synthetic public post discussing business meeting; references a meeting or activity.,synthetic_osint,P086,PENDING
OSINT-00174,OSINT,Synthetic public event listing connected to vehicle sale.,synthetic_osint,P017,PENDING
OSINT-00175,OSINT,Synthetic public event listing connected to community event.,synthetic_osint,P017,PENDING
OSINT-00176,OSINT,Synthetic public event listing connected to job opportunity.,synthetic_osint,P005,PENDING
OSINT-00177,OSINT,Synthetic public post discussing technology event; references a meeting or activity.,synthetic_osint,P051,PENDING
OSINT-00178,OSINT,Synthetic public comment related to business meeting.,synthetic_osint,P064,PENDING
OSINT-00179,OSINT,Synthetic public event listing connected to financial discussion.,synthetic_osint,P012,PENDING
OSINT-00180,OSINT,Synthetic public mention referencing an individual in context of travel.,synthetic_osint,P018,PENDING
OSINT-00181,OSINT,Synthetic public mention referencing an individual in context of job opportunity.,synthetic_osint,P091,PENDING
OSINT-00182,OSINT,Synthetic public post discussing festival gathering; references a meeting or activity.,synthetic_osint,P064,PENDING
OSINT-00183,OSINT,Synthetic public post discussing festival gathering; references a meeting or activity.,synthetic_osint,P007,PENDING
OSINT-00184,OSINT,Synthetic public event listing connected to sports gathering.,synthetic_osint,P043,PENDING
OSINT-00185,OSINT,Synthetic public mention referencing an individual in context of financial discussion.,synthetic_osint,P108,PENDING
OSINT-00186,OSINT,Synthetic public post discussing job opportunity; references a meeting or activity.,synthetic_osint,P014,PENDING
OSINT-00187,OSINT,Synthetic public event listing connected to travel.,synthetic_osint,P025,PENDING
OSINT-00188,OSINT,Synthetic public mention referencing an individual in context of community event.,synthetic_osint,P072,PENDING
OSINT-00189,OSINT,Synthetic public mention referencing an individual in context of job opportunity.,synthetic_osint,P085,PENDING
OSINT-00190,OSINT,Synthetic public mention referencing an individual in context of community event.,synthetic_osint,P046,PENDING
OSINT-00191,OSINT,Synthetic public comment related to festival gathering.,synthetic_osint,P065,PENDING
OSINT-00192,OSINT,Synthetic public comment related to political event.,synthetic_osint,P039,PENDING
OSINT-00193,OSINT,Synthetic public comment related to technology event.,synthetic_osint,P097,PENDING
OSINT-00194,OSINT,Synthetic public post discussing festival gathering; references a meeting or activity.,synthetic_osint,P094,PENDING
OSINT-00195,OSINT,Synthetic public comment related to financial discussion.,synthetic_osint,P075,PENDING
OSINT-00196,OSINT,Synthetic public event listing connected to financial discussion.,synthetic_osint,P097,PENDING
OSINT-00197,OSINT,Synthetic public post discussing business meeting; references a meeting or activity.,synthetic_osint,P070,PENDING
OSINT-00198,OSINT,Synthetic public mention referencing an individual in context of political event.,synthetic_osint,P026,PENDING
OSINT-00199,OSINT,Synthetic public mention referencing an individual in context of vehicle sale.,synthetic_osint,P106,PENDING
OSINT-00200,OSINT,Synthetic public event listing connected to financial discussion.,synthetic_osint,P006,PENDING
OSINT-00201,OSINT,Synthetic public event listing connected to job opportunity.,synthetic_osint,P084,PENDING
OSINT-00202,OSINT,Synthetic public post discussing sports gathering; references a meeting or activity.,synthetic_osint,P098,PENDING
OSINT-00203,OSINT,Synthetic public comment related to vehicle sale.,synthetic_osint,P076,PENDING
OSINT-00204,OSINT,Synthetic public event listing connected to political event.,synthetic_osint,P033,PENDING
OSINT-00205,OSINT,Synthetic public event listing connected to festival gathering.,synthetic_osint,P017,PENDING
OSINT-00206,OSINT,Synthetic public mention referencing an individual in context of political event.,synthetic_osint,P102,PENDING
OSINT-00207,OSINT,Synthetic public mention referencing an individual in context of job opportunity.,synthetic_osint,P048,PENDING
OSINT-00208,OSINT,Synthetic public post discussing technology event; references a meeting or activity.,synthetic_osint,P107,PENDING
OSINT-00209,OSINT,Synthetic public comment related to technology event.,synthetic_osint,P036,PENDING
OSINT-00210,OSINT,Synthetic public event listing connected to community event.,synthetic_osint,P033,PENDING
OSINT-00211,OSINT,Synthetic public post discussing vehicle sale; references a meeting or activity.,synthetic_osint,P020,PENDING
OSINT-00212,OSINT,Synthetic public event listing connected to sports gathering.,synthetic_osint,P042,PENDING
OSINT-00213,OSINT,Synthetic public event listing connected to travel.,synthetic_osint,P077,PENDING
OSINT-00214,OSINT,Synthetic public mention referencing an individual in context of job opportunity.,synthetic_osint,P096,PENDING
OSINT-00215,OSINT,Synthetic public event listing connected to political event.,synthetic_osint,P006,PENDING
OSINT-00216,OSINT,Synthetic public mention referencing an individual in context of job opportunity.,synthetic_osint,P056,PENDING
OSINT-00217,OSINT,Synthetic public event listing connected to job opportunity.,synthetic_osint,P003,PENDING
OSINT-00218,OSINT,Synthetic public event listing connected to business meeting.,synthetic_osint,P090,PENDING
OSINT-00219,OSINT,Synthetic public comment related to financial discussion.,synthetic_osint,P061,PENDING
OSINT-00220,OSINT,Synthetic public comment related to sports gathering.,synthetic_osint,P075,PENDING
OSINT-00221,OSINT,Synthetic public mention referencing an individual in context of travel.,synthetic_osint,P004,PENDING
OSINT-00222,OSINT,Synthetic public event listing connected to technology event.,synthetic_osint,P071,PENDING
OSINT-00223,OSINT,Synthetic public event listing connected to travel.,synthetic_osint,P031,PENDING
OSINT-00224,OSINT,Synthetic public mention referencing an individual in context of sports gathering.,synthetic_osint,P050,PENDING
OSINT-00225,OSINT,Synthetic public event listing connected to job opportunity.,synthetic_osint,P012,PENDING
OSINT-00226,OSINT,Synthetic public comment related to technology event.,synthetic_osint,P080,PENDING
OSINT-00227,OSINT,Synthetic public comment related to business meeting.,synthetic_osint,P010,PENDING
OSINT-00228,OSINT,Synthetic public comment related to vehicle sale.,synthetic_osint,P100,PENDING
OSINT-00229,OSINT,Synthetic public post discussing festival gathering; references a meeting or activity.,synthetic_osint,P091,PENDING
OSINT-00230,OSINT,Synthetic public comment related to job opportunity.,synthetic_osint,P090,PENDING
OSINT-00231,OSINT,Synthetic public post discussing travel; references a meeting or activity.,synthetic_osint,P061,PENDING
OSINT-00232,OSINT,Synthetic public event listing connected to community event.,synthetic_osint,P084,PENDING
OSINT-00233,OSINT,Synthetic public event listing connected to political event.,synthetic_osint,P036,PENDING
OSINT-00234,OSINT,Synthetic public event listing connected to vehicle sale.,synthetic_osint,P045,PENDING
OSINT-00235,OSINT,Synthetic public event listing connected to sports gathering.,synthetic_osint,P087,PENDING
OSINT-00236,OSINT,Synthetic public post discussing travel; references a meeting or activity.,synthetic_osint,P078,PENDING
OSINT-00237,OSINT,Synthetic public mention referencing an individual in context of business meeting.,synthetic_osint,P094,PENDING
OSINT-00238,OSINT,Synthetic public post discussing sports gathering; references a meeting or activity.,synthetic_osint,P006,PENDING
OSINT-00239,OSINT,Synthetic public comment related to business meeting.,synthetic_osint,P027,PENDING
OSINT-00240,OSINT,Synthetic public mention referencing an individual in context of technology event.,synthetic_osint,P002,PENDING
OSINT-00241,OSINT,Synthetic public mention referencing an individual in context of vehicle sale.,synthetic_osint,P014,PENDING
OSINT-00242,OSINT,Synthetic public comment related to festival gathering.,synthetic_osint,P031,PENDING
OSINT-00243,OSINT,Synthetic public mention referencing an individual in context of sports gathering.,synthetic_osint,P098,PENDING
OSINT-00244,OSINT,Synthetic public event listing connected to festival gathering.,synthetic_osint,P086,PENDING
OSINT-00245,OSINT,Synthetic public comment related to technology event.,synthetic_osint,P096,PENDING
OSINT-00246,OSINT,Synthetic public mention referencing an individual in context of job opportunity.,synthetic_osint,P020,PENDING
OSINT-00247,OSINT,Synthetic public comment related to festival gathering.,synthetic_osint,P037,PENDING
OSINT-00248,OSINT,Synthetic public event listing connected to sports gathering.,synthetic_osint,P094,PENDING
OSINT-00249,OSINT,Synthetic public comment related to financial discussion.,synthetic_osint,P107,PENDING
OSINT-00250,OSINT,Synthetic public post discussing political event; references a meeting or activity.,synthetic_osint,P082,PENDING
OSINT-00251,OSINT,Synthetic public mention referencing an individual in context of sports gathering.,synthetic_osint,P006,PENDING
OSINT-00252,OSINT,Synthetic public event listing connected to technology event.,synthetic_osint,P066,PENDING
OSINT-00253,OSINT,Synthetic public post discussing technology event; references a meeting or activity.,synthetic_osint,P045,PENDING
OSINT-00254,OSINT,Synthetic public comment related to community event.,synthetic_osint,P087,PENDING
OSINT-00255,OSINT,Synthetic public comment related to travel.,synthetic_osint,P099,PENDING
OSINT-00256,OSINT,Synthetic public comment related to festival gathering.,synthetic_osint,P067,PENDING
OSINT-00257,OSINT,Synthetic public comment related to travel.,synthetic_osint,P059,PENDING
OSINT-00258,OSINT,Synthetic public comment related to vehicle sale.,synthetic_osint,P056,PENDING
OSINT-00259,OSINT,Synthetic public event listing connected to financial discussion.,synthetic_osint,P019,PENDING
OSINT-00260,OSINT,Synthetic public comment related to community event.,synthetic_osint,P008,PENDING
OSINT-00261,OSINT,Synthetic public post discussing sports gathering; references a meeting or activity.,synthetic_osint,P098,PENDING
OSINT-00262,OSINT,Synthetic public comment related to political event.,synthetic_osint,P086,PENDING
OSINT-00263,OSINT,Synthetic public post discussing business meeting; references a meeting or activity.,synthetic_osint,P068,PENDING
OSINT-00264,OSINT,Synthetic public post discussing community event; references a meeting or activity.,synthetic_osint,P096,PENDING
OSINT-00265,OSINT,Synthetic public mention referencing an individual in context of technology event.,synthetic_osint,P003,PENDING
OSINT-00266,OSINT,Synthetic public comment related to travel.,synthetic_osint,P003,PENDING
OSINT-00267,OSINT,Synthetic public post discussing community event; references a meeting or activity.,synthetic_osint,P030,PENDING
OSINT-00268,OSINT,Synthetic public mention referencing an individual in context of technology event.,synthetic_osint,P002,PENDING
OSINT-00269,OSINT,Synthetic public comment related to financial discussion.,synthetic_osint,P064,PENDING
OSINT-00270,OSINT,Synthetic public comment related to political event.,synthetic_osint,P109,PENDING
OSINT-00271,OSINT,Synthetic public comment related to job opportunity.,synthetic_osint,P098,PENDING
OSINT-00272,OSINT,Synthetic public event listing connected to financial discussion.,synthetic_osint,P055,PENDING
OSINT-00273,OSINT,Synthetic public mention referencing an individual in context of community event.,synthetic_osint,P037,PENDING
OSINT-00274,OSINT,Synthetic public mention referencing an individual in context of travel.,synthetic_osint,P007,PENDING
OSINT-00275,OSINT,Synthetic public comment related to job opportunity.,synthetic_osint,P025,PENDING
OSINT-00276,OSINT,Synthetic public post discussing vehicle sale; references a meeting or activity.,synthetic_osint,P021,PENDING
OSINT-00277,OSINT,Synthetic public post discussing festival gathering; references a meeting or activity.,synthetic_osint,P002,PENDING
OSINT-00278,OSINT,Synthetic public comment related to sports gathering.,synthetic_osint,P004,PENDING
OSINT-00279,OSINT,Synthetic public mention referencing an individual in context of financial discussion.,synthetic_osint,P072,PENDING
OSINT-00280,OSINT,Synthetic public comment related to technology event.,synthetic_osint,P058,PENDING
OSINT-00281,OSINT,Synthetic public post discussing political event; references a meeting or activity.,synthetic_osint,P058,PENDING
OSINT-00282,OSINT,Synthetic public comment related to vehicle sale.,synthetic_osint,P025,PENDING
OSINT-00283,OSINT,Synthetic public event listing connected to technology event.,synthetic_osint,P054,PENDING
OSINT-00284,OSINT,Synthetic public event listing connected to vehicle sale.,synthetic_osint,P089,PENDING
OSINT-00285,OSINT,Synthetic public comment related to technology event.,synthetic_osint,P031,PENDING
OSINT-00286,OSINT,Synthetic public event listing connected to technology event.,synthetic_osint,P027,PENDING
OSINT-00287,OSINT,Synthetic public comment related to technology event.,synthetic_osint,P007,PENDING
OSINT-00288,OSINT,Synthetic public comment related to vehicle sale.,synthetic_osint,P093,PENDING
OSINT-00289,OSINT,Synthetic public comment related to festival gathering.,synthetic_osint,P009,PENDING
OSINT-00290,OSINT,Synthetic public mention referencing an individual in context of political event.,synthetic_osint,P101,PENDING
OSINT-00291,OSINT,Synthetic public post discussing financial discussion; references a meeting or activity.,synthetic_osint,P103,PENDING
OSINT-00292,OSINT,Synthetic public comment related to travel.,synthetic_osint,P053,PENDING
OSINT-00293,OSINT,Synthetic public mention referencing an individual in context of festival gathering.,synthetic_osint,P031,PENDING
OSINT-00294,OSINT,Synthetic public comment related to financial discussion.,synthetic_osint,P040,PENDING
OSINT-00295,OSINT,Synthetic public event listing connected to community event.,synthetic_osint,P015,PENDING
OSINT-00296,OSINT,Synthetic public comment related to financial discussion.,synthetic_osint,P108,PENDING
OSINT-00297,OSINT,Synthetic public mention referencing an individual in context of financial discussion.,synthetic_osint,P086,PENDING
OSINT-00298,OSINT,Synthetic public post discussing business meeting; references a meeting or activity.,synthetic_osint,P010,PENDING
OSINT-00299,OSINT,Synthetic public mention referencing an individual in context of travel.,synthetic_osint,P004,PENDING
OSINT-00300,OSINT,Synthetic public comment related to travel.,synthetic_osint,P027,PENDING
OSINT-00301,OSINT,Synthetic public mention referencing an individual in context of sports gathering.,synthetic_osint,P027,PENDING
OSINT-00302,OSINT,Synthetic public comment related to business meeting.,synthetic_osint,P103,PENDING
OSINT-00303,OSINT,Synthetic public comment related to sports gathering.,synthetic_osint,P030,PENDING
OSINT-00304,OSINT,Synthetic public mention referencing an individual in context of festival gathering.,synthetic_osint,P001,PENDING
OSINT-00305,OSINT,Synthetic public event listing connected to travel.,synthetic_osint,P054,PENDING
OSINT-00306,OSINT,Synthetic public comment related to travel.,synthetic_osint,P022,PENDING
OSINT-00307,OSINT,Synthetic public mention referencing an individual in context of financial discussion.,synthetic_osint,P081,PENDING
OSINT-00308,OSINT,Synthetic public event listing connected to sports gathering.,synthetic_osint,P077,PENDING
OSINT-00309,OSINT,Synthetic public comment related to festival gathering.,synthetic_osint,P108,PENDING
OSINT-00310,OSINT,Synthetic public post discussing sports gathering; references a meeting or activity.,synthetic_osint,P103,PENDING
OSINT-00311,OSINT,Synthetic public event listing connected to vehicle sale.,synthetic_osint,P002,PENDING
OSINT-00312,OSINT,Synthetic public post discussing sports gathering; references a meeting or activity.,synthetic_osint,P010,PENDING
OSINT-00313,OSINT,Synthetic public event listing connected to vehicle sale.,synthetic_osint,P042,PENDING
OSINT-00314,OSINT,Synthetic public event listing connected to financial discussion.,synthetic_osint,P031,PENDING
OSINT-00315,OSINT,Synthetic public mention referencing an individual in context of technology event.,synthetic_osint,P077,PENDING
OSINT-00316,OSINT,Synthetic public mention referencing an individual in context of sports gathering.,synthetic_osint,P099,PENDING
OSINT-00317,OSINT,Synthetic public event listing connected to travel.,synthetic_osint,P109,PENDING
OSINT-00318,OSINT,Synthetic public post discussing job opportunity; references a meeting or activity.,synthetic_osint,P076,PENDING
OSINT-00319,OSINT,Synthetic public comment related to sports gathering.,synthetic_osint,P014,PENDING
OSINT-00320,OSINT,Synthetic public comment related to sports gathering.,synthetic_osint,P053,PENDING
OSINT-00321,OSINT,Synthetic public event listing connected to technology event.,synthetic_osint,P088,PENDING
OSINT-00322,OSINT,Synthetic public post discussing political event; references a meeting or activity.,synthetic_osint,P056,PENDING
OSINT-00323,OSINT,Synthetic public mention referencing an individual in context of sports gathering.,synthetic_osint,P020,PENDING
OSINT-00324,OSINT,Synthetic public mention referencing an individual in context of technology event.,synthetic_osint,P071,PENDING
OSINT-00325,OSINT,Synthetic public comment related to political event.,synthetic_osint,P027,PENDING
OSINT-00326,OSINT,Synthetic public mention referencing an individual in context of technology event.,synthetic_osint,P010,PENDING
OSINT-00327,OSINT,Synthetic public event listing connected to festival gathering.,synthetic_osint,P015,PENDING
OSINT-00328,OSINT,Synthetic public post discussing job opportunity; references a meeting or activity.,synthetic_osint,P024,PENDING
OSINT-00329,OSINT,Synthetic public mention referencing an individual in context of business meeting.,synthetic_osint,P108,PENDING
OSINT-00330,OSINT,Synthetic public mention referencing an individual in context of job opportunity.,synthetic_osint,P090,PENDING
OSINT-00331,OSINT,Synthetic public comment related to business meeting.,synthetic_osint,P076,PENDING
OSINT-00332,OSINT,Synthetic public post discussing job opportunity; references a meeting or activity.,synthetic_osint,P010,PENDING
OSINT-00333,OSINT,Synthetic public mention referencing an individual in context of financial discussion.,synthetic_osint,P069,PENDING
OSINT-00334,OSINT,Synthetic public comment related to technology event.,synthetic_osint,P015,PENDING
OSINT-00335,OSINT,Synthetic public post discussing vehicle sale; references a meeting or activity.,synthetic_osint,P049,PENDING
OSINT-00336,OSINT,Synthetic public comment related to financial discussion.,synthetic_osint,P095,PENDING
OSINT-00337,OSINT,Synthetic public comment related to community event.,synthetic_osint,P105,PENDING
OSINT-00338,OSINT,Synthetic public mention referencing an individual in context of travel.,synthetic_osint,P065,PENDING
OSINT-00339,OSINT,Synthetic public event listing connected to festival gathering.,synthetic_osint,P051,PENDING
OSINT-00340,OSINT,Synthetic public event listing connected to vehicle sale.,synthetic_osint,P108,PENDING
OSINT-00341,OSINT,Synthetic public mention referencing an individual in context of travel.,synthetic_osint,P092,PENDING
OSINT-00342,OSINT,Synthetic public mention referencing an individual in context of technology event.,synthetic_osint,P014,PENDING
OSINT-00343,OSINT,Synthetic public post discussing community event; references a meeting or activity.,synthetic_osint,P017,PENDING
OSINT-00344,OSINT,Synthetic public comment related to financial discussion.,synthetic_osint,P027,PENDING
OSINT-00345,OSINT,Synthetic public mention referencing an individual in context of sports gathering.,synthetic_osint,P065,PENDING
OSINT-00346,OSINT,Synthetic public comment related to vehicle sale.,synthetic_osint,P026,PENDING
OSINT-00347,OSINT,Synthetic public comment related to business meeting.,synthetic_osint,P007,PENDING
OSINT-00348,OSINT,Synthetic public event listing connected to political event.,synthetic_osint,P065,PENDING
OSINT-00349,OSINT,Synthetic public event listing connected to festival gathering.,synthetic_osint,P077,PENDING
OSINT-00350,OSINT,Synthetic public post discussing festival gathering; references a meeting or activity.,synthetic_osint,P080,PENDING
OSINT-00351,OSINT,Synthetic public event listing connected to festival gathering.,synthetic_osint,P091,PENDING
OSINT-00352,OSINT,Synthetic public mention referencing an individual in context of job opportunity.,synthetic_osint,P013,PENDING
OSINT-00353,OSINT,Synthetic public mention referencing an individual in context of business meeting.,synthetic_osint,P058,PENDING
OSINT-00354,OSINT,Synthetic public comment related to political event.,synthetic_osint,P046,PENDING
OSINT-00355,OSINT,Synthetic public post discussing political event; references a meeting or activity.,synthetic_osint,P094,PENDING
OSINT-00356,OSINT,Synthetic public mention referencing an individual in context of community event.,synthetic_osint,P056,PENDING
OSINT-00357,OSINT,Synthetic public post discussing sports gathering; references a meeting or activity.,synthetic_osint,P023,PENDING
OSINT-00358,OSINT,Synthetic public comment related to job opportunity.,synthetic_osint,P101,PENDING
OSINT-00359,OSINT,Synthetic public post discussing political event; references a meeting or activity.,synthetic_osint,P087,PENDING
OSINT-00360,OSINT,Synthetic public event listing connected to technology event.,synthetic_osint,P089,PENDING
OSINT-00361,OSINT,Synthetic public mention referencing an individual in context of job opportunity.,synthetic_osint,P066,PENDING
OSINT-00362,OSINT,Synthetic public mention referencing an individual in context of community event.,synthetic_osint,P061,PENDING
OSINT-00363,OSINT,Synthetic public event listing connected to technology event.,synthetic_osint,P050,PENDING
OSINT-00364,OSINT,Synthetic public event listing connected to sports gathering.,synthetic_osint,P042,PENDING
OSINT-00365,OSINT,Synthetic public post discussing job opportunity; references a meeting or activity.,synthetic_osint,P069,PENDING
OSINT-00366,OSINT,Synthetic public post discussing vehicle sale; references a meeting or activity.,synthetic_osint,P101,PENDING
OSINT-00367,OSINT,Synthetic public event listing connected to political event.,synthetic_osint,P052,PENDING
OSINT-00368,OSINT,Synthetic public event listing connected to technology event.,synthetic_osint,P041,PENDING
OSINT-00369,OSINT,Synthetic public post discussing vehicle sale; references a meeting or activity.,synthetic_osint,P027,PENDING
OSINT-00370,OSINT,Synthetic public post discussing political event; references a meeting or activity.,synthetic_osint,P014,PENDING
OSINT-00371,OSINT,Synthetic public mention referencing an individual in context of financial discussion.,synthetic_osint,P022,PENDING
OSINT-00372,OSINT,Synthetic public mention referencing an individual in context of travel.,synthetic_osint,P075,PENDING
OSINT-00373,OSINT,Synthetic public mention referencing an individual in context of community event.,synthetic_osint,P014,PENDING
OSINT-00374,OSINT,Synthetic public post discussing vehicle sale; references a meeting or activity.,synthetic_osint,P096,PENDING
OSINT-00375,OSINT,Synthetic public event listing connected to business meeting.,synthetic_osint,P076,PENDING
OSINT-00376,OSINT,Synthetic public post discussing festival gathering; references a meeting or activity.,synthetic_osint,P028,PENDING
OSINT-00377,OSINT,Synthetic public event listing connected to technology event.,synthetic_osint,P093,PENDING
OSINT-00378,OSINT,Synthetic public mention referencing an individual in context of financial discussion.,synthetic_osint,P085,PENDING
OSINT-00379,OSINT,Synthetic public event listing connected to financial discussion.,synthetic_osint,P004,PENDING
OSINT-00380,OSINT,Synthetic public mention referencing an individual in context of community event.,synthetic_osint,P090,PENDING
OSINT-00381,OSINT,Synthetic public post discussing financial discussion; references a meeting or activity.,synthetic_osint,P099,PENDING
OSINT-00382,OSINT,Synthetic public event listing connected to political event.,synthetic_osint,P030,PENDING
OSINT-00383,OSINT,Synthetic public comment related to community event.,synthetic_osint,P086,PENDING
OSINT-00384,OSINT,Synthetic public event listing connected to political event.,synthetic_osint,P035,PENDING
OSINT-00385,OSINT,Synthetic public post discussing community event; references a meeting or activity.,synthetic_osint,P040,PENDING
OSINT-00386,OSINT,Synthetic public comment related to business meeting.,synthetic_osint,P086,PENDING
OSINT-00387,OSINT,Synthetic public comment related to vehicle sale.,synthetic_osint,P084,PENDING
OSINT-00388,OSINT,Synthetic public comment related to financial discussion.,synthetic_osint,P067,PENDING
OSINT-00389,OSINT,Synthetic public comment related to political event.,synthetic_osint,P041,PENDING
OSINT-00390,OSINT,Synthetic public event listing connected to travel.,synthetic_osint,P073,PENDING
OSINT-00391,OSINT,Synthetic public comment related to sports gathering.,synthetic_osint,P028,PENDING
OSINT-00392,OSINT,Synthetic public comment related to travel.,synthetic_osint,P097,PENDING
OSINT-00393,OSINT,Synthetic public event listing connected to financial discussion.,synthetic_osint,P056,PENDING
OSINT-00394,OSINT,Synthetic public mention referencing an individual in context of community event.,synthetic_osint,P049,PENDING
OSINT-00395,OSINT,Synthetic public post discussing technology event; references a meeting or activity.,synthetic_osint,P052,PENDING
OSINT-00396,OSINT,Synthetic public comment related to travel.,synthetic_osint,P073,PENDING
OSINT-00397,OSINT,Synthetic public mention referencing an individual in context of financial discussion.,synthetic_osint,P046,PENDING
OSINT-00398,OSINT,Synthetic public comment related to festival gathering.,synthetic_osint,P029,PENDING
OSINT-00399,OSINT,Synthetic public post discussing community event; references a meeting or activity.,synthetic_osint,P023,PENDING
OSINT-00400,OSINT,Synthetic public post discussing travel; references a meeting or activity.,synthetic_osint,P012,PENDING
OSINT-00401,OSINT,Synthetic public event listing connected to job opportunity.,synthetic_osint,P026,PENDING
OSINT-00402,OSINT,Synthetic public comment related to technology event.,synthetic_osint,P078,PENDING
OSINT-00403,OSINT,Synthetic public event listing connected to vehicle sale.,synthetic_osint,P007,PENDING
OSINT-00404,OSINT,Synthetic public comment related to job opportunity.,synthetic_osint,P031,PENDING
OSINT-00405,OSINT,Synthetic public comment related to sports gathering.,synthetic_osint,P063,PENDING
OSINT-00406,OSINT,Synthetic public post discussing technology event; references a meeting or activity.,synthetic_osint,P080,PENDING
OSINT-00407,OSINT,Synthetic public post discussing travel; references a meeting or activity.,synthetic_osint,P043,PENDING
OSINT-00408,OSINT,Synthetic public comment related to technology event.,synthetic_osint,P037,PENDING
OSINT-00409,OSINT,Synthetic public mention referencing an individual in context of business meeting.,synthetic_osint,P091,PENDING
OSINT-00410,OSINT,Synthetic public comment related to festival gathering.,synthetic_osint,P026,PENDING
OSINT-00411,OSINT,Synthetic public mention referencing an individual in context of sports gathering.,synthetic_osint,P099,PENDING
OSINT-00412,OSINT,Synthetic public event listing connected to travel.,synthetic_osint,P101,PENDING
OSINT-00413,OSINT,Synthetic public mention referencing an individual in context of vehicle sale.,synthetic_osint,P043,PENDING
OSINT-00414,OSINT,Synthetic public comment related to community event.,synthetic_osint,P008,PENDING
OSINT-00415,OSINT,Synthetic public mention referencing an individual in context of travel.,synthetic_osint,P037,PENDING
OSINT-00416,OSINT,Synthetic public mention referencing an individual in context of festival gathering.,synthetic_osint,P036,PENDING
OSINT-00417,OSINT,Synthetic public post discussing sports gathering; references a meeting or activity.,synthetic_osint,P004,PENDING
OSINT-00418,OSINT,Synthetic public post discussing vehicle sale; references a meeting or activity.,synthetic_osint,P012,PENDING
OSINT-00419,OSINT,Synthetic public post discussing financial discussion; references a meeting or activity.,synthetic_osint,P025,PENDING
OSINT-00420,OSINT,Synthetic public event listing connected to vehicle sale.,synthetic_osint,P025,PENDING
OSINT-00421,OSINT,Synthetic public event listing connected to financial discussion.,synthetic_osint,P082,PENDING
OSINT-00422,OSINT,Synthetic public post discussing business meeting; references a meeting or activity.,synthetic_osint,P022,PENDING
OSINT-00423,OSINT,Synthetic public comment related to political event.,synthetic_osint,P052,PENDING
OSINT-00424,OSINT,Synthetic public comment related to political event.,synthetic_osint,P005,PENDING
OSINT-00425,OSINT,Synthetic public mention referencing an individual in context of community event.,synthetic_osint,P064,PENDING
OSINT-00426,OSINT,Synthetic public post discussing vehicle sale; references a meeting or activity.,synthetic_osint,P006,PENDING
OSINT-00427,OSINT,Synthetic public mention referencing an individual in context of political event.,synthetic_osint,P026,PENDING
OSINT-00428,OSINT,Synthetic public event listing connected to business meeting.,synthetic_osint,P048,PENDING
OSINT-00429,OSINT,Synthetic public mention referencing an individual in context of financial discussion.,synthetic_osint,P044,PENDING
OSINT-00430,OSINT,Synthetic public mention referencing an individual in context of vehicle sale.,synthetic_osint,P095,PENDING
OSINT-00431,OSINT,Synthetic public event listing connected to financial discussion.,synthetic_osint,P068,PENDING
OSINT-00432,OSINT,Synthetic public mention referencing an individual in context of financial discussion.,synthetic_osint,P067,PENDING
OSINT-00433,OSINT,Synthetic public event listing connected to travel.,synthetic_osint,P104,PENDING
OSINT-00434,OSINT,Synthetic public post discussing sports gathering; references a meeting or activity.,synthetic_osint,P044,PENDING
OSINT-00435,OSINT,Synthetic public comment related to business meeting.,synthetic_osint,P096,PENDING
OSINT-00436,OSINT,Synthetic public event listing connected to community event.,synthetic_osint,P058,PENDING
OSINT-00437,OSINT,Synthetic public comment related to political event.,synthetic_osint,P041,PENDING
OSINT-00438,OSINT,Synthetic public comment related to business meeting.,synthetic_osint,P089,PENDING
OSINT-00439,OSINT,Synthetic public event listing connected to job opportunity.,synthetic_osint,P081,PENDING
OSINT-00440,OSINT,Synthetic public mention referencing an individual in context of festival gathering.,synthetic_osint,P012,PENDING
OSINT-00441,OSINT,Synthetic public event listing connected to technology event.,synthetic_osint,P030,PENDING
OSINT-00442,OSINT,Synthetic public event listing connected to business meeting.,synthetic_osint,P033,PENDING
OSINT-00443,OSINT,Synthetic public post discussing festival gathering; references a meeting or activity.,synthetic_osint,P016,PENDING
OSINT-00444,OSINT,Synthetic public mention referencing an individual in context of travel.,synthetic_osint,P056,PENDING
OSINT-00445,OSINT,Synthetic public comment related to business meeting.,synthetic_osint,P105,PENDING
OSINT-00446,OSINT,Synthetic public event listing connected to sports gathering.,synthetic_osint,P055,PENDING
OSINT-00447,OSINT,Synthetic public event listing connected to job opportunity.,synthetic_osint,P040,PENDING
OSINT-00448,OSINT,Synthetic public event listing connected to sports gathering.,synthetic_osint,P088,PENDING
OSINT-00449,OSINT,Synthetic public post discussing business meeting; references a meeting or activity.,synthetic_osint,P082,PENDING
OSINT-00450,OSINT,Synthetic public mention referencing an individual in context of sports gathering.,synthetic_osint,P109,PENDING
OSINT-00451,OSINT,Synthetic public comment related to community event.,synthetic_osint,P042,PENDING
OSINT-00452,OSINT,Synthetic public event listing connected to sports gathering.,synthetic_osint,P065,PENDING
OSINT-00453,OSINT,Synthetic public event listing connected to travel.,synthetic_osint,P095,PENDING
OSINT-00454,OSINT,Synthetic public event listing connected to vehicle sale.,synthetic_osint,P061,PENDING
OSINT-00455,OSINT,Synthetic public event listing connected to travel.,synthetic_osint,P023,PENDING
OSINT-00456,OSINT,Synthetic public post discussing vehicle sale; references a meeting or activity.,synthetic_osint,P103,PENDING
OSINT-00457,OSINT,Synthetic public event listing connected to job opportunity.,synthetic_osint,P084,PENDING
OSINT-00458,OSINT,Synthetic public comment related to job opportunity.,synthetic_osint,P101,PENDING
OSINT-00459,OSINT,Synthetic public comment related to festival gathering.,synthetic_osint,P061,PENDING
OSINT-00460,OSINT,Synthetic public comment related to travel.,synthetic_osint,P009,PENDING
OSINT-00461,OSINT,Synthetic public post discussing vehicle sale; references a meeting or activity.,synthetic_osint,P108,PENDING
OSINT-00462,OSINT,Synthetic public post discussing festival gathering; references a meeting or activity.,synthetic_osint,P036,PENDING
OSINT-00463,OSINT,Synthetic public event listing connected to business meeting.,synthetic_osint,P046,PENDING
OSINT-00464,OSINT,Synthetic public mention referencing an individual in context of sports gathering.,synthetic_osint,P076,PENDING
OSINT-00465,OSINT,Synthetic public post discussing job opportunity; references a meeting or activity.,synthetic_osint,P095,PENDING
OSINT-00466,OSINT,Synthetic public comment related to travel.,synthetic_osint,P055,PENDING
OSINT-00467,OSINT,Synthetic public mention referencing an individual in context of sports gathering.,synthetic_osint,P076,PENDING
OSINT-00468,OSINT,Synthetic public post discussing festival gathering; references a meeting or activity.,synthetic_osint,P032,PENDING
OSINT-00469,OSINT,Synthetic public event listing connected to festival gathering.,synthetic_osint,P079,PENDING
OSINT-00470,OSINT,Synthetic public post discussing sports gathering; references a meeting or activity.,synthetic_osint,P005,PENDING
OSINT-00471,OSINT,Synthetic public event listing connected to vehicle sale.,synthetic_osint,P106,PENDING
OSINT-00472,OSINT,Synthetic public mention referencing an individual in context of political event.,synthetic_osint,P001,PENDING
OSINT-00473,OSINT,Synthetic public post discussing vehicle sale; references a meeting or activity.,synthetic_osint,P100,PENDING
OSINT-00474,OSINT,Synthetic public event listing connected to job opportunity.,synthetic_osint,P042,PENDING
OSINT-00475,OSINT,Synthetic public comment related to vehicle sale.,synthetic_osint,P102,PENDING
OSINT-00476,OSINT,Synthetic public comment related to business meeting.,synthetic_osint,P074,PENDING
OSINT-00477,OSINT,Synthetic public comment related to sports gathering.,synthetic_osint,P084,PENDING
OSINT-00478,OSINT,Synthetic public mention referencing an individual in context of financial discussion.,synthetic_osint,P096,PENDING
OSINT-00479,OSINT,Synthetic public post discussing community event; references a meeting or activity.,synthetic_osint,P016,PENDING
OSINT-00480,OSINT,Synthetic public post discussing political event; references a meeting or activity.,synthetic_osint,P046,PENDING
OSINT-00481,OSINT,Synthetic public event listing connected to vehicle sale.,synthetic_osint,P073,PENDING
OSINT-00482,OSINT,Synthetic public post discussing festival gathering; references a meeting or activity.,synthetic_osint,P055,PENDING
OSINT-00483,OSINT,Synthetic public mention referencing an individual in context of vehicle sale.,synthetic_osint,P103,PENDING
OSINT-00484,OSINT,Synthetic public post discussing financial discussion; references a meeting or activity.,synthetic_osint,P084,PENDING
OSINT-00485,OSINT,Synthetic public event listing connected to festival gathering.,synthetic_osint,P092,PENDING
OSINT-00486,OSINT,Synthetic public post discussing job opportunity; references a meeting or activity.,synthetic_osint,P002,PENDING
OSINT-00487,OSINT,Synthetic public post discussing travel; references a meeting or activity.,synthetic_osint,P011,PENDING
OSINT-00488,OSINT,Synthetic public post discussing community event; references a meeting or activity.,synthetic_osint,P073,PENDING
OSINT-00489,OSINT,Synthetic public event listing connected to sports gathering.,synthetic_osint,P008,PENDING
OSINT-00490,OSINT,Synthetic public comment related to political event.,synthetic_osint,P072,PENDING
OSINT-00491,OSINT,Synthetic public event listing connected to festival gathering.,synthetic_osint,P040,PENDING
OSINT-00492,OSINT,Synthetic public event listing connected to sports gathering.,synthetic_osint,P072,PENDING
OSINT-00493,OSINT,Synthetic public post discussing job opportunity; references a meeting or activity.,synthetic_osint,P085,PENDING
OSINT-00494,OSINT,Synthetic public comment related to community event.,synthetic_osint,P103,PENDING
OSINT-00495,OSINT,Synthetic public event listing connected to sports gathering.,synthetic_osint,P099,PENDING
OSINT-00496,OSINT,Synthetic public comment related to travel.,synthetic_osint,P078,PENDING
OSINT-00497,OSINT,Synthetic public comment related to festival gathering.,synthetic_osint,P078,PENDING
OSINT-00498,OSINT,Synthetic public post discussing community event; references a meeting or activity.,synthetic_osint,P099,PENDING
OSINT-00499,OSINT,Synthetic public event listing connected to travel.,synthetic_osint,P087,PENDING
OSINT-00500,OSINT,Synthetic public event listing connected to business meeting.,synthetic_osint,P031,PENDING
INT-00001,INTELLIGENCE,Synthetic intelligence note concerning movement associated with the subject.,synthetic_intelligence,P032,PENDING
INT-00002,INTELLIGENCE,Synthetic intelligence note concerning communication associated with the subject.,synthetic_intelligence,P006,PENDING
INT-00003,INTELLIGENCE,Synthetic intelligence note concerning movement associated with the subject.,synthetic_intelligence,P058,PENDING
INT-00004,INTELLIGENCE,Synthetic intelligence note concerning communication associated with the subject.,synthetic_intelligence,P070,PENDING
INT-00005,INTELLIGENCE,Synthetic intelligence note concerning communication associated with the subject.,synthetic_intelligence,P103,PENDING
INT-00006,INTELLIGENCE,Synthetic intelligence note concerning association associated with the subject.,synthetic_intelligence,P043,PENDING
INT-00007,INTELLIGENCE,Synthetic intelligence note concerning movement associated with the subject.,synthetic_intelligence,P108,PENDING
INT-00008,INTELLIGENCE,Synthetic intelligence note concerning vehicle activity associated with the subject.,synthetic_intelligence,P093,PENDING
INT-00009,INTELLIGENCE,Synthetic intelligence note concerning vehicle activity associated with the subject.,synthetic_intelligence,P070,PENDING
INT-00010,INTELLIGENCE,Synthetic intelligence note concerning meeting associated with the subject.,synthetic_intelligence,P011,PENDING
INT-00011,INTELLIGENCE,Synthetic intelligence note concerning financial activity associated with the subject.,synthetic_intelligence,P083,PENDING
INT-00012,INTELLIGENCE,Synthetic intelligence note concerning association associated with the subject.,synthetic_intelligence,P062,PENDING
INT-00013,INTELLIGENCE,Synthetic intelligence note concerning financial activity associated with the subject.,synthetic_intelligence,P097,PENDING
INT-00014,INTELLIGENCE,Synthetic intelligence note concerning association associated with the subject.,synthetic_intelligence,P062,PENDING
INT-00015,INTELLIGENCE,Synthetic intelligence note concerning financial activity associated with the subject.,synthetic_intelligence,P082,PENDING
INT-00016,INTELLIGENCE,Synthetic intelligence note concerning association associated with the subject.,synthetic_intelligence,P009,PENDING
INT-00017,INTELLIGENCE,Synthetic intelligence note concerning vehicle activity associated with the subject.,synthetic_intelligence,P019,PENDING
INT-00018,INTELLIGENCE,Synthetic intelligence note concerning financial activity associated with the subject.,synthetic_intelligence,P042,PENDING
INT-00019,INTELLIGENCE,Synthetic intelligence note concerning movement associated with the subject.,synthetic_intelligence,P023,PENDING
INT-00020,INTELLIGENCE,Synthetic intelligence note concerning movement associated with the subject.,synthetic_intelligence,P105,PENDING
INT-00021,INTELLIGENCE,Synthetic intelligence note concerning communication associated with the subject.,synthetic_intelligence,P011,PENDING
INT-00022,INTELLIGENCE,Synthetic intelligence note concerning association associated with the subject.,synthetic_intelligence,P103,PENDING
INT-00023,INTELLIGENCE,Synthetic intelligence note concerning movement associated with the subject.,synthetic_intelligence,P104,PENDING
INT-00024,INTELLIGENCE,Synthetic intelligence note concerning meeting associated with the subject.,synthetic_intelligence,P011,PENDING
INT-00025,INTELLIGENCE,Synthetic intelligence note concerning vehicle activity associated with the subject.,synthetic_intelligence,P082,PENDING
INT-00026,INTELLIGENCE,Synthetic intelligence note concerning association associated with the subject.,synthetic_intelligence,P033,PENDING
INT-00027,INTELLIGENCE,Synthetic intelligence note concerning communication associated with the subject.,synthetic_intelligence,P075,PENDING
INT-00028,INTELLIGENCE,Synthetic intelligence note concerning movement associated with the subject.,synthetic_intelligence,P006,PENDING
INT-00029,INTELLIGENCE,Synthetic intelligence note concerning communication associated with the subject.,synthetic_intelligence,P097,PENDING
INT-00030,INTELLIGENCE,Synthetic intelligence note concerning association associated with the subject.,synthetic_intelligence,P104,PENDING
INT-00031,INTELLIGENCE,Synthetic intelligence note concerning communication associated with the subject.,synthetic_intelligence,P035,PENDING
INT-00032,INTELLIGENCE,Synthetic intelligence note concerning association associated with the subject.,synthetic_intelligence,P041,PENDING
INT-00033,INTELLIGENCE,Synthetic intelligence note concerning vehicle activity associated with the subject.,synthetic_intelligence,P015,PENDING
INT-00034,INTELLIGENCE,Synthetic intelligence note concerning association associated with the subject.,synthetic_intelligence,P026,PENDING
INT-00035,INTELLIGENCE,Synthetic intelligence note concerning meeting associated with the subject.,synthetic_intelligence,P008,PENDING
INT-00036,INTELLIGENCE,Synthetic intelligence note concerning movement associated with the subject.,synthetic_intelligence,P047,PENDING
INT-00037,INTELLIGENCE,Synthetic intelligence note concerning communication associated with the subject.,synthetic_intelligence,P098,PENDING
INT-00038,INTELLIGENCE,Synthetic intelligence note concerning communication associated with the subject.,synthetic_intelligence,P022,PENDING
INT-00039,INTELLIGENCE,Synthetic intelligence note concerning communication associated with the subject.,synthetic_intelligence,P076,PENDING
INT-00040,INTELLIGENCE,Synthetic intelligence note concerning vehicle activity associated with the subject.,synthetic_intelligence,P041,PENDING
INT-00041,INTELLIGENCE,Synthetic intelligence note concerning communication associated with the subject.,synthetic_intelligence,P108,PENDING
INT-00042,INTELLIGENCE,Synthetic intelligence note concerning vehicle activity associated with the subject.,synthetic_intelligence,P020,PENDING
INT-00043,INTELLIGENCE,Synthetic intelligence note concerning meeting associated with the subject.,synthetic_intelligence,P007,PENDING
INT-00044,INTELLIGENCE,Synthetic intelligence note concerning movement associated with the subject.,synthetic_intelligence,P105,PENDING
INT-00045,INTELLIGENCE,Synthetic intelligence note concerning financial activity associated with the subject.,synthetic_intelligence,P039,PENDING
INT-00046,INTELLIGENCE,Synthetic intelligence note concerning association associated with the subject.,synthetic_intelligence,P079,PENDING
INT-00047,INTELLIGENCE,Synthetic intelligence note concerning meeting associated with the subject.,synthetic_intelligence,P049,PENDING
INT-00048,INTELLIGENCE,Synthetic intelligence note concerning movement associated with the subject.,synthetic_intelligence,P008,PENDING
INT-00049,INTELLIGENCE,Synthetic intelligence note concerning movement associated with the subject.,synthetic_intelligence,P014,PENDING
INT-00050,INTELLIGENCE,Synthetic intelligence note concerning communication associated with the subject.,synthetic_intelligence,P026,PENDING
INT-00051,INTELLIGENCE,Synthetic intelligence note concerning communication associated with the subject.,synthetic_intelligence,P038,PENDING
INT-00052,INTELLIGENCE,Synthetic intelligence note concerning association associated with the subject.,synthetic_intelligence,P108,PENDING
INT-00053,INTELLIGENCE,Synthetic intelligence note concerning association associated with the subject.,synthetic_intelligence,P004,PENDING
INT-00054,INTELLIGENCE,Synthetic intelligence note concerning communication associated with the subject.,synthetic_intelligence,P098,PENDING
INT-00055,INTELLIGENCE,Synthetic intelligence note concerning communication associated with the subject.,synthetic_intelligence,P029,PENDING
INT-00056,INTELLIGENCE,Synthetic intelligence note concerning communication associated with the subject.,synthetic_intelligence,P099,PENDING
INT-00057,INTELLIGENCE,Synthetic intelligence note concerning communication associated with the subject.,synthetic_intelligence,P095,PENDING
INT-00058,INTELLIGENCE,Synthetic intelligence note concerning financial activity associated with the subject.,synthetic_intelligence,P030,PENDING
INT-00059,INTELLIGENCE,Synthetic intelligence note concerning financial activity associated with the subject.,synthetic_intelligence,P036,PENDING
INT-00060,INTELLIGENCE,Synthetic intelligence note concerning movement associated with the subject.,synthetic_intelligence,P030,PENDING
INT-00061,INTELLIGENCE,Synthetic intelligence note concerning vehicle activity associated with the subject.,synthetic_intelligence,P018,PENDING
INT-00062,INTELLIGENCE,Synthetic intelligence note concerning association associated with the subject.,synthetic_intelligence,P014,PENDING
INT-00063,INTELLIGENCE,Synthetic intelligence note concerning communication associated with the subject.,synthetic_intelligence,P107,PENDING
INT-00064,INTELLIGENCE,Synthetic intelligence note concerning movement associated with the subject.,synthetic_intelligence,P063,PENDING
INT-00065,INTELLIGENCE,Synthetic intelligence note concerning communication associated with the subject.,synthetic_intelligence,P038,PENDING
INT-00066,INTELLIGENCE,Synthetic intelligence note concerning association associated with the subject.,synthetic_intelligence,P036,PENDING
INT-00067,INTELLIGENCE,Synthetic intelligence note concerning communication associated with the subject.,synthetic_intelligence,P103,PENDING
INT-00068,INTELLIGENCE,Synthetic intelligence note concerning movement associated with the subject.,synthetic_intelligence,P050,PENDING
INT-00069,INTELLIGENCE,Synthetic intelligence note concerning financial activity associated with the subject.,synthetic_intelligence,P094,PENDING
INT-00070,INTELLIGENCE,Synthetic intelligence note concerning meeting associated with the subject.,synthetic_intelligence,P090,PENDING
INT-00071,INTELLIGENCE,Synthetic intelligence note concerning vehicle activity associated with the subject.,synthetic_intelligence,P078,PENDING
INT-00072,INTELLIGENCE,Synthetic intelligence note concerning association associated with the subject.,synthetic_intelligence,P044,PENDING
INT-00073,INTELLIGENCE,Synthetic intelligence note concerning financial activity associated with the subject.,synthetic_intelligence,P077,PENDING
INT-00074,INTELLIGENCE,Synthetic intelligence note concerning meeting associated with the subject.,synthetic_intelligence,P026,PENDING
INT-00075,INTELLIGENCE,Synthetic intelligence note concerning communication associated with the subject.,synthetic_intelligence,P074,PENDING
INT-00076,INTELLIGENCE,Synthetic intelligence note concerning meeting associated with the subject.,synthetic_intelligence,P022,PENDING
INT-00077,INTELLIGENCE,Synthetic intelligence note concerning association associated with the subject.,synthetic_intelligence,P018,PENDING
INT-00078,INTELLIGENCE,Synthetic intelligence note concerning meeting associated with the subject.,synthetic_intelligence,P084,PENDING
INT-00079,INTELLIGENCE,Synthetic intelligence note concerning vehicle activity associated with the subject.,synthetic_intelligence,P050,PENDING
INT-00080,INTELLIGENCE,Synthetic intelligence note concerning communication associated with the subject.,synthetic_intelligence,P092,PENDING
INT-00081,INTELLIGENCE,Synthetic intelligence note concerning communication associated with the subject.,synthetic_intelligence,P033,PENDING
INT-00082,INTELLIGENCE,Synthetic intelligence note concerning movement associated with the subject.,synthetic_intelligence,P100,PENDING
INT-00083,INTELLIGENCE,Synthetic intelligence note concerning financial activity associated with the subject.,synthetic_intelligence,P102,PENDING
INT-00084,INTELLIGENCE,Synthetic intelligence note concerning movement associated with the subject.,synthetic_intelligence,P008,PENDING
INT-00085,INTELLIGENCE,Synthetic intelligence note concerning meeting associated with the subject.,synthetic_intelligence,P001,PENDING
INT-00086,INTELLIGENCE,Synthetic intelligence note concerning communication associated with the subject.,synthetic_intelligence,P089,PENDING
INT-00087,INTELLIGENCE,Synthetic intelligence note concerning communication associated with the subject.,synthetic_intelligence,P105,PENDING
INT-00088,INTELLIGENCE,Synthetic intelligence note concerning meeting associated with the subject.,synthetic_intelligence,P051,PENDING
INT-00089,INTELLIGENCE,Synthetic intelligence note concerning vehicle activity associated with the subject.,synthetic_intelligence,P075,PENDING
INT-00090,INTELLIGENCE,Synthetic intelligence note concerning financial activity associated with the subject.,synthetic_intelligence,P041,PENDING
INT-00091,INTELLIGENCE,Synthetic intelligence note concerning association associated with the subject.,synthetic_intelligence,P038,PENDING
INT-00092,INTELLIGENCE,Synthetic intelligence note concerning movement associated with the subject.,synthetic_intelligence,P050,PENDING
INT-00093,INTELLIGENCE,Synthetic intelligence note concerning association associated with the subject.,synthetic_intelligence,P098,PENDING
INT-00094,INTELLIGENCE,Synthetic intelligence note concerning vehicle activity associated with the subject.,synthetic_intelligence,P081,PENDING
INT-00095,INTELLIGENCE,Synthetic intelligence note concerning association associated with the subject.,synthetic_intelligence,P017,PENDING
INT-00096,INTELLIGENCE,Synthetic intelligence note concerning meeting associated with the subject.,synthetic_intelligence,P027,PENDING
INT-00097,INTELLIGENCE,Synthetic intelligence note concerning meeting associated with the subject.,synthetic_intelligence,P059,PENDING
INT-00098,INTELLIGENCE,Synthetic intelligence note concerning vehicle activity associated with the subject.,synthetic_intelligence,P012,PENDING
INT-00099,INTELLIGENCE,Synthetic intelligence note concerning financial activity associated with the subject.,synthetic_intelligence,P108,PENDING
INT-00100,INTELLIGENCE,Synthetic intelligence note concerning communication associated with the subject.,synthetic_intelligence,P083,PENDING
INT-00101,INTELLIGENCE,Synthetic intelligence note concerning financial activity associated with the subject.,synthetic_intelligence,P085,PENDING
INT-00102,INTELLIGENCE,Synthetic intelligence note concerning communication associated with the subject.,synthetic_intelligence,P008,PENDING
INT-00103,INTELLIGENCE,Synthetic intelligence note concerning meeting associated with the subject.,synthetic_intelligence,P044,PENDING
INT-00104,INTELLIGENCE,Synthetic intelligence note concerning movement associated with the subject.,synthetic_intelligence,P006,PENDING
INT-00105,INTELLIGENCE,Synthetic intelligence note concerning meeting associated with the subject.,synthetic_intelligence,P030,PENDING
INT-00106,INTELLIGENCE,Synthetic intelligence note concerning financial activity associated with the subject.,synthetic_intelligence,P061,PENDING
INT-00107,INTELLIGENCE,Synthetic intelligence note concerning communication associated with the subject.,synthetic_intelligence,P048,PENDING
INT-00108,INTELLIGENCE,Synthetic intelligence note concerning communication associated with the subject.,synthetic_intelligence,P029,PENDING
INT-00109,INTELLIGENCE,Synthetic intelligence note concerning financial activity associated with the subject.,synthetic_intelligence,P003,PENDING
INT-00110,INTELLIGENCE,Synthetic intelligence note concerning movement associated with the subject.,synthetic_intelligence,P032,PENDING
INT-00111,INTELLIGENCE,Synthetic intelligence note concerning financial activity associated with the subject.,synthetic_intelligence,P025,PENDING
INT-00112,INTELLIGENCE,Synthetic intelligence note concerning financial activity associated with the subject.,synthetic_intelligence,P101,PENDING
INT-00113,INTELLIGENCE,Synthetic intelligence note concerning association associated with the subject.,synthetic_intelligence,P098,PENDING
INT-00114,INTELLIGENCE,Synthetic intelligence note concerning meeting associated with the subject.,synthetic_intelligence,P100,PENDING
INT-00115,INTELLIGENCE,Synthetic intelligence note concerning movement associated with the subject.,synthetic_intelligence,P076,PENDING
INT-00116,INTELLIGENCE,Synthetic intelligence note concerning meeting associated with the subject.,synthetic_intelligence,P072,PENDING
INT-00117,INTELLIGENCE,Synthetic intelligence note concerning association associated with the subject.,synthetic_intelligence,P020,PENDING
INT-00118,INTELLIGENCE,Synthetic intelligence note concerning meeting associated with the subject.,synthetic_intelligence,P085,PENDING
INT-00119,INTELLIGENCE,Synthetic intelligence note concerning meeting associated with the subject.,synthetic_intelligence,P055,PENDING
INT-00120,INTELLIGENCE,Synthetic intelligence note concerning meeting associated with the subject.,synthetic_intelligence,P104,PENDING
INT-00121,INTELLIGENCE,Synthetic intelligence note concerning association associated with the subject.,synthetic_intelligence,P040,PENDING
INT-00122,INTELLIGENCE,Synthetic intelligence note concerning association associated with the subject.,synthetic_intelligence,P070,PENDING
INT-00123,INTELLIGENCE,Synthetic intelligence note concerning movement associated with the subject.,synthetic_intelligence,P032,PENDING
INT-00124,INTELLIGENCE,Synthetic intelligence note concerning association associated with the subject.,synthetic_intelligence,P099,PENDING
INT-00125,INTELLIGENCE,Synthetic intelligence note concerning association associated with the subject.,synthetic_intelligence,P096,PENDING
INT-00126,INTELLIGENCE,Synthetic intelligence note concerning vehicle activity associated with the subject.,synthetic_intelligence,P063,PENDING
INT-00127,INTELLIGENCE,Synthetic intelligence note concerning financial activity associated with the subject.,synthetic_intelligence,P031,PENDING
INT-00128,INTELLIGENCE,Synthetic intelligence note concerning movement associated with the subject.,synthetic_intelligence,P005,PENDING
INT-00129,INTELLIGENCE,Synthetic intelligence note concerning financial activity associated with the subject.,synthetic_intelligence,P017,PENDING
INT-00130,INTELLIGENCE,Synthetic intelligence note concerning vehicle activity associated with the subject.,synthetic_intelligence,P091,PENDING
INT-00131,INTELLIGENCE,Synthetic intelligence note concerning financial activity associated with the subject.,synthetic_intelligence,P025,PENDING
INT-00132,INTELLIGENCE,Synthetic intelligence note concerning meeting associated with the subject.,synthetic_intelligence,P109,PENDING
INT-00133,INTELLIGENCE,Synthetic intelligence note concerning association associated with the subject.,synthetic_intelligence,P091,PENDING
INT-00134,INTELLIGENCE,Synthetic intelligence note concerning movement associated with the subject.,synthetic_intelligence,P070,PENDING
INT-00135,INTELLIGENCE,Synthetic intelligence note concerning vehicle activity associated with the subject.,synthetic_intelligence,P050,PENDING
INT-00136,INTELLIGENCE,Synthetic intelligence note concerning financial activity associated with the subject.,synthetic_intelligence,P026,PENDING
INT-00137,INTELLIGENCE,Synthetic intelligence note concerning vehicle activity associated with the subject.,synthetic_intelligence,P053,PENDING
INT-00138,INTELLIGENCE,Synthetic intelligence note concerning communication associated with the subject.,synthetic_intelligence,P085,PENDING
INT-00139,INTELLIGENCE,Synthetic intelligence note concerning financial activity associated with the subject.,synthetic_intelligence,P045,PENDING
INT-00140,INTELLIGENCE,Synthetic intelligence note concerning meeting associated with the subject.,synthetic_intelligence,P081,PENDING
INT-00141,INTELLIGENCE,Synthetic intelligence note concerning communication associated with the subject.,synthetic_intelligence,P051,PENDING
INT-00142,INTELLIGENCE,Synthetic intelligence note concerning communication associated with the subject.,synthetic_intelligence,P041,PENDING
INT-00143,INTELLIGENCE,Synthetic intelligence note concerning meeting associated with the subject.,synthetic_intelligence,P017,PENDING
INT-00144,INTELLIGENCE,Synthetic intelligence note concerning association associated with the subject.,synthetic_intelligence,P070,PENDING
INT-00145,INTELLIGENCE,Synthetic intelligence note concerning meeting associated with the subject.,synthetic_intelligence,P049,PENDING
INT-00146,INTELLIGENCE,Synthetic intelligence note concerning communication associated with the subject.,synthetic_intelligence,P088,PENDING
INT-00147,INTELLIGENCE,Synthetic intelligence note concerning movement associated with the subject.,synthetic_intelligence,P064,PENDING
INT-00148,INTELLIGENCE,Synthetic intelligence note concerning movement associated with the subject.,synthetic_intelligence,P066,PENDING
INT-00149,INTELLIGENCE,Synthetic intelligence note concerning association associated with the subject.,synthetic_intelligence,P052,PENDING
INT-00150,INTELLIGENCE,Synthetic intelligence note concerning meeting associated with the subject.,synthetic_intelligence,P053,PENDING
